Keyword,Volume,Pos,Article,URL,Domain,Authority,Prospect score,Geo,Type,Added,Lane
romantic resorts in north carolina,1900,1,5 romantic inns in western nc for a lovers weekend getaway,https://imfixintoblog.com/5-romantic-inns-in-western-nc-for-a-lovers-weekend-getaway/,imfixintoblog.com,36,83.5,North Carolina,Travel blog,2026-09-11,Paid outreach
romantic places to stay in Asheville,,1,romantic places to stay,https://www.romanticasheville.com/romantic-places-to-stay,romanticasheville.com,47,83.5,National,Travel blog,2026-09-11,Needs review
romantic getaways in north carolina,1900,4,5 romantic inns in western nc for a lovers weekend getaway,https://imfixintoblog.com/5-romantic-inns-in-western-nc-for-a-lovers-weekend-getaway/,imfixintoblog.com,36,83.5,North Carolina,Travel blog,2026-09-11,Paid outreach
couples getaways in north carolina,480,5,5 romantic inns in western nc for a lovers weekend getaway,https://imfixintoblog.com/5-romantic-inns-in-western-nc-for-a-lovers-weekend-getaway/,imfixintoblog.com,36,83.5,North Carolina,Travel blog,2026-09-11,Paid outreach
romantic resorts in north carolina,1900,11,romantic places to stay,https://www.romanticasheville.com/romantic-places-to-stay,romanticasheville.com,47,83.5,North Carolina,Travel blog,2026-09-11,Needs review
romantic getaways in north carolina,1900,12,romantic places to stay,https://www.romanticasheville.com/romantic-places-to-stay,romanticasheville.com,47,83.5,North Carolina,Travel blog,2026-09-11,Needs review
couples getaways in north carolina,480,13,romantic places to stay,https://www.romanticasheville.com/romantic-places-to-stay,romanticasheville.com,47,83.5,North Carolina,Travel blog,2026-09-11,Needs review
romantic places to stay in Asheville,,14,5 romantic inns in western nc for a lovers weekend getaway,https://imfixintoblog.com/5-romantic-inns-in-western-nc-for-a-lovers-weekend-getaway/,imfixintoblog.com,36,83.5,National,Travel blog,2026-09-11,Paid outreach
romantic getaways in georgia,2400,1,romantic getaway from atlanta,https://www.mainstreetbackroads.com/post/romantic-getaway-from-atlanta,mainstreetbackroads.com,13,83.3,Georgia,Travel blog,2026-09-11,Needs review
weekend getaways in georgia,1000,3,romantic getaway from atlanta,https://www.mainstreetbackroads.com/post/romantic-getaway-from-atlanta,mainstreetbackroads.com,13,83.3,Georgia,Travel blog,2026-09-11,Needs review
romantic resorts in georgia,2400,13,romantic getaway from atlanta,https://www.mainstreetbackroads.com/post/romantic-getaway-from-atlanta,mainstreetbackroads.com,13,83.3,Georgia,Travel blog,2026-09-11,Needs review
romantic getaways near Los Angeles,,1,getaways from los angeles,https://www.livelikeitstheweekend.com/getaways-from-los-angeles/,livelikeitstheweekend.com,49,83.0,National,Travel blog,2026-09-11,Paid outreach
weekend getaways in california,2400,1,northern california weekend getaways summer,https://wheresjessieb.com/blog/northern-california-weekend-getaways-summer,wheresjessieb.com,30,83.0,California,Travel blog,2026-09-11,Paid outreach
romantic getaways in northern California,,1,northern california weekend getaways summer,https://wheresjessieb.com/blog/northern-california-weekend-getaways-summer,wheresjessieb.com,30,83.0,National,Travel blog,2026-09-11,Paid outreach
weekend getaways in california,2400,2,getaways from los angeles,https://www.livelikeitstheweekend.com/getaways-from-los-angeles/,livelikeitstheweekend.com,49,83.0,California,Travel blog,2026-09-11,Paid outreach
couples getaways in north carolina,480,2,where to go for a couples weekend getaway in north carolina,https://www.emeraldislerealty.com/blog/where-to-go-for-a-couples-weekend-getaway-in-north-carolina,emeraldislerealty.com,40,82.9,North Carolina,Travel blog,2026-09-11,Paid outreach
romantic resorts in north carolina,1900,14,where to go for a couples weekend getaway in north carolina,https://www.emeraldislerealty.com/blog/where-to-go-for-a-couples-weekend-getaway-in-north-carolina,emeraldislerealty.com,40,82.9,North Carolina,Travel blog,2026-09-11,Paid outreach
romantic getaways in north carolina,1900,16,where to go for a couples weekend getaway in north carolina,https://www.emeraldislerealty.com/blog/where-to-go-for-a-couples-weekend-getaway-in-north-carolina,emeraldislerealty.com,40,82.9,North Carolina,Travel blog,2026-09-11,Paid outreach
romantic resorts in utah,480,1,couples getaways in utah,https://www.utahsadventurefamily.com/couples-getaways-in-utah/,utahsadventurefamily.com,45,82.6,Utah,Travel blog,2026-09-11,Paid outreach
romantic resorts in ohio,3600,1,romantic adventure getaways ohio,https://localloveandwanderlust.com/romantic-adventure-getaways-ohio/,localloveandwanderlust.com,32,82.6,Ohio,Travel blog,2026-09-11,Paid outreach
couples getaways in ohio,1000,1,romantic adventure getaways ohio,https://localloveandwanderlust.com/romantic-adventure-getaways-ohio/,localloveandwanderlust.com,32,82.6,Ohio,Travel blog,2026-09-11,Paid outreach
romantic getaways in utah,480,1,couples getaways in utah,https://www.utahsadventurefamily.com/couples-getaways-in-utah/,utahsadventurefamily.com,45,82.6,Utah,Travel blog,2026-09-11,Paid outreach
romantic hotels in ohio,480,2,romantic adventure getaways ohio,https://localloveandwanderlust.com/romantic-adventure-getaways-ohio/,localloveandwanderlust.com,32,82.6,Ohio,Travel blog,2026-09-11,Paid outreach
romantic getaways in salt lake city,,5,couples getaways in utah,https://www.utahsadventurefamily.com/couples-getaways-in-utah/,utahsadventurefamily.com,45,82.6,Salt Lake City,Travel blog,2026-09-11,Paid outreach
romantic getaways in ohio,3600,8,romantic adventure getaways ohio,https://localloveandwanderlust.com/romantic-adventure-getaways-ohio/,localloveandwanderlust.com,32,82.6,Ohio,Travel blog,2026-09-11,Paid outreach
romantic getaways in texas,2900,4,romantic getaways in texas with hot tubs,https://stayonera.com/travel-to-fredericksburg/romantic-getaways-in-texas-with-hot-tubs/,stayonera.com,33,82.5,Texas,Travel blog,2026-09-11,Paid outreach
romantic getaways near Austin,,16,romantic getaways in texas with hot tubs,https://stayonera.com/travel-to-fredericksburg/romantic-getaways-in-texas-with-hot-tubs/,stayonera.com,33,82.5,National,Travel blog,2026-09-11,Paid outreach
romantic getaways in florida,2400,1,weekend getaways in florida,https://www.floridarambler.com/florida-things-to-do/weekend-getaways-in-florida/,floridarambler.com,46,82.2,Florida,Travel blog,2026-09-11,Paid outreach
couples getaways in florida,880,1,weekend getaways in florida,https://www.floridarambler.com/florida-things-to-do/weekend-getaways-in-florida/,floridarambler.com,46,82.2,Florida,Travel blog,2026-09-11,Paid outreach
weekend getaways in florida,3600,1,weekend getaways in florida,https://www.floridarambler.com/florida-things-to-do/weekend-getaways-in-florida/,floridarambler.com,46,82.2,Florida,Travel blog,2026-09-11,Paid outreach
romantic getaways in texas,2900,5,plan a romantic getaway in the texas hill country,https://www.thelazylavender.com/post/plan-a-romantic-getaway-in-the-texas-hill-country,thelazylavender.com,21,82.0,Texas,Travel blog,2026-09-11,Needs review
weekend getaways in california,2400,3,13 epic weekend california getaways,https://www.bontraveler.com/13-epic-weekend-california-getaways/,bontraveler.com,53,81.9,California,Travel blog,2026-09-11,Paid outreach
romantic getaways in california,1300,1,the best romantic getaways in california,https://www.bontraveler.com/the-best-romantic-getaways-in-california/,bontraveler.com,53,81.8,California,Travel blog,2026-09-11,Paid outreach
romantic getaways in northern California,,2,the best romantic getaways in california,https://www.bontraveler.com/the-best-romantic-getaways-in-california/,bontraveler.com,53,81.8,National,Travel blog,2026-09-11,Paid outreach
romantic getaways near Los Angeles,,3,the best romantic getaways in california,https://www.bontraveler.com/the-best-romantic-getaways-in-california/,bontraveler.com,53,81.8,National,Travel blog,2026-09-11,Paid outreach
couples getaways in north carolina,480,4,romantic getaways north carolina,https://www.innerbanksinn.com/romantic-getaways-north-carolina,innerbanksinn.com,30,81.8,North Carolina,Travel blog,2026-09-11,Paid outreach
best anniversary trip ideas,,4,the best romantic getaways in california,https://www.bontraveler.com/the-best-romantic-getaways-in-california/,bontraveler.com,53,81.8,National,Travel blog,2026-09-11,Paid outreach
romantic getaways in north carolina,1900,5,romantic getaways north carolina,https://www.innerbanksinn.com/romantic-getaways-north-carolina,innerbanksinn.com,30,81.8,North Carolina,Travel blog,2026-09-11,Paid outreach
romantic resorts in north carolina,1900,8,romantic getaways north carolina,https://www.innerbanksinn.com/romantic-getaways-north-carolina,innerbanksinn.com,30,81.8,North Carolina,Travel blog,2026-09-11,Paid outreach
romantic hotels in new york state,1600,1,great romantic hotels in new york state,https://www.getawaymavens.com/great-romantic-hotels-in-new-york-state/,getawaymavens.com,30,81.6,New York,Travel blog,2026-09-11,Needs review
romantic getaways near Seattle,,2,romantic getaways in the pacific northwest,https://www.emeraldpalate.com/romantic-getaways-in-the-pacific-northwest/,emeraldpalate.com,38,81.6,National,Travel blog,2026-09-11,Paid outreach
romantic getaways in washington state,1000,4,romantic getaways in the pacific northwest,https://www.emeraldpalate.com/romantic-getaways-in-the-pacific-northwest/,emeraldpalate.com,38,81.6,Washington,Travel blog,2026-09-11,Paid outreach
romantic getaways near Portland,,7,romantic getaways in the pacific northwest,https://www.emeraldpalate.com/romantic-getaways-in-the-pacific-northwest/,emeraldpalate.com,38,81.6,National,Travel blog,2026-09-11,Paid outreach
romantic getaways in new york state,70,10,great romantic hotels in new york state,https://www.getawaymavens.com/great-romantic-hotels-in-new-york-state/,getawaymavens.com,30,81.6,New York,Travel blog,2026-09-11,Needs review
romantic getaways in vermont,720,1,incredible romantic getaway in vermont for couples,https://www.stonehillinn.com/post/incredible-romantic-getaway-in-vermont-for-couples,stonehillinn.com,,81.5,Vermont,Travel blog,2026-09-27,Needs review
weekend getaways in georgia,1000,1,four easy weekend trips just across the georgia state line,https://www.atlantamagazine.com/travel/four-easy-weekend-trips-just-across-the-georgia-state-line/,atlantamagazine.com,54,81.5,Georgia,Travel blog,2026-09-11,Paid outreach
romantic getaways in Vermont,,1,incredible romantic getaway in vermont for couples,https://www.stonehillinn.com/post/incredible-romantic-getaway-in-vermont-for-couples,stonehillinn.com,,81.5,National,Travel blog,2026-09-27,Needs review
romantic getaways in ohio,3600,1,a romantic weekend getaway in hocking hills,https://wanderlustinohio.com/2021/11/16/a-romantic-weekend-getaway-in-hocking-hills/,wanderlustinohio.com,12,81.3,Ohio,Travel blog,2026-09-11,Paid outreach
romantic getaways in oregon,880,1,romantic getaways in oregon,https://www.pdxmonthly.com/travel-and-outdoors/romantic-getaways-in-oregon,pdxmonthly.com,,81.3,Oregon,Travel blog,2026-09-27,Paid outreach
weekend getaways in arkansas,590,1,romantic stays in arkansas,https://somewhereinarkansas.com/romantic-stays-in-arkansas/,somewhereinarkansas.com,31,81.3,Arkansas,Travel blog,2026-09-11,Paid outreach
romantic getaways in california,1300,2,weekend getaways for couples in california,https://johnnyjet.com/weekend-getaways-for-couples-in-california/,johnnyjet.com,38,81.3,California,Travel blog,2026-09-11,Paid outreach
romantic getaways near Portland,,2,romantic getaways in oregon,https://www.pdxmonthly.com/travel-and-outdoors/romantic-getaways-in-oregon,pdxmonthly.com,,81.3,National,Travel blog,2026-09-27,Paid outreach
romantic getaways in arkansas,880,2,romantic stays in arkansas,https://somewhereinarkansas.com/romantic-stays-in-arkansas/,somewhereinarkansas.com,31,81.3,Arkansas,Travel blog,2026-09-11,Paid outreach
couples getaways in ohio,1000,4,a romantic weekend getaway in hocking hills,https://wanderlustinohio.com/2021/11/16/a-romantic-weekend-getaway-in-hocking-hills/,wanderlustinohio.com,12,81.3,Ohio,Travel blog,2026-09-11,Paid outreach
weekend getaways in california,2400,4,12 weekend getaways from bay area,https://rosecampau.com/12-weekend-getaways-from-bay-area/,rosecampau.com,28,81.3,California,Travel blog,2026-09-11,Paid outreach
romantic resorts in kentucky,720,1,kentucky for couples romantic unique getaways,https://www.mykybucketlist.com/blog-post/kentucky-for-couples-romantic-unique-getaways,mykybucketlist.com,20,81.2,Kentucky,Travel blog,2026-09-11,Needs review
romantic getaways in kentucky,720,2,kentucky for couples romantic unique getaways,https://www.mykybucketlist.com/blog-post/kentucky-for-couples-romantic-unique-getaways,mykybucketlist.com,20,81.2,Kentucky,Travel blog,2026-09-11,Needs review
weekend getaways in florida,3600,3,romantic florida getaways for couples,https://thefloridatravelgirl.com/romantic-florida-getaways-for-couples/,thefloridatravelgirl.com,24,81.1,Florida,Travel blog,2026-09-11,Paid outreach
couples getaways in florida,880,8,romantic florida getaways for couples,https://thefloridatravelgirl.com/romantic-florida-getaways-for-couples/,thefloridatravelgirl.com,24,81.1,Florida,Travel blog,2026-09-11,Paid outreach
romantic getaways in florida,2400,11,romantic florida getaways for couples,https://thefloridatravelgirl.com/romantic-florida-getaways-for-couples/,thefloridatravelgirl.com,24,81.1,Florida,Travel blog,2026-09-11,Paid outreach
romantic hotels in florida,480,11,romantic florida getaways for couples,https://thefloridatravelgirl.com/romantic-florida-getaways-for-couples/,thefloridatravelgirl.com,24,81.1,Florida,Travel blog,2026-09-11,Paid outreach
romantic getaways in washington state,1000,3,14 best romantic cabins in washington state,https://whimsysoul.com/14-best-romantic-cabins-in-washington-state/,whimsysoul.com,46,81.0,Washington,Travel blog,2026-09-11,Paid outreach
romantic getaways in idaho,210,1,7 romantic getaways in idaho,https://www.travelingspud.com/7-romantic-getaways-in-idaho/,travelingspud.com,,80.9,Idaho,Travel blog,2026-09-27,Paid outreach
weekend getaways in california,2400,5,california with kids family vacation ideas,https://familytravel411.com/california-with-kids-family-vacation-ideas/,familytravel411.com,22,80.7,California,Travel blog,2026-09-11,Paid outreach
romantic resorts in virginia,880,1,romantic moutain getaways in virginia,https://enrichingpursuits.com/romantic-moutain-getaways-in-virginia/,enrichingpursuits.com,32,80.5,Virginia,Travel blog,2026-09-11,Needs review
romantic getaways in new york state,70,3,romantic minimoon getaway ideas in ny nj amp pa,https://www.bearbrookvalley.com/blog/romantic-minimoon-getaway-ideas-in-ny-nj-amp-pa,bearbrookvalley.com,23,80.5,New York,Travel blog,2026-09-11,Needs review
romantic getaways in new jersey,1000,3,romantic minimoon getaway ideas in ny nj amp pa,https://www.bearbrookvalley.com/blog/romantic-minimoon-getaway-ideas-in-ny-nj-amp-pa,bearbrookvalley.com,23,80.5,New Jersey,Travel blog,2026-09-11,Needs review
romantic getaways in virginia,880,4,romantic moutain getaways in virginia,https://enrichingpursuits.com/romantic-moutain-getaways-in-virginia/,enrichingpursuits.com,32,80.5,Virginia,Travel blog,2026-09-11,Needs review
romantic hotels in new jersey,720,5,romantic minimoon getaway ideas in ny nj amp pa,https://www.bearbrookvalley.com/blog/romantic-minimoon-getaway-ideas-in-ny-nj-amp-pa,bearbrookvalley.com,23,80.5,New Jersey,Travel blog,2026-09-11,Needs review
romantic hotels in new york state,1600,7,romantic minimoon getaway ideas in ny nj amp pa,https://www.bearbrookvalley.com/blog/romantic-minimoon-getaway-ideas-in-ny-nj-amp-pa,bearbrookvalley.com,23,80.5,New York,Travel blog,2026-09-11,Needs review
romantic getaways in virginia beach,,14,romantic moutain getaways in virginia,https://enrichingpursuits.com/romantic-moutain-getaways-in-virginia/,enrichingpursuits.com,32,80.5,Virginia Beach,Travel blog,2026-09-11,Needs review
romantic getaways in alabama,590,2,romantic getaways in alabama why couples love soggy bottom lodge,https://soggybottomlodge.com/blogs/news/romantic-getaways-in-alabama-why-couples-love-soggy-bottom-lodge,soggybottomlodge.com,,80.4,Alabama,Travel blog,2026-09-27,Paid outreach
romantic getaways in arkansas,880,3,honeymoon cabins hot tubs arkansas,https://glampinghub.com/rentalsearch/honeymoon-cabins-hot-tubs-arkansas/,glampinghub.com,38,80.2,Arkansas,Travel blog,2026-09-11,Paid outreach
weekend getaways in florida,3600,5,weekend getaways in florida with kids,https://treasurecoastmom.com/weekend-getaways-in-florida-with-kids/,treasurecoastmom.com,23,80.0,Florida,Travel blog,2026-09-11,Paid outreach
romantic getaways in virginia beach,,2,romantic getaways in virginia,https://www.katheats.com/romantic-getaways-in-virginia,katheats.com,43,79.9,Virginia Beach,Travel blog,2026-09-11,Paid outreach
romantic getaways in virginia,880,2,romantic getaways in virginia,https://www.katheats.com/romantic-getaways-in-virginia,katheats.com,43,79.9,Virginia,Travel blog,2026-09-11,Paid outreach
romantic resorts in virginia,880,4,romantic getaways in virginia,https://www.katheats.com/romantic-getaways-in-virginia,katheats.com,43,79.9,Virginia,Travel blog,2026-09-11,Paid outreach
romantic getaways in washington state,1000,5,secluded romantic getaways in washington state,https://tuckerharrisoninn.com/blog/secluded-romantic-getaways-in-washington-state/,tuckerharrisoninn.com,29,79.9,Washington,Travel blog,2026-09-11,Needs review
romantic getaways in idaho,210,3,romantic idaho getaways for couples,https://smokejumperidaho.com/romantic-idaho-getaways-for-couples/,smokejumperidaho.com,,79.8,Idaho,Travel blog,2026-09-27,Paid outreach
romantic getaways in alabama,590,3,escape to romance luxury among the leaves awaits you,https://www.retreet.fun/blog/escape-to-romance-luxury-among-the-leaves-awaits-you,retreet.fun,,79.8,Alabama,Travel blog,2026-09-27,Needs review
weekend getaways in georgia,1000,4,weekend getaways near atlanta,https://www.simplyawesometrips.com/weekend-getaways-near-atlanta/,simplyawesometrips.com,34,79.8,Georgia,Travel blog,2026-09-11,Paid outreach
romantic getaways in tennessee,880,4,our why,https://www.ansonarborfarm.com/blog/our-why,ansonarborfarm.com,11,79.8,Tennessee,Travel blog,2026-09-11,Needs review
romantic getaways in utah,480,6,plan your romantic getaway in utah,https://zermattresort.com/plan-your-romantic-getaway-in-utah/,zermattresort.com,31,79.8,Utah,Travel blog,2026-09-11,Needs review
romantic resorts in tennessee,720,8,our why,https://www.ansonarborfarm.com/blog/our-why,ansonarborfarm.com,11,79.8,Tennessee,Travel blog,2026-09-11,Needs review
romantic resorts in utah,480,11,plan your romantic getaway in utah,https://zermattresort.com/plan-your-romantic-getaway-in-utah/,zermattresort.com,31,79.8,Utah,Travel blog,2026-09-11,Needs review
romantic getaways in maine,590,4,romantic getaways in maine,https://wolfcoveinn.com/romantic-getaways-in-maine,wolfcoveinn.com,,79.7,Maine,Travel blog,2026-09-27,Paid outreach
romantic getaways in Maine,,4,romantic getaways in maine,https://wolfcoveinn.com/romantic-getaways-in-maine,wolfcoveinn.com,,79.7,National,Travel blog,2026-09-27,Paid outreach
romantic getaways in texas,2900,9,romantic getaways in texas,https://texastraveltalk.com/romantic-getaways-in-texas/,texastraveltalk.com,32,79.7,Texas,Travel blog,2026-09-11,Paid outreach
romantic getaways in missouri,880,4,romantic missouri vacations,https://hermanncottage.com/blog/romantic-missouri-vacations/,hermanncottage.com,,79.6,Missouri,Travel blog,2026-09-27,Paid outreach
romantic getaways near Los Angeles,,5,10 romantic weekend getaways from los angeles,https://thesoughtafter.com/2023/11/11/10-romantic-weekend-getaways-from-los-angeles/,thesoughtafter.com,26,79.6,National,Travel blog,2026-09-11,Paid outreach
weekend getaways in california,2400,7,weekend getaways in california,https://www.wanderfullyrylie.com/weekend-getaways-in-california/,wanderfullyrylie.com,14,79.6,California,Travel blog,2026-09-11,Paid outreach
romantic getaways in california,1300,14,10 romantic weekend getaways from los angeles,https://thesoughtafter.com/2023/11/11/10-romantic-weekend-getaways-from-los-angeles/,thesoughtafter.com,26,79.6,California,Travel blog,2026-09-11,Paid outreach
romantic getaways in arizona,720,3,romantic getaways in arizona,https://www.thescottresort.com/romantic-getaways-in-arizona/,thescottresort.com,,79.4,Arizona,Travel blog,2026-09-27,Needs review
weekend getaways in colorado,1000,1,8 amazing weekend trips from denver colorado,https://www.sweetlittlejourney.com/8-amazing-weekend-trips-from-denver-colorado/,sweetlittlejourney.com,25,79.3,Colorado,Travel blog,2026-09-11,Paid outreach
romantic getaways in northern Michigan,,4,romantic cabins in michigan,https://www.endlessdistances.com/romantic-cabins-in-michigan/,endlessdistances.com,41,79.3,National,Travel blog,2026-09-11,Paid outreach
romantic getaways in michigan,2400,4,romantic cabins in michigan,https://www.endlessdistances.com/romantic-cabins-in-michigan/,endlessdistances.com,41,79.3,Michigan,Travel blog,2026-09-11,Paid outreach
romantic getaways in washington state,1000,6,20 best weekend getaways in washington state,https://culturalfoodies.com/20-best-weekend-getaways-in-washington-state/,culturalfoodies.com,31,79.3,Washington,Travel blog,2026-09-11,Paid outreach
romantic cabin getaways,,8,romantic cabins in michigan,https://www.endlessdistances.com/romantic-cabins-in-michigan/,endlessdistances.com,41,79.3,National,Travel blog,2026-09-11,Paid outreach
couples getaways in michigan,1000,14,romantic cabins in michigan,https://www.endlessdistances.com/romantic-cabins-in-michigan/,endlessdistances.com,41,79.3,Michigan,Travel blog,2026-09-11,Paid outreach
romantic getaways in new hampshire,590,2,the conscious cabin new hampshires most romantic getaway,https://www.theconsciouscabin.com/blog/the-conscious-cabin-new-hampshires-most-romantic-getaway,theconsciouscabin.com,,79.2,New Hampshire,Travel blog,2026-09-27,Paid outreach
romantic getaways in west virginia,590,2,romantic west virginia getaway,https://www.hillbrookinn.com/romantic-west-virginia-getaway.html,hillbrookinn.com,,79.2,West Virginia,Travel blog,2026-09-27,Needs review
romantic getaways in New Hampshire,,2,the conscious cabin new hampshires most romantic getaway,https://www.theconsciouscabin.com/blog/the-conscious-cabin-new-hampshires-most-romantic-getaway,theconsciouscabin.com,,79.2,National,Travel blog,2026-09-27,Paid outreach
weekend getaways in arizona,590,1,7553 fun three day weekend trips in arizona,https://www.arizonafoothillsmagazine.com/travel-and-leisure/travel/7553-fun-three-day-weekend-trips-in-arizona.html,arizonafoothillsmagazine.com,,79.1,Arizona,Travel blog,2026-09-27,Paid outreach
romantic getaways near Portland,,5,romantic getaways near portland,https://carsonridgecabins.com/blog/romantic-getaways-near-portland/,carsonridgecabins.com,,79.1,National,Travel blog,2026-09-27,Needs review
romantic getaways in oregon,880,13,romantic getaways near portland,https://carsonridgecabins.com/blog/romantic-getaways-near-portland/,carsonridgecabins.com,,79.1,Oregon,Travel blog,2026-09-27,Needs review
romantic hotels in michigan,390,2,boutique bliss discovering michigans most unique bed and breakfast experiences,https://michbnb.com/blog/boutique-bliss-discovering-michigans-most-unique-bed-and-breakfast-experiences/,michbnb.com,29,79.0,Michigan,Travel blog,2026-09-11,Needs review
romantic getaways in illinois,880,4,blue sky vineyard romantic getaway in southern illinois,https://www.dangtravelers.com/blue-sky-vineyard-romantic-getaway-in-southern-illinois/,dangtravelers.com,,79.0,Illinois,Travel blog,2026-09-27,Paid outreach
romantic getaways in california,1300,6,romantic getaways southern california budget,https://glampinghub.com/rentalsearch/romantic-getaways-southern-california-budget/,glampinghub.com,38,79.0,California,Travel blog,2026-09-11,Needs review
weekend getaways in illinois,590,10,blue sky vineyard romantic getaway in southern illinois,https://www.dangtravelers.com/blue-sky-vineyard-romantic-getaway-in-southern-illinois/,dangtravelers.com,,79.0,Illinois,Travel blog,2026-09-27,Paid outreach
weekend getaways in indiana,720,6,top 15 of the most beautiful places to visit in indiana,https://globalgrasshopper.com/destinations/north-america/top-15-of-the-most-beautiful-places-to-visit-in-indiana/,globalgrasshopper.com,,78.8,Indiana,Travel blog,2026-09-27,Paid outreach
weekend getaways in illinois,590,4,plan a quiet weekend getaway in southwest illinois,https://www.riversandroutes.com/blog/plan-a-quiet-weekend-getaway-in-southwest-illinois/,riversandroutes.com,,78.7,Illinois,Travel blog,2026-09-27,Paid outreach
romantic getaways in utah,480,8,mention the knot the best romantic getaways in utah,https://www.grandamerica.com/press/mention-the-knot-the-best-romantic-getaways-in-utah,grandamerica.com,41,78.7,Utah,Travel blog,2026-09-11,Needs review
romantic getaways in salt lake city,,12,mention the knot the best romantic getaways in utah,https://www.grandamerica.com/press/mention-the-knot-the-best-romantic-getaways-in-utah,grandamerica.com,41,78.7,Salt Lake City,Travel blog,2026-09-11,Needs review
romantic resorts in utah,480,13,mention the knot the best romantic getaways in utah,https://www.grandamerica.com/press/mention-the-knot-the-best-romantic-getaways-in-utah,grandamerica.com,41,78.7,Utah,Travel blog,2026-09-11,Needs review
romantic getaways in hawaii,140,3,the 12 best resorts in hawaii for couples,https://mersadiolson.com/2024/06/27/the-12-best-resorts-in-hawaii-for-couples/,mersadiolson.com,,78.6,Hawaii,Travel blog,2026-09-27,Paid outreach
romantic getaways in Maine,,6,romance in nature the perfect 3 day romantic getaway in bar harbor maine,https://terramoroutdoorresort.com/field-notes/romance-in-nature-the-perfect-3-day-romantic-getaway-in-bar-harbor-maine/,terramoroutdoorresort.com,,78.6,National,Travel blog,2026-09-27,Needs review
romantic getaways in maine,590,6,romance in nature the perfect 3 day romantic getaway in bar harbor maine,https://terramoroutdoorresort.com/field-notes/romance-in-nature-the-perfect-3-day-romantic-getaway-in-bar-harbor-maine/,terramoroutdoorresort.com,,78.6,Maine,Travel blog,2026-09-27,Needs review
romantic getaways in oregon,880,6,most romantic pacific northwest honeymoon destinations oregon edition,https://www.mlainephotography.com/blog/most-romantic-pacific-northwest-honeymoon-destinations-oregon-edition,mlainephotography.com,,78.5,Oregon,Travel blog,2026-09-27,Needs review
romantic getaways in missouri,880,6,plan couples getaway fall missouri,https://industry.travelsouthusa.com/plan-couples-getaway-fall-missouri/,travelsouthusa.com,,78.5,Missouri,Travel blog,2026-09-27,Needs review
romantic getaways in california,1300,7,california weekend getaways for couples,https://leilaslist.com/california-weekend-getaways-for-couples/,leilaslist.com,25,78.5,California,Travel blog,2026-09-11,Paid outreach
romantic getaways in alaska,90,1,top romantic getaways alaska,https://www.travelalaska.com/explore-alaska/articles/top-romantic-getaways-alaska,travelalaska.com,,78.4,Alaska,Travel blog,2026-09-27,Needs review
weekend getaways in colorado,1000,3,photographic proof you dont need to go halfway across the globe for epic adventures,https://thedownlo.com/adventure-travel/photographic-proof-you-dont-need-to-go-halfway-across-the-globe-for-epic-adventures/,thedownlo.com,33,78.2,Colorado,Travel blog,2026-09-11,Needs review
romantic getaways in indiana,1000,4,romantic getaways brown county indiana,https://www.tanglewoodhideaway.com/romantic-getaways-brown-county-indiana/,tanglewoodhideaway.com,16,78.2,Indiana,Travel blog,2026-09-11,Paid outreach
weekend getaways in indiana,720,7,easy family road trips within 5 hours of indianapolis,https://www.pintspoundsandpate.com/travelingtheusandcanada/easy-family-road-trips-within-5-hours-of-indianapolis,pintspoundsandpate.com,,78.2,Indiana,Travel blog,2026-09-27,Paid outreach
romantic getaways in new york state,70,1,653abd158c99a714d7138bd8,https://www.iloveny.com/blog/category/romantic-getaways/653abd158c99a714d7138bd8/,iloveny.com,,78.1,New York,Travel blog,2026-09-27,Paid outreach
romantic getaways in colorado,1600,2,3 day romantic getaway in colorado springs the perfect couples itinerary,https://www.gardenofthegodsresort.com/3-day-romantic-getaway-in-colorado-springs-the-perfect-couples-itinerary/,gardenofthegodsresort.com,40,78.1,Colorado,Travel blog,2026-09-11,Paid outreach
romantic getaways in the Hudson Valley,,5,653abd158c99a714d7138bd8,https://www.iloveny.com/blog/category/romantic-getaways/653abd158c99a714d7138bd8/,iloveny.com,,78.1,National,Travel blog,2026-09-27,Paid outreach
weekend getaways in georgia,1000,7,top 6 atlanta road trip ideas,https://thesophisticatedlife.com/blog/top-6-atlanta-road-trip-ideas/,thesophisticatedlife.com,40,78.1,Georgia,Travel blog,2026-09-11,Paid outreach
romantic getaways near Atlanta,,9,top 6 atlanta road trip ideas,https://thesophisticatedlife.com/blog/top-6-atlanta-road-trip-ideas/,thesophisticatedlife.com,40,78.1,National,Travel blog,2026-09-11,Paid outreach
weekend getaways in arizona,590,3,romantic weekend getaways phoenix arizona usa,https://glampinghub.com/rentalsearch/romantic-weekend-getaways-phoenix-arizona-usa/,glampinghub.com,38,78.0,Arizona,Travel blog,2026-09-27,Needs review
romantic getaways in maine,590,7,romantic getaways in maine,https://themainebeaches.com/romantic-getaways-in-maine/,themainebeaches.com,,78.0,Maine,Travel blog,2026-09-27,Paid outreach
romantic getaways in Maine,,7,romantic getaways in maine,https://themainebeaches.com/romantic-getaways-in-maine/,themainebeaches.com,,78.0,National,Travel blog,2026-09-27,Paid outreach
romantic resorts in montana,390,6,a rustic romantic getaway in montana,https://www.320ranch.com/blog/a-rustic-romantic-getaway-in-montana/,320ranch.com,29,77.9,Montana,Travel blog,2026-09-11,Needs review
romantic getaways in california,1300,8,romantic getaways in california my scenic journey through hidden escapes,https://www.bestofcal.tv/post/romantic-getaways-in-california-my-scenic-journey-through-hidden-escapes,bestofcal.tv,15,77.9,California,Travel blog,2026-09-11,Needs review
romantic getaways in alaska,90,2,affordable romantic get a ways,https://www.soaringeaglelodge.com/affordable-romantic-get-a-ways/,soaringeaglelodge.com,,77.8,Alaska,Travel blog,2026-09-27,Needs review
romantic getaways in the Catskills,,2,romantic getaways in upstate new york,https://www.boboandchichi.com/romantic-getaways-in-upstate-new-york/,boboandchichi.com,,77.6,National,Travel blog,2026-09-27,Needs review
romantic getaways in oklahoma,720,3,5 romantic escapes in oklahoma why you need to take them,https://www.metrofamilymagazine.com/5-romantic-escapes-in-oklahoma-why-you-need-to-take-them/,metrofamilymagazine.com,,77.6,Oklahoma,Travel blog,2026-09-27,Paid outreach
romantic getaways in nebraska,140,5,romantic getaways near omaha,https://familyfuninomaha.com/romantic-getaways-near-omaha/,familyfuninomaha.com,,77.6,Nebraska,Travel blog,2026-09-27,Paid outreach
romantic getaways in alabama,590,7,romantic getaways in alabama,https://www.magnoliasprings.com/romantic-getaways-in-alabama/,magnoliasprings.com,,77.6,Alabama,Travel blog,2026-09-27,Needs review
romantic getaways near Seattle,,9,romantic getaways in washington state,https://adventuresofaplusk.com/romantic-getaways-in-washington-state/,adventuresofaplusk.com,43,77.6,National,Travel blog,2026-09-11,Paid outreach
romantic getaways in washington state,1000,12,romantic getaways in washington state,https://adventuresofaplusk.com/romantic-getaways-in-washington-state/,adventuresofaplusk.com,43,77.6,Washington,Travel blog,2026-09-11,Paid outreach
romantic getaways in the Hudson Valley,,16,romantic getaways in upstate new york,https://www.boboandchichi.com/romantic-getaways-in-upstate-new-york/,boboandchichi.com,,77.6,National,Travel blog,2026-09-27,Needs review
romantic getaways in new york state,70,16,romantic getaways in upstate new york,https://www.boboandchichi.com/romantic-getaways-in-upstate-new-york/,boboandchichi.com,,77.6,New York,Travel blog,2026-09-27,Needs review
romantic getaways in south dakota,70,3,romantic destinations thatll have you swooning south dakota,https://www.travelsouthdakota.com/trip-ideas/romantic-destinations-thatll-have-you-swooning-south-dakota,travelsouthdakota.com,,77.5,South Dakota,Travel blog,2026-09-27,Needs review
romantic getaways in wyoming,110,3,the ultimate couples retreat,https://www.brushcreekranch.com/blog/the-ultimate-couples-retreat,brushcreekranch.com,,77.5,Wyoming,Travel blog,2026-09-27,Needs review
romantic getaways in idaho,210,7,romantic getaway in idaho,https://redhorsemountainranch.com/romantic-getaway-in-idaho/,redhorsemountainranch.com,,77.5,Idaho,Travel blog,2026-09-27,Needs review
romantic getaways in texas,2900,13,romantic getaways in texas the best escapes for couples,https://cameronranchglamping.com/romantic-getaways-in-texas-the-best-escapes-for-couples/,cameronranchglamping.com,32,77.5,Texas,Travel blog,2026-09-11,Paid outreach
weekend getaways in california,2400,11,southern california weekend getaways,https://www.gypsysols.com/southern-california-weekend-getaways/,gypsysols.com,32,77.4,California,Travel blog,2026-09-11,Needs review
romantic getaways near Los Angeles,,11,weekend getaways from los angeles,https://seatosequoia.com/weekend-getaways-from-los-angeles/,seatosequoia.com,27,77.4,National,Travel blog,2026-09-11,Paid outreach
weekend getaways in california,2400,13,weekend getaways from los angeles,https://seatosequoia.com/weekend-getaways-from-los-angeles/,seatosequoia.com,27,77.4,California,Travel blog,2026-09-11,Paid outreach
romantic getaways in california,1300,9,romantic getaways in california,https://lewildexplorer.com/romantic-getaways-in-california/,lewildexplorer.com,35,77.3,California,Travel blog,2026-09-11,Paid outreach
romantic hotels in michigan,390,10,4 romantic getaways in michigan,https://long-weekends.com/articles/weekend-guides/4-romantic-getaways-in-michigan/,long-weekends.com,29,77.3,Michigan,Travel blog,2026-09-11,Paid outreach
romantic resorts in michigan,2400,11,4 romantic getaways in michigan,https://long-weekends.com/articles/weekend-guides/4-romantic-getaways-in-michigan/,long-weekends.com,29,77.3,Michigan,Travel blog,2026-09-11,Paid outreach
romantic getaways near Los Angeles,,13,romantic getaways in california,https://lewildexplorer.com/romantic-getaways-in-california/,lewildexplorer.com,35,77.3,National,Travel blog,2026-09-11,Paid outreach
romantic getaways in michigan,2400,13,4 romantic getaways in michigan,https://long-weekends.com/articles/weekend-guides/4-romantic-getaways-in-michigan/,long-weekends.com,29,77.3,Michigan,Travel blog,2026-09-11,Paid outreach
couples getaways in michigan,1000,16,4 romantic getaways in michigan,https://long-weekends.com/articles/weekend-guides/4-romantic-getaways-in-michigan/,long-weekends.com,29,77.3,Michigan,Travel blog,2026-09-11,Paid outreach
romantic getaways in northern California,,16,romantic getaways in california,https://lewildexplorer.com/romantic-getaways-in-california/,lewildexplorer.com,35,77.3,National,Travel blog,2026-09-11,Paid outreach
weekend getaways in georgia,1000,12,how to plan the best couples getaways in georgia,https://glenella.com/blog/how-to-plan-the-best-couples-getaways-in-georgia/,glenella.com,29,77.2,Georgia,Travel blog,2026-09-11,Needs review
romantic resorts in georgia,2400,16,how to plan the best couples getaways in georgia,https://glenella.com/blog/how-to-plan-the-best-couples-getaways-in-georgia/,glenella.com,29,77.2,Georgia,Travel blog,2026-09-11,Needs review
romantic getaways in nebraska,140,6,romantic getaways in nebraska,https://mwinns.com/category/things-to-do-in-nebraska/romantic-getaways-in-nebraska/,mwinns.com,30,77.1,Nebraska,Travel blog,2026-09-27,Paid outreach
romantic getaways in wisconsin,1900,7,romantic getaways in wisconsin,https://thelocaltourist.com/romantic-getaways-in-wisconsin/,thelocaltourist.com,33,77.1,Wisconsin,Travel blog,2026-09-11,Paid outreach
romantic getaways in arizona,720,7,romantic glamping getaways arizona,https://glampinghub.com/rentalsearch/romantic-glamping-getaways-arizona/,glampinghub.com,38,77.1,Arizona,Travel blog,2026-09-27,Paid outreach
romantic getaways in south dakota,70,4,deadwood romantic getaway itinerary,https://www.deadwoodconnections.com/black-hills-vacation-itineraries/deadwood-romantic-getaway-itinerary/,deadwoodconnections.com,,77.0,South Dakota,Travel blog,2026-09-27,Needs review
romantic getaways in alabama,590,8,quick romantic escapes from birmingham why lake martin is the perfect couple s getaway,https://www.mistletoebough.com/post/quick-romantic-escapes-from-birmingham-why-lake-martin-is-the-perfect-couple-s-getaway,mistletoebough.com,,77.0,Alabama,Travel blog,2026-09-27,Needs review
romantic getaways in vermont,720,9,name one of 14 most romantic places in vermont,https://www.sterlingridgeresort.com/name-one-of-14-most-romantic-places-in-vermont,sterlingridgeresort.com,,77.0,Vermont,Travel blog,2026-09-27,Paid outreach
romantic getaways in Vermont,,9,name one of 14 most romantic places in vermont,https://www.sterlingridgeresort.com/name-one-of-14-most-romantic-places-in-vermont,sterlingridgeresort.com,,77.0,National,Travel blog,2026-09-27,Paid outreach
weekend getaways in alabama,480,17,quick romantic escapes from birmingham why lake martin is the perfect couple s getaway,https://www.mistletoebough.com/post/quick-romantic-escapes-from-birmingham-why-lake-martin-is-the-perfect-couple-s-getaway,mistletoebough.com,,77.0,Alabama,Travel blog,2026-09-27,Needs review
romantic getaways in washington state,1000,9,couples,https://suncadia.com/experiences/experience-guides/couples/,suncadia.com,38,76.9,Washington,Local media,2026-09-11,Paid outreach
romantic getaways in texas,2900,14,romantic getaways in texas,https://www.sandkeyvacationrentals.com/romantic-getaways-in-texas,sandkeyvacationrentals.com,16,76.9,Texas,Travel blog,2026-09-11,Paid outreach
romantic hotels in new jersey,720,6,great romantic hotels in nj,https://www.getawaymavens.com/great-romantic-hotels-in-nj/,getawaymavens.com,30,76.8,New Jersey,Travel blog,2026-09-11,Paid outreach
romantic getaways in montana,390,8,the most romantic getaway in montana why couples love paws up,https://www.pawsup.com/stories/the-most-romantic-getaway-in-montana-why-couples-love-paws-up/,pawsup.com,43,76.8,Montana,Travel blog,2026-09-11,Needs review
romantic resorts in montana,390,15,the most romantic getaway in montana why couples love paws up,https://www.pawsup.com/stories/the-most-romantic-getaway-in-montana-why-couples-love-paws-up/,pawsup.com,43,76.8,Montana,Travel blog,2026-09-11,Needs review
romantic getaways in alaska,90,4,romantic getaways in alaska,https://alaskatours.com/romantic-getaways-in-alaska/,alaskatours.com,,76.7,Alaska,Travel blog,2026-09-27,Needs review
romantic getaways in illinois,880,8,romantic getaways in the midwest,https://fieldsandheels.com/romantic-getaways-in-the-midwest/,fieldsandheels.com,,76.7,Illinois,Travel blog,2026-09-27,Paid outreach
romantic getaways in arizona,720,8,royal palms resort romantic getaway in arizona,https://www.wanderwithwonder.com/royal-palms-resort-romantic-getaway-in-arizona/,wanderwithwonder.com,,76.6,Arizona,Travel blog,2026-09-27,Paid outreach
romantic getaways in north carolina,1900,11,why a historic lodge stay is the ultimate romantic getaway,https://www.themastfarminn.com/why-a-historic-lodge-stay-is-the-ultimate-romantic-getaway/,themastfarminn.com,30,76.6,North Carolina,Travel blog,2026-09-11,Paid outreach
weekend getaways in florida,3600,11,unique weekend getaways in florida,https://gallivantinglaura.com/unique-weekend-getaways-in-florida/,gallivantinglaura.com,18,76.6,Florida,Travel blog,2026-09-11,Paid outreach
romantic getaways in florida,2400,20,unique weekend getaways in florida,https://gallivantinglaura.com/unique-weekend-getaways-in-florida/,gallivantinglaura.com,18,76.6,Florida,Travel blog,2026-09-11,Paid outreach
weekend getaways in arkansas,590,3,charming weekend getaways hidden across arkansas,https://everafterinthewoods.com/charming-weekend-getaways-hidden-across-arkansas/,everafterinthewoods.com,,76.4,Arkansas,Travel blog,2026-09-27,Needs review
romantic getaways in new hampshire,590,7,top romantic getaways in new hampshire,https://www.thewentworth.com/top-romantic-getaways-in-new-hampshire/,thewentworth.com,,76.4,New Hampshire,Travel blog,2026-09-27,Paid outreach
romantic getaways in New Hampshire,,7,top romantic getaways in new hampshire,https://www.thewentworth.com/top-romantic-getaways-in-new-hampshire/,thewentworth.com,,76.4,National,Travel blog,2026-09-27,Paid outreach
romantic hotels in ohio,480,12,romantic inns in ohio getaways,https://www.akronohiomoms.com/travel/travel-ohio/romantic-inns-in-ohio-getaways/,akronohiomoms.com,25,76.4,Ohio,Travel blog,2026-09-11,Needs review
couples getaways in ohio,1000,14,romantic inns in ohio getaways,https://www.akronohiomoms.com/travel/travel-ohio/romantic-inns-in-ohio-getaways/,akronohiomoms.com,25,76.4,Ohio,Travel blog,2026-09-11,Needs review
romantic resorts in ohio,3600,17,romantic inns in ohio getaways,https://www.akronohiomoms.com/travel/travel-ohio/romantic-inns-in-ohio-getaways/,akronohiomoms.com,25,76.4,Ohio,Travel blog,2026-09-11,Needs review
romantic getaways in ohio,3600,19,romantic inns in ohio getaways,https://www.akronohiomoms.com/travel/travel-ohio/romantic-inns-in-ohio-getaways/,akronohiomoms.com,25,76.4,Ohio,Travel blog,2026-09-11,Needs review
romantic getaways in delaware,110,2,romantic getaways in delaware,https://www.getawaymavens.com/romantic-getaways-in-delaware/,getawaymavens.com,30,76.3,Delaware,Travel blog,2026-09-27,Paid outreach
romantic getaways in Maine,,10,romantic getaways in maine new england,https://www.tripinn.com/blog/romantic-getaways-in-maine-new-england/,tripinn.com,25,76.3,National,Travel blog,2026-09-27,Needs review
romantic getaways in maine,590,10,romantic getaways in maine new england,https://www.tripinn.com/blog/romantic-getaways-in-maine-new-england/,tripinn.com,25,76.3,Maine,Travel blog,2026-09-27,Needs review
romantic getaways in texas,2900,15,romantic getaways in texas,https://texastravel365.com/romantic-getaways-in-texas/,texastravel365.com,14,76.3,Texas,Travel blog,2026-09-11,Paid outreach
weekend getaways in alabama,480,5,guide to alabama weekend getaway destinations,https://www.magnoliasprings.com/blog/guide-to-alabama-weekend-getaway-destinations/,magnoliasprings.com,,76.2,Alabama,Travel blog,2026-09-27,Needs review
romantic resorts in montana,390,9,montana resorts for couples,https://shebuystravel.com/montana-resorts-for-couples/,shebuystravel.com,43,76.2,Montana,Travel blog,2026-09-11,Paid outreach
romantic getaways in arkansas,880,10,12 romantic retreats for an arkansas getaway,https://aymag.com/12-romantic-retreats-for-an-arkansas-getaway/,aymag.com,40,76.2,Arkansas,Travel blog,2026-09-11,Paid outreach
weekend getaways in arkansas,590,19,12 romantic retreats for an arkansas getaway,https://aymag.com/12-romantic-retreats-for-an-arkansas-getaway/,aymag.com,40,76.2,Arkansas,Travel blog,2026-09-11,Paid outreach
romantic getaways in iowa,480,5,romantic getaways in iowa,https://mwinns.com/category/things-to-do-in-iowa/romantic-getaways-in-iowa/,mwinns.com,30,76.1,Iowa,Travel blog,2026-09-27,Paid outreach
weekend getaways in iowa,390,12,romantic getaways in iowa,https://mwinns.com/category/things-to-do-in-iowa/romantic-getaways-in-iowa/,mwinns.com,30,76.1,Iowa,Travel blog,2026-09-27,Paid outreach
romantic getaways in arizona,720,9,the perfect arizona honeymoon itinerary romantic resorts epic adventures more,https://whimsysoul.com/the-perfect-arizona-honeymoon-itinerary-romantic-resorts-epic-adventures-more/,whimsysoul.com,46,76.0,Arizona,Travel blog,2026-09-27,Paid outreach
romantic getaways in wisconsin,1900,9,romantic getaway in wisconsin,https://osthoff.com/romantic-getaway-in-wisconsin/,osthoff.com,37,76.0,Wisconsin,Travel blog,2026-09-11,Needs review
romantic hotels in wisconsin,320,16,romantic getaway in wisconsin,https://osthoff.com/romantic-getaway-in-wisconsin/,osthoff.com,37,76.0,Wisconsin,Travel blog,2026-09-11,Needs review
romantic getaways in new york state,70,5,romantic getaways in upstate new york couples resorts,https://glampinghub.com/rentalsearch/romantic-getaways-in-upstate-new-york-couples-resorts/,glampinghub.com,38,75.9,New York,Travel blog,2026-09-27,Paid outreach
romantic getaways in new jersey,1000,6,cape may romantic getaways,https://www.themasoncottage.com/cape-may-romantic-getaways,themasoncottage.com,23,75.9,New Jersey,Travel blog,2026-09-11,Paid outreach
romantic getaways in mississippi,260,5,best romantic getaway date night ideas in coastal mississippi,https://www.coastalmississippi.com/blog/best-romantic-getaway-date-night-ideas-in-coastal-mississippi/,coastalmississippi.com,,75.8,Mississippi,Travel blog,2026-09-27,Paid outreach
romantic getaways in south carolina,590,7,romantic getaways in the south,https://planreadygo.com/romantic-getaways-in-the-south/,planreadygo.com,,75.8,South Carolina,Travel blog,2026-09-27,Paid outreach
romantic getaways in South Carolina,,7,romantic getaways in the south,https://planreadygo.com/romantic-getaways-in-the-south/,planreadygo.com,,75.8,National,Travel blog,2026-09-27,Paid outreach
romantic getaways in Maine,,11,maine hotels for couples,https://www.thehotelguru.com/en-us/best-hotels/united-states-of-america/maine-hotels-for-couples,thehotelguru.com,47,75.8,National,Travel blog,2026-09-27,Paid outreach
romantic getaways in maine,590,11,maine hotels for couples,https://www.thehotelguru.com/en-us/best-hotels/united-states-of-america/maine-hotels-for-couples,thehotelguru.com,47,75.8,Maine,Travel blog,2026-09-27,Paid outreach
romantic getaways in utah,480,13,romantic getaways in utah,https://www.foratravel.com/the-journal/romantic-getaways-in-utah,foratravel.com,45,75.8,Utah,Travel blog,2026-09-11,Needs review
romantic resorts in utah,480,19,romantic getaways in utah,https://www.foratravel.com/the-journal/romantic-getaways-in-utah,foratravel.com,45,75.8,Utah,Travel blog,2026-09-11,Needs review
romantic getaways in utah,480,11,romantic getaways in utah,https://www.mountaineventrental.com/post/romantic-getaways-in-utah,mountaineventrental.com,,75.7,Utah,Travel blog,2026-09-27,Paid outreach
romantic getaways in california,1300,12,northern california romantic getaways,https://carriegreenzinn.com/northern-california-romantic-getaways/,carriegreenzinn.com,30,75.7,California,Travel blog,2026-09-11,Paid outreach
romantic getaways in northern California,,13,northern california romantic getaways,https://carriegreenzinn.com/northern-california-romantic-getaways/,carriegreenzinn.com,30,75.7,National,Travel blog,2026-09-11,Paid outreach
weekend getaways in california,2400,14,southern california weekend getaway,https://gypsywithadayjob.com/southern-california-weekend-getaway/,gypsywithadayjob.com,25,75.7,California,Travel blog,2026-09-11,Needs review
romantic getaways in oklahoma,720,7,romantic getaways in oklahoma to hochatown,https://www.beaversbendcreativeescape.com/romantic-getaways-in-oklahoma-to-hochatown/,beaversbendcreativeescape.com,,75.4,Oklahoma,Travel blog,2026-09-27,Needs review
romantic getaways in kentucky,720,9,romantic getaway louisville ky,https://practicalwanderlust.com/romantic-getaway-louisville-ky/,practicalwanderlust.com,42,75.4,Kentucky,Travel blog,2026-09-27,Needs review
romantic getaways in nebraska,140,9,14 best romantic getaways nebraska,https://nebraskapassport.com/news/14-best-romantic-getaways-nebraska,nebraskapassport.com,,75.4,Nebraska,Travel blog,2026-09-27,Needs review
couples getaways in michigan,1000,11,romantic michigan getaway jackson,https://www.awesomemitten.com/romantic-michigan-getaway-jackson/,awesomemitten.com,31,75.4,Michigan,Travel blog,2026-09-11,Paid outreach
romantic getaways in north carolina,1900,13,weekend getaways in north carolina,https://www.nctripping.com/weekend-getaways-in-north-carolina/,nctripping.com,37,75.4,North Carolina,Travel blog,2026-09-11,Paid outreach
couples getaways in north carolina,480,17,weekend getaways in north carolina,https://www.nctripping.com/weekend-getaways-in-north-carolina/,nctripping.com,37,75.4,North Carolina,Travel blog,2026-09-11,Paid outreach
romantic getaways in michigan,2400,20,romantic michigan getaway jackson,https://www.awesomemitten.com/romantic-michigan-getaway-jackson/,awesomemitten.com,31,75.4,Michigan,Travel blog,2026-09-11,Paid outreach
romantic getaways in idaho,210,11,couples weekend getaway northern idaho usa,https://glampinghub.com/rentalsearch/couples-weekend-getaway-northern-idaho-usa/,glampinghub.com,38,75.3,Idaho,Travel blog,2026-09-27,Needs review
romantic getaways in louisiana,320,6,day trips and weekend getaways in south louisiana,https://www.travelingmamas.com/destinations/day-trips-and-weekend-getaways-in-south-louisiana/,travelingmamas.com,,75.2,Louisiana,Travel blog,2026-09-27,Paid outreach
romantic hotels in michigan,390,13,romantic hotels in michigan,https://www.tripinn.com/blog/romantic-hotels-in-michigan/,tripinn.com,25,75.2,Michigan,Travel blog,2026-09-11,Needs review
jacuzzi suites in michigan,880,14,romantic hotels in michigan,https://www.tripinn.com/blog/romantic-hotels-in-michigan/,tripinn.com,25,75.2,Michigan,Travel blog,2026-09-11,Needs review
hotels with jacuzzi in room in michigan,880,15,romantic hotels in michigan,https://www.tripinn.com/blog/romantic-hotels-in-michigan/,tripinn.com,25,75.2,Michigan,Travel blog,2026-09-11,Needs review
romantic getaways in missouri,880,12,romantic destinations in missouri,https://glampinghub.com/rentalsearch/romantic-destinations-in-missouri/,glampinghub.com,38,75.1,Missouri,Travel blog,2026-09-27,Paid outreach
weekend getaways in california,2400,15,weekend getaways from sf bay area,https://acharmingescape.com/weekend-getaways-from-sf-bay-area/,acharmingescape.com,27,75.1,California,Travel blog,2026-09-11,Paid outreach
weekend getaways in alabama,480,7,13 perfect places for day or weekend trips from alabama,https://www.al.com/life/2024/05/13-perfect-places-for-day-or-weekend-trips-from-alabama.html,al.com,,75.0,Alabama,Travel blog,2026-09-27,Needs review
weekend getaways in colorado,1000,9,best weekend trips from denver for nature culture and fun,https://whimsysoul.com/best-weekend-trips-from-denver-for-nature-culture-and-fun/,whimsysoul.com,46,74.8,Colorado,Travel blog,2026-09-11,Paid outreach
romantic getaways in michigan,2400,12,romantic getaways in michigan,https://bluefishvacations.com/1338/romantic-getaways-in-michigan/,bluefishvacations.com,28,74.8,Michigan,Travel blog,2026-09-11,Paid outreach
romantic getaways in tennessee,880,13,couples weekend getaway tennessee,https://hemlockhillscabinrentals.com/blog/couples-weekend-getaway-tennessee/,hemlockhillscabinrentals.com,,74.8,Tennessee,Travel blog,2026-09-27,Paid outreach
romantic getaways in washington state,1000,14,romantic getaways washington state,https://www.athomeinlove.com/romantic-getaways-washington-state/,athomeinlove.com,26,74.8,Washington,Travel blog,2026-09-11,Needs review
couples getaways in michigan,1000,17,romantic getaways in michigan,https://bluefishvacations.com/1338/romantic-getaways-in-michigan/,bluefishvacations.com,28,74.8,Michigan,Travel blog,2026-09-11,Paid outreach
romantic getaways in idaho,210,12,romantic getaways dover bay marina lake pend oreille,https://doverbayidaho.com/romantic-getaways-dover-bay-marina-lake-pend-oreille/,doverbayidaho.com,,74.7,Idaho,Travel blog,2026-09-27,Needs review
romantic getaways in alabama,590,12,romantic weekend getaways muscle shoals alabama 718,https://glampinghub.com/rentalsearch/romantic-weekend-getaways-muscle-shoals-alabama-718/,glampinghub.com,38,74.7,Alabama,Travel blog,2026-09-27,Needs review
weekend getaways in alabama,480,14,romantic weekend getaways muscle shoals alabama 718,https://glampinghub.com/rentalsearch/romantic-weekend-getaways-muscle-shoals-alabama-718/,glampinghub.com,38,74.7,Alabama,Travel blog,2026-09-27,Needs review
romantic hotels in new jersey,720,10,10 best luxury hotels in nj,https://vuenj.com/10-best-luxury-hotels-in-nj/,vuenj.com,30,74.6,New Jersey,Travel blog,2026-09-11,Paid outreach
romantic getaways in hawaii,140,10,most private secluded romantic getaways in hawaii,https://www.hawaiiactivities.com/travelguide/most-private-secluded-romantic-getaways-in-hawaii/,hawaiiactivities.com,,74.6,Hawaii,Travel blog,2026-09-27,Paid outreach
romantic resorts in kentucky,720,13,your romantic getaways in kentucky,https://bourbonmanor.com/blog/your-romantic-getaways-in-kentucky/,bourbonmanor.com,29,74.5,Kentucky,Travel blog,2026-09-11,Needs review
romantic getaways in kentucky,720,15,your romantic getaways in kentucky,https://bourbonmanor.com/blog/your-romantic-getaways-in-kentucky/,bourbonmanor.com,29,74.5,Kentucky,Travel blog,2026-09-11,Needs review
romantic getaways in alaska,90,8,romantic getaway to homer alaska,https://thedriftwoodinn.com/blog/romantic-getaway-to-homer-alaska/,thedriftwoodinn.com,,74.4,Alaska,Travel blog,2026-09-27,Paid outreach
romantic getaways in wisconsin,1900,12,wisconsin winter getaways for couples,https://paulinaontheroad.com/wisconsin-winter-getaways-for-couples/,paulinaontheroad.com,29,74.3,Wisconsin,Travel blog,2026-09-11,Paid outreach
romantic hotels in wisconsin,320,14,wisconsin winter getaways for couples,https://paulinaontheroad.com/wisconsin-winter-getaways-for-couples/,paulinaontheroad.com,29,74.3,Wisconsin,Travel blog,2026-09-11,Paid outreach
romantic getaways in north carolina,1900,15,plan a romantic getaway in western north carolina,https://www.landmarkvacations.com/blog/plan-a-romantic-getaway-in-western-north-carolina/,landmarkvacations.com,21,74.3,North Carolina,Travel blog,2026-09-11,Needs review
couples getaways in north carolina,480,18,plan a romantic getaway in western north carolina,https://www.landmarkvacations.com/blog/plan-a-romantic-getaway-in-western-north-carolina/,landmarkvacations.com,21,74.3,North Carolina,Travel blog,2026-09-11,Needs review
romantic getaways in vermont,720,14,best vermont getaway for couples,https://vermontbandbinn.com/blog/best-vermont-getaway-for-couples/,vermontbandbinn.com,,74.2,Vermont,Travel blog,2026-09-27,Needs review
romantic getaways in Vermont,,14,best vermont getaway for couples,https://vermontbandbinn.com/blog/best-vermont-getaway-for-couples/,vermontbandbinn.com,,74.2,National,Travel blog,2026-09-27,Needs review
romantic getaways in georgia,2400,15,romantic weekend getaways georgia,https://www.enjoytravel.com/us/travel-news/places-to-visit/romantic-weekend-getaways-georgia/,enjoytravel.com,43,74.2,Georgia,Travel blog,2026-09-11,Needs review
romantic getaways in new mexico,210,8,romantic mountain getaways new mexico usa,https://glampinghub.com/rentalsearch/romantic-mountain-getaways-new-mexico-usa/,glampinghub.com,38,74.1,New Mexico,Travel blog,2026-09-27,Paid outreach
romantic getaways in louisiana,320,8,romantic cabin getaways louisiana,https://glampinghub.com/rentalsearch/romantic-cabin-getaways-louisiana/,glampinghub.com,38,74.1,Louisiana,Travel blog,2026-09-27,Paid outreach
romantic getaways in new hampshire,590,11,romantic getaways in new hampshire,https://yourtimetofly.com/romantic-getaways-in-new-hampshire/,yourtimetofly.com,32,74.1,New Hampshire,Travel blog,2026-09-27,Paid outreach
romantic getaways in New Hampshire,,11,romantic getaways in new hampshire,https://yourtimetofly.com/romantic-getaways-in-new-hampshire/,yourtimetofly.com,32,74.1,National,Travel blog,2026-09-27,Paid outreach
romantic getaways in idaho,210,13,romantic getaways,https://yellowstoneteton.com/blog/romantic-getaways/,yellowstoneteton.com,,74.1,Idaho,Travel blog,2026-09-27,Needs review
romantic getaways in new mexico,210,7,romantic getaways to new mexico the best way to spark romance,https://pacificcoastjournal.com/2021/09/10/romantic-getaways-to-new-mexico-the-best-way-to-spark-romance/,pacificcoastjournal.com,,74.0,New Mexico,Local media,2026-09-27,Needs review
romantic getaways in arkansas,880,14,travel arkansas romantic getaways,https://aymag.com/travel-arkansas-romantic-getaways/,aymag.com,40,74.0,Arkansas,Travel blog,2026-09-11,Paid outreach
romantic getaways in oregon,880,14,plan the perfect romantic getaway any time of year on oregon s adventure coast,https://www.oregonsadventurecoast.com/blog/plan-the-perfect-romantic-getaway-any-time-of-year-on-oregon-s-adventure-coast/,oregonsadventurecoast.com,,74.0,Oregon,Travel blog,2026-09-27,Paid outreach
romantic getaways in utah,480,14,romantic weekend getaways in utah,https://www.tripping.com/guides/romantic-weekend-getaways-in-utah,tripping.com,42,74.0,Utah,Travel blog,2026-09-27,Needs review
romantic getaways in illinois,880,13,romantic getaways in illinois,https://trespot.com/romantic-getaways-in-illinois.html,trespot.com,,73.9,Illinois,Travel blog,2026-09-27,Paid outreach
romantic getaways in kentucky,720,14,weekend getaways in kentucky trips you will never forget,https://www.roadiscalling.com/weekend-getaways-in-kentucky-trips-you-will-never-forget/,roadiscalling.com,40,73.9,Kentucky,Travel blog,2026-09-11,Paid outreach
romantic resorts in north carolina,1900,15,best romantic getaways in north carolina,https://www.skylaranna.com/blog/best-romantic-getaways-in-north-carolina,skylaranna.com,20,73.9,North Carolina,Travel blog,2026-09-11,Needs review
romantic resorts in kentucky,720,18,weekend getaways in kentucky trips you will never forget,https://www.roadiscalling.com/weekend-getaways-in-kentucky-trips-you-will-never-forget/,roadiscalling.com,40,73.9,Kentucky,Travel blog,2026-09-11,Paid outreach
couples getaways in florida,880,12,couples getaway,https://www.sunseekerresort.com/couples-getaway/,sunseekerresort.com,36,73.8,Florida,Local media,2026-09-11,Needs review
romantic getaways in florida,2400,14,couples getaway,https://www.sunseekerresort.com/couples-getaway/,sunseekerresort.com,36,73.8,Florida,Local media,2026-09-11,Needs review
romantic getaways in wisconsin,1900,13,romantic getaway for couples,https://cedarlodgedells.com/romantic-getaway-for-couples/,cedarlodgedells.com,26,73.7,Wisconsin,Travel blog,2026-09-11,Paid outreach
romantic hotels in wisconsin,320,15,romantic getaway for couples,https://cedarlodgedells.com/romantic-getaway-for-couples/,cedarlodgedells.com,26,73.7,Wisconsin,Travel blog,2026-09-11,Paid outreach
romantic getaways in south dakota,70,10,15 best romantic weekend getaways south dakota,https://www.thecrazytourist.com/15-best-romantic-weekend-getaways-south-dakota/,thecrazytourist.com,,73.6,South Dakota,Travel blog,2026-09-27,Paid outreach
romantic getaways in South Carolina,,11,romantic valentines day getaway in folly beach south carolina,https://www.innatfollybeach.com/romantic-valentines-day-getaway-in-folly-beach-south-carolina/,innatfollybeach.com,,73.6,National,Travel blog,2026-09-27,Needs review
romantic getaways in south carolina,590,11,romantic valentines day getaway in folly beach south carolina,https://www.innatfollybeach.com/romantic-valentines-day-getaway-in-folly-beach-south-carolina/,innatfollybeach.com,,73.6,South Carolina,Travel blog,2026-09-27,Needs review
romantic getaways in idaho,210,14,15 romantic getaways in idaho,https://coeurdalene.org/15-romantic-getaways-in-idaho/,coeurdalene.org,,73.6,Idaho,Travel blog,2026-09-27,Needs review
romantic getaways in alabama,590,14,romantic things to do in alabama perfect date ideas,https://www.enjoyuniquestays.com/blog/romantic-things-to-do-in-alabama-perfect-date-ideas,enjoyuniquestays.com,,73.6,Alabama,Travel blog,2026-09-27,Paid outreach
romantic getaways in tennessee,880,15,tennessee two top 5 romantic getaways tn,https://glampinghub.com/blog/tennessee-two-top-5-romantic-getaways-tn/,glampinghub.com,38,73.6,Tennessee,Travel blog,2026-09-27,Paid outreach
romantic resorts in michigan,2400,16,find perfect romantic getaway ann arbor michigan,https://www.webersannarbor.com/find-perfect-romantic-getaway-ann-arbor-michigan/,webersannarbor.com,35,73.6,Michigan,Travel blog,2026-09-11,Paid outreach
romantic hotels in michigan,390,18,find perfect romantic getaway ann arbor michigan,https://www.webersannarbor.com/find-perfect-romantic-getaway-ann-arbor-michigan/,webersannarbor.com,35,73.6,Michigan,Travel blog,2026-09-11,Paid outreach
romantic places to stay in Charleston SC,,18,romantic valentines day getaway in folly beach south carolina,https://www.innatfollybeach.com/romantic-valentines-day-getaway-in-folly-beach-south-carolina/,innatfollybeach.com,,73.6,National,Travel blog,2026-09-27,Needs review
romantic getaways in Maryland,,11,30 surprisingly romantic getaways in maryland dc and virginia,https://www.getawaymavens.com/30-surprisingly-romantic-getaways-in-maryland-dc-and-virginia/,getawaymavens.com,30,73.4,National,Travel blog,2026-09-27,Paid outreach
romantic getaways from Washington DC,,11,30 surprisingly romantic getaways in maryland dc and virginia,https://www.getawaymavens.com/30-surprisingly-romantic-getaways-in-maryland-dc-and-virginia/,getawaymavens.com,30,73.4,National,Travel blog,2026-09-27,Paid outreach
romantic getaways near Washington DC,,12,30 surprisingly romantic getaways in maryland dc and virginia,https://www.getawaymavens.com/30-surprisingly-romantic-getaways-in-maryland-dc-and-virginia/,getawaymavens.com,30,73.4,National,Travel blog,2026-09-27,Paid outreach
romantic getaways near Denver,,12,9 perfect romantic getaways in colorado,https://supermegabien.com/2023/12/28/9-perfect-romantic-getaways-in-colorado/,supermegabien.com,30,73.4,National,Travel blog,2026-09-11,Needs review
romantic resorts in tennessee,720,12,music road resort is the most romantic hotel in pigeon forge,https://www.musicroadresort.com/blog/music-road-resort-is-the-most-romantic-hotel-in-pigeon-forge,musicroadresort.com,29,73.4,Tennessee,Travel blog,2026-09-11,Needs review
romantic hotels in kansas,590,14,romantic hotels kansas city anniversary getaway guide,https://southmoreland.com/romantic-hotels-kansas-city-anniversary-getaway-guide/,southmoreland.com,27,73.4,Kansas,Travel blog,2026-09-11,Paid outreach
weekend getaways in colorado,1000,14,9 perfect romantic getaways in colorado,https://supermegabien.com/2023/12/28/9-perfect-romantic-getaways-in-colorado/,supermegabien.com,30,73.4,Colorado,Travel blog,2026-09-11,Needs review
romantic getaways in arkansas,880,15,10 most romantic getaways in arkansas hidden gems for couples,https://www.surprisinggetaways.com/post/10-most-romantic-getaways-in-arkansas-hidden-gems-for-couples,surprisinggetaways.com,7,73.4,Arkansas,Travel blog,2026-09-11,Needs review
romantic getaways in utah,480,15,romantic getaways in utah,https://www.tripinn.com/blog/romantic-getaways-in-utah/,tripinn.com,25,73.4,Utah,Travel blog,2026-09-27,Needs review
romantic getaways in colorado,1600,16,9 perfect romantic getaways in colorado,https://supermegabien.com/2023/12/28/9-perfect-romantic-getaways-in-colorado/,supermegabien.com,30,73.4,Colorado,Travel blog,2026-09-11,Needs review
romantic getaways in kansas,260,18,romantic hotels kansas city anniversary getaway guide,https://southmoreland.com/romantic-hotels-kansas-city-anniversary-getaway-guide/,southmoreland.com,27,73.4,Kansas,Travel blog,2026-09-11,Paid outreach
romantic getaways in virginia,880,18,30 surprisingly romantic getaways in maryland dc and virginia,https://www.getawaymavens.com/30-surprisingly-romantic-getaways-in-maryland-dc-and-virginia/,getawaymavens.com,30,73.4,Virginia,Travel blog,2026-09-27,Paid outreach
hotels with in room jacuzzi in san diego,880,13,hotels with private hot tubs in room in san diego,https://jessieonajourney.com/hotels-with-private-hot-tubs-in-room-in-san-diego/,jessieonajourney.com,35,73.2,San Diego,Travel blog,2026-09-11,Paid outreach
romantic getaways in tennessee,880,16,best romantic getaways in tennessee,https://blueridgemountainstravelguide.com/best-romantic-getaways-in-tennessee/,blueridgemountainstravelguide.com,,73.1,Tennessee,Travel blog,2026-09-27,Paid outreach
weekend getaways in indiana,720,16,road trips within 3 hours of indianapolis,https://ouradventureiseverywhere.com/road-trips-within-3-hours-of-indianapolis/,ouradventureiseverywhere.com,,73.1,Indiana,Travel blog,2026-09-27,Paid outreach
romantic getaways in washington state,1000,17,romantic getaways in washington,https://cameoheightsmansion.com/blog/romantic-getaways-in-washington/,cameoheightsmansion.com,27,73.1,Washington,Travel blog,2026-09-11,Needs review
romantic getaways in south dakota,70,11,south dakota honeymoon road trip the best stops for a romantic adventure out west,https://www.adlerranch.com/adlerblog/south-dakota-honeymoon-road-trip-the-best-stops-for-a-romantic-adventure-out-west,adlerranch.com,,73.0,South Dakota,Travel blog,2026-09-27,Needs review
romantic getaways in South Carolina,,12,romantic getaway to south carolina winter,https://607bay.com/blog/romantic-getaway-to-south-carolina-winter/,607bay.com,,73.0,National,Travel blog,2026-09-27,Needs review
romantic getaways in south carolina,590,12,romantic getaway to south carolina winter,https://607bay.com/blog/romantic-getaway-to-south-carolina-winter/,607bay.com,,73.0,South Carolina,Travel blog,2026-09-27,Needs review
romantic getaways in delaware,110,8,anniversary ideas,https://boardwalkplaza.com/blog/anniversary-ideas/,boardwalkplaza.com,,72.9,Delaware,Travel blog,2026-09-27,Paid outreach
weekend getaways in arizona,590,12,arizona road trip best things to do,https://www.livelikeitstheweekend.com/arizona-road-trip-best-things-to-do/,livelikeitstheweekend.com,49,72.9,Arizona,Travel blog,2026-09-27,Paid outreach
romantic getaways near Portland,,16,best romantic weekend getaways in oregon,https://vacationidea.com/ideas/best-romantic-weekend-getaways-in-oregon.html,vacationidea.com,,72.9,National,Travel blog,2026-09-27,Needs review
romantic getaways in oregon,880,16,best romantic weekend getaways in oregon,https://vacationidea.com/ideas/best-romantic-weekend-getaways-in-oregon.html,vacationidea.com,,72.9,Oregon,Travel blog,2026-09-27,Needs review
weekend getaways in california,2400,19,budget weekend getaways in california,https://ordinarytraveler.com/budget-weekend-getaways-in-california,ordinarytraveler.com,33,72.9,California,Travel blog,2026-09-11,Needs review
romantic resorts in utah,480,15,park city honeymoon guide,https://www.parkcitymountain.com/travel-guide/park-city-honeymoon-guide.aspx,parkcitymountain.com,53,72.8,Utah,Travel blog,2026-09-11,Needs review
couples getaways in north carolina,480,15,unforgettable romantic getaways in north carolina for couples,https://www.enjoyuniquestays.com/blog/unforgettable-romantic-getaways-in-north-carolina-for-couples,enjoyuniquestays.com,,72.8,North Carolina,Travel blog,2026-09-27,Needs review
romantic getaways in utah,480,16,romantic getaways in utah,https://www.deseret.com/lifestyle/2024/03/22/romantic-getaways-in-utah/,deseret.com,,72.8,Utah,Travel blog,2026-09-27,Paid outreach
romantic getaways in salt lake city,,17,park city honeymoon guide,https://www.parkcitymountain.com/travel-guide/park-city-honeymoon-guide.aspx,parkcitymountain.com,53,72.8,Salt Lake City,Travel blog,2026-09-11,Needs review
romantic getaways near San Diego,,1,romantic cabin getaways san diego california,https://glampinghub.com/rentalsearch/romantic-cabin-getaways-san-diego-california/,glampinghub.com,38,72.7,National,Travel blog,2026-09-27,Paid outreach
jacuzzi suites in chicago,880,12,discover the best chicago hotels with jacuzzi rooms for a luxurious stay,https://www.breakingtravelnews.com/news/article/discover-the-best-chicago-hotels-with-jacuzzi-rooms-for-a-luxurious-stay/,breakingtravelnews.com,40,72.7,Chicago,Local media,2026-09-11,Needs review
romantic getaways in arizona,720,15,romantic weekend getaways in arizona,https://www.cuddlynest.com/guides/usa/romantic-weekend-getaways-in-arizona,cuddlynest.com,,72.6,Arizona,Travel blog,2026-09-27,Needs review
weekend getaways in arizona,590,16,romantic weekend getaways in arizona,https://www.cuddlynest.com/guides/usa/romantic-weekend-getaways-in-arizona,cuddlynest.com,,72.6,Arizona,Travel blog,2026-09-27,Needs review
romantic getaways in washington state,1000,18,romantic getaways wine country,https://smalltownwashington.com/romantic-getaways-wine-country/,smalltownwashington.com,29,72.6,Washington,Travel blog,2026-09-11,Needs review
couples getaways in north carolina,480,1,romantic getaways,https://www.visitnc.com/things-to-do/romantic-getaways,visitnc.com,50,72.5,North Carolina,Tourism,2026-09-11,Needs review
romantic getaways in north carolina,1900,1,romantic getaways,https://www.visitnc.com/things-to-do/romantic-getaways,visitnc.com,50,72.5,North Carolina,Tourism,2026-09-11,Needs review
best anniversary trip ideas,,3,romantic getaways,https://www.visitnc.com/things-to-do/romantic-getaways,visitnc.com,50,72.5,National,Tourism,2026-09-11,Needs review
romantic resorts in north carolina,1900,5,romantic getaways,https://www.visitnc.com/things-to-do/romantic-getaways,visitnc.com,50,72.5,North Carolina,Tourism,2026-09-11,Needs review
romantic getaways near Charlotte,,16,romantic getaways,https://www.visitnc.com/things-to-do/romantic-getaways,visitnc.com,50,72.5,National,Tourism,2026-09-11,Needs review
romantic getaways in tennessee,880,17,best romantic getaways in tennessee,https://southerntrippers.com/best-romantic-getaways-in-tennessee/,southerntrippers.com,,72.5,Tennessee,Travel blog,2026-09-27,Paid outreach
romantic getaways in Vermont,,17,romantic getaways in vermont,https://www.fourchimneys.com/romantic-getaways-in-vermont,fourchimneys.com,,72.5,National,Travel blog,2026-09-27,Paid outreach
romantic getaways in vermont,720,17,romantic getaways in vermont,https://www.fourchimneys.com/romantic-getaways-in-vermont,fourchimneys.com,,72.5,Vermont,Travel blog,2026-09-27,Paid outreach
romantic resorts in michigan,2400,18,11 romantic michigan getaways to book asap,https://detroitmom.com/11-romantic-michigan-getaways-to-book-asap/,detroitmom.com,29,72.5,Michigan,Travel blog,2026-09-11,Paid outreach
romantic getaways in northern Michigan,,18,the most romantic getaways in northern michigan plan your dream escape to the inn at stonecliffe,https://www.theinnatstonecliffe.com/blog/the-most-romantic-getaways-in-northern-michigan-plan-your-dream-escape-to-the-inn-at-stonecliffe,theinnatstonecliffe.com,36,72.5,National,Travel blog,2026-09-11,Paid outreach
romantic resorts in michigan,2400,20,the most romantic getaways in northern michigan plan your dream escape to the inn at stonecliffe,https://www.theinnatstonecliffe.com/blog/the-most-romantic-getaways-in-northern-michigan-plan-your-dream-escape-to-the-inn-at-stonecliffe,theinnatstonecliffe.com,36,72.5,Michigan,Travel blog,2026-09-11,Paid outreach
romantic getaways in colorado,1600,12,things for couples to do in colorado,https://bestcoloradomountaingetaways.com/things-for-couples-to-do-in-colorado/,bestcoloradomountaingetaways.com,10,72.4,Colorado,Travel blog,2026-09-11,Paid outreach
romantic getaways in wyoming,110,12,tips for a romantic jackson hole getaway,https://www.jacksonholewy.com/blog/tips-for-a-romantic-jackson-hole-getaway/,jacksonholewy.com,,72.4,Wyoming,Travel blog,2026-09-27,Needs review
romantic getaways in arkansas,880,17,romantic getaways in arkansas,https://www.allaboutglamping.com/romantic-getaways-in-arkansas/,allaboutglamping.com,17,72.3,Arkansas,Travel blog,2026-09-11,Paid outreach
romantic getaways in iowa,480,12,romantic getaways iowa and lake okoboji,https://theoakwoodinnokoboji.com/romantic-getaways-iowa-and-lake-okoboji/,theoakwoodinnokoboji.com,,72.2,Iowa,Travel blog,2026-09-27,Paid outreach
weekend getaways in iowa,390,15,romantic getaways iowa and lake okoboji,https://theoakwoodinnokoboji.com/romantic-getaways-iowa-and-lake-okoboji/,theoakwoodinnokoboji.com,,72.2,Iowa,Travel blog,2026-09-27,Paid outreach
weekend getaways in florida,3600,19,weekend getaways in florida,https://practicalwanderlust.com/weekend-getaways-in-florida/,practicalwanderlust.com,42,72.1,Florida,Travel blog,2026-09-11,Paid outreach
romantic getaways in oklahoma,720,13,romantic cabins in oklahoma,https://brokenbowcabinlodging.com/category/romantic-cabins-in-oklahoma/,brokenbowcabinlodging.com,,72.0,Oklahoma,Travel blog,2026-09-27,Needs review
romantic getaways in nebraska,140,15,romantic weekend getaway in grand island,https://herviewfromhome.com/romantic-weekend-getaway-in-grand-island/,herviewfromhome.com,,72.0,Nebraska,Travel blog,2026-09-27,Paid outreach
romantic getaways in Vermont,,18,romantic getaways in vermont,https://www.girlwiththepassport.com/romantic-getaways-in-vermont/,girlwiththepassport.com,,72.0,National,Travel blog,2026-09-27,Paid outreach
romantic getaways in vermont,720,18,romantic getaways in vermont,https://www.girlwiththepassport.com/romantic-getaways-in-vermont/,girlwiththepassport.com,,72.0,Vermont,Travel blog,2026-09-27,Paid outreach
weekend getaways in indiana,720,18,weekend getaways in indiana,https://homestrategygroup.com/blog/weekend-getaways-in-indiana,homestrategygroup.com,,72.0,Indiana,Travel blog,2026-09-27,Needs review
romantic getaways in washington state,1000,19,romantic cabin in washington state,https://seekingthenow.com/destinations/washington/romantic-cabin-in-washington-state/,seekingthenow.com,20,72.0,Washington,Travel blog,2026-09-11,Paid outreach
romantic getaways in the Smoky Mountains,,2,romantic getaway,https://www.explorebrysoncity.com/plan-your-visit/trip-ideas/romantic-getaway/,explorebrysoncity.com,41,71.9,National,Tourism,2026-09-11,Needs review
couples getaways in north carolina,480,7,romantic getaway,https://www.explorebrysoncity.com/plan-your-visit/trip-ideas/romantic-getaway/,explorebrysoncity.com,41,71.9,North Carolina,Tourism,2026-09-11,Needs review
romantic getaways in north carolina,1900,8,romantic getaway,https://www.explorebrysoncity.com/plan-your-visit/trip-ideas/romantic-getaway/,explorebrysoncity.com,41,71.9,North Carolina,Tourism,2026-09-11,Needs review
romantic resorts in north carolina,1900,13,romantic getaway,https://www.explorebrysoncity.com/plan-your-visit/trip-ideas/romantic-getaway/,explorebrysoncity.com,41,71.9,North Carolina,Tourism,2026-09-11,Needs review
romantic getaways in new hampshire,590,15,romantic cabins new hampshire usa,https://glampinghub.com/rentalsearch/romantic-cabins-new-hampshire-usa/,glampinghub.com,38,71.9,New Hampshire,Travel blog,2026-09-27,Paid outreach
romantic getaways in New Hampshire,,15,romantic cabins new hampshire usa,https://glampinghub.com/rentalsearch/romantic-cabins-new-hampshire-usa/,glampinghub.com,38,71.9,National,Travel blog,2026-09-27,Paid outreach
weekend getaways in illinois,590,16,5 charming towns illinois romantic weekend getaway,https://www.planetware.com/2171373/5-charming-towns-illinois-romantic-weekend-getaway/,planetware.com,,71.9,Illinois,Travel blog,2026-09-27,Needs review
weekend getaways in georgia,1000,18,best weekend getaways in georgia,https://www.tripping.com/guides/best-weekend-getaways-in-georgia,tripping.com,42,71.9,Georgia,Travel blog,2026-09-11,Needs review
romantic getaways in tennessee,880,18,weekend getaways in tennessee for couples,https://hemlockhillscabinrentals.com/blog/weekend-getaways-in-tennessee-for-couples/,hemlockhillscabinrentals.com,,71.9,Tennessee,Travel blog,2026-09-27,Paid outreach
romantic getaways in wyoming,110,13,4,https://rusticinnatjh.com/blog/page/4/,rusticinnatjh.com,,71.8,Wyoming,Travel blog,2026-09-27,Needs review
romantic hotels in new jersey,720,15,romantic hotels in nj where to go for a couples getaway,https://njmom.com/romantic-hotels-in-nj-where-to-go-for-a-couples-getaway/,njmom.com,32,71.8,New Jersey,Travel blog,2026-09-11,Paid outreach
romantic resorts in tennessee,720,15,best romantic getaways in tennessee,https://stockpilingmoms.com/best-romantic-getaways-in-tennessee/,stockpilingmoms.com,36,71.8,Tennessee,Travel blog,2026-09-11,Paid outreach
romantic getaways in oregon,880,18,unique romantic getaways oregon insider guide,https://www.hauteblack.com/news/unique-romantic-getaways-oregon-insider-guide,hauteblack.com,,71.8,Oregon,Travel blog,2026-09-27,Needs review
romantic getaways in maine,590,18,romantic getaways in maine,https://www.docksidegq.com/blog/romantic-getaways-in-maine/,docksidegq.com,,71.8,Maine,Travel blog,2026-09-27,Paid outreach
romantic getaways in Maine,,18,romantic getaways in maine,https://www.docksidegq.com/blog/romantic-getaways-in-maine/,docksidegq.com,,71.8,National,Travel blog,2026-09-27,Paid outreach
romantic resorts in montana,390,17,romantic getaways in montana top spots for couples,https://www.whimstay.com/blog/romantic-getaways-in-montana-top-spots-for-couples/,whimstay.com,34,71.7,Montana,Travel blog,2026-09-11,Needs review
romantic getaways in missouri,880,18,romantic getaways at the lake of the ozarks,https://www.margaritavilleresortlakeoftheozarks.com/blog/romantic-getaways-at-the-lake-of-the-ozarks,margaritavilleresortlakeoftheozarks.com,,71.7,Missouri,Travel blog,2026-09-27,Needs review
romantic getaways in montana,390,20,romantic getaways in montana top spots for couples,https://www.whimstay.com/blog/romantic-getaways-in-montana-top-spots-for-couples/,whimstay.com,34,71.7,Montana,Travel blog,2026-09-11,Needs review
weekend getaways in colorado,1000,12,adults only escapes colorado,https://www.colorado.com/articles/adults-only-escapes-colorado,colorado.com,55,71.6,Colorado,Editorial,2026-09-11,Needs review
romantic getaways in Vermont,,16,vermont couples getaways,https://www.snow.com/articles/vermont-couples-getaways.aspx,snow.com,,71.6,National,Lifestyle blog,2026-09-27,Needs review
romantic getaways in vermont,720,16,vermont couples getaways,https://www.snow.com/articles/vermont-couples-getaways.aspx,snow.com,,71.6,Vermont,Lifestyle blog,2026-09-27,Needs review
romantic resorts in tennessee,720,17,springtime romance couples getaways in gatlinburg,https://www.moonshinemountaincoaster.com/springtime-romance-couples-getaways-in-gatlinburg/,moonshinemountaincoaster.com,37,71.6,Tennessee,Travel blog,2026-09-11,Needs review
romantic getaways in the Smoky Mountains,,17,springtime romance couples getaways in gatlinburg,https://www.moonshinemountaincoaster.com/springtime-romance-couples-getaways-in-gatlinburg/,moonshinemountaincoaster.com,37,71.6,National,Travel blog,2026-09-11,Needs review
romantic resorts in georgia,2400,19,the most romantic getaways for couples in georgia,https://chateauelan.com/press/the-most-romantic-getaways-for-couples-in-georgia/,chateauelan.com,43,71.6,Georgia,Travel blog,2026-09-11,Needs review
romantic getaways in virginia,880,17,romantic getaways in va,https://www.letsroam.com/explorer/romantic-getaways-in-va/,letsroam.com,48,71.5,Virginia,Travel blog,2026-09-11,Paid outreach
romantic getaways in arizona,720,17,the best of the southwest 5 romantic getaways in arizona for the perfect valentines day,https://flagstaff.littleamerica.com/the-best-of-the-southwest-5-romantic-getaways-in-arizona-for-the-perfect-valentines-day/,littleamerica.com,,71.5,Arizona,Travel blog,2026-09-27,Paid outreach
romantic hotels in wisconsin,320,17,romantic getaways in wisconsin winter,https://mwinns.com/blog/romantic-getaways-in-wisconsin-winter/,mwinns.com,30,71.5,Wisconsin,Travel blog,2026-09-11,Needs review
romantic getaways in wisconsin,1900,18,romantic getaways in wisconsin winter,https://mwinns.com/blog/romantic-getaways-in-wisconsin-winter/,mwinns.com,30,71.5,Wisconsin,Travel blog,2026-09-11,Needs review
romantic resorts in virginia,880,19,romantic getaways in va,https://www.letsroam.com/explorer/romantic-getaways-in-va/,letsroam.com,48,71.5,Virginia,Travel blog,2026-09-11,Paid outreach
romantic getaways in new jersey,1000,14,romantic resorts in nj,https://www.icona.com/news/romantic-resorts-in-nj/,icona.com,39,71.4,New Jersey,Travel blog,2026-09-11,Needs review
romantic getaways in nebraska,140,16,most unique places to stay in nebraska,https://ohmyomaha.com/most-unique-places-to-stay-in-nebraska/,ohmyomaha.com,,71.4,Nebraska,Travel blog,2026-09-27,Paid outreach
romantic hotels in new jersey,720,18,romantic resorts in nj,https://www.icona.com/news/romantic-resorts-in-nj/,icona.com,39,71.4,New Jersey,Travel blog,2026-09-11,Needs review
romantic getaways in tennessee,880,19,romantic getaways in tn,https://365atlantatraveler.com/romantic-getaways-in-tn/,365atlantatraveler.com,,71.4,Tennessee,Travel blog,2026-09-27,Paid outreach
weekend getaways in arkansas,590,12,planning your solo weekend escape in arkansas,https://onlyinark.com/places-and-travel/planning-your-solo-weekend-escape-in-arkansas/,onlyinark.com,,71.3,Arkansas,Travel blog,2026-09-27,Needs review
romantic getaways in new mexico,210,13,santa fe romantic getaway,https://www.turquoisebear.com/blog/santa-fe-romantic-getaway.html,turquoisebear.com,,71.3,New Mexico,Travel blog,2026-09-27,Needs review
romantic getaways in south dakota,70,14,romantic getaways south dakota,https://futurescopes.org/romance/romantic-getaways/3922/romantic-getaways-south-dakota,futurescopes.org,,71.3,South Dakota,Travel blog,2026-09-27,Needs review
romantic getaways in wyoming,110,14,romantic weekend getaways in wyoming,https://www.tripping.com/guides/romantic-weekend-getaways-in-wyoming,tripping.com,42,71.3,Wyoming,Travel blog,2026-09-27,Needs review
romantic getaways in Cape Cod,,1,your dream honeymoon in cape cod,https://www.chathaminn.com/blog/your-dream-honeymoon-in-cape-cod/,chathaminn.com,,71.2,National,Travel blog,2026-09-27,Paid outreach
romantic hotels in Cape Cod,,1,your dream honeymoon in cape cod,https://www.chathaminn.com/blog/your-dream-honeymoon-in-cape-cod/,chathaminn.com,,71.2,National,Travel blog,2026-09-27,Paid outreach
weekend getaways in arizona,590,15,weekend getaways in arizona,https://www.tripinn.com/blog/weekend-getaways-in-arizona/,tripinn.com,25,71.2,Arizona,Travel blog,2026-09-27,Needs review
romantic getaways in arkansas,880,19,romantic getaways in arkansas,https://www.enjoytravel.com/us/travel-news/places-to-visit/romantic-getaways-in-arkansas,enjoytravel.com,43,71.2,Arkansas,Travel blog,2026-09-11,Needs review
romantic getaways in utah,480,19,romantic getaways in utah,https://americanswobsessed.com/romantic-getaways-in-utah/,americanswobsessed.com,,71.2,Utah,Travel blog,2026-09-27,Paid outreach
romantic getaways in washington state,1000,1,romantic getaways washington state,https://www.explorersue.com/romantic-getaways-washington-state/,explorersue.com,29,71.1,Washington,Tourism,2026-09-11,Needs review
romantic getaways near Seattle,,5,romantic getaways washington state,https://www.explorersue.com/romantic-getaways-washington-state/,explorersue.com,29,71.1,National,Tourism,2026-09-11,Needs review
romantic getaways in iowa,480,14,romantic retreat weekend stay at a winery,https://www.traveliowa.com/romantic-retreat-weekend-stay-at-a-winery/,traveliowa.com,,71.1,Iowa,Travel blog,2026-09-27,Paid outreach
romantic getaways near San Diego,,4,weekend getaways from san diego,https://www.travelonthereg.com/weekend-getaways-from-san-diego/,travelonthereg.com,,71.0,National,Travel blog,2026-09-27,Paid outreach
romantic resorts in georgia,2400,20,8 romantic mountain getaways in georgia,https://endlessfamilytravels.com/8-romantic-mountain-getaways-in-georgia/,endlessfamilytravels.com,23,71.0,Georgia,Travel blog,2026-09-11,Paid outreach
romantic getaways in san antonio,,5,romantic cabin getaways san antonio texas,https://glampinghub.com/rentalsearch/romantic-cabin-getaways-san-antonio-texas/,glampinghub.com,38,70.9,San Antonio,Travel blog,2026-09-27,Paid outreach
romantic getaways in kansas,260,15,top 10 romantic getaways in kansas,https://www.greenvacationdeals.com/savings/hotel-deals/top-10-romantic-getaways-in-kansas/,greenvacationdeals.com,,70.9,Kansas,Travel blog,2026-09-27,Paid outreach
weekend getaways in colorado,1000,16,year round escapes a guide to colorado weekend getaways,https://thescoutguide.com/denver/editorial/year-round-escapes-a-guide-to-colorado-weekend-getaways/,thescoutguide.com,42,70.9,Colorado,Travel blog,2026-09-11,Needs review
couples getaways in michigan,1000,18,couples getaway michigan weekend,https://www.huronhouse.com/blog/couples-getaway-michigan-weekend,huronhouse.com,27,70.9,Michigan,Travel blog,2026-09-11,Needs review
couples getaways in ohio,1000,18,romantic getaways in ohio winter,https://glenlaurel.com/about-us/blog/romantic-getaways-in-ohio-winter/,glenlaurel.com,30,70.9,Ohio,Travel blog,2026-09-11,Needs review
romantic hotels in new york state,1600,20,new york most romantic,https://www.thehotelguru.com/best-hotels/united-states-of-america/new-york-most-romantic,thehotelguru.com,47,70.9,New York,Travel blog,2026-09-11,Paid outreach
romantic resorts in michigan,2400,2,couples escapes,https://www.michigan.org/experiences/couples-escapes,michigan.org,60,70.8,Michigan,Tourism,2026-09-11,Needs review
couples getaways in michigan,1000,2,couples escapes,https://www.michigan.org/experiences/couples-escapes,michigan.org,60,70.8,Michigan,Tourism,2026-09-11,Needs review
romantic getaways in northern Michigan,,2,couples escapes,https://www.michigan.org/experiences/couples-escapes,michigan.org,60,70.8,National,Tourism,2026-09-11,Needs review
romantic getaways in michigan,2400,2,couples escapes,https://www.michigan.org/experiences/couples-escapes,michigan.org,60,70.8,Michigan,Tourism,2026-09-11,Needs review
romantic hotels in michigan,390,6,couples escapes,https://www.michigan.org/experiences/couples-escapes,michigan.org,60,70.8,Michigan,Tourism,2026-09-11,Needs review
romantic getaways in idaho,210,19,romantic weekend getaways in idaho,https://www.tripping.com/guides/romantic-weekend-getaways-in-idaho,tripping.com,42,70.8,Idaho,Travel blog,2026-09-27,Needs review
romantic getaways in alabama,590,19,planning a romantic alabama honeymoon,https://www.auhcc.com/blog/planning-a-romantic-alabama-honeymoon/,auhcc.com,,70.8,Alabama,Travel blog,2026-09-27,Needs review
weekend getaways in georgia,1000,20,quick getaways from atlanta ideal long weekend road trips,https://theonehundredcollection.com/travel/quick-getaways-from-atlanta-ideal-long-weekend-road-trips,theonehundredcollection.com,36,70.8,Georgia,Travel blog,2026-09-11,Paid outreach
weekend getaways in florida,3600,2,getaways,https://www.visitflorida.com/things-to-do/romance/getaways/,visitflorida.com,68,70.7,Florida,Tourism,2026-09-11,Needs review
romantic getaways in georgia,2400,4,traveling as a couple,https://exploregeorgia.org/traveling-as-a-couple,exploregeorgia.org,61,70.7,Georgia,Tourism,2026-09-11,Needs review
romantic resorts in georgia,2400,5,traveling as a couple,https://exploregeorgia.org/traveling-as-a-couple,exploregeorgia.org,61,70.7,Georgia,Tourism,2026-09-11,Needs review
weekend getaways in arkansas,590,13,romantic getaways in arkansas,https://thehappinessfxn.com/romantic-getaways-in-arkansas/,thehappinessfxn.com,,70.7,Arkansas,Travel blog,2026-09-27,Paid outreach
romantic getaways in louisiana,320,14,Why Louisianas Northshore is the Perfect Anniversary Destination,https://www.delableau.com/Blog/Why-Louisianas-Northshore-is-the-Perfect-Anniversary-Destination.html,delableau.com,,70.7,Louisiana,Travel blog,2026-09-27,Paid outreach
weekend getaways in georgia,1000,14,traveling as a couple,https://exploregeorgia.org/traveling-as-a-couple,exploregeorgia.org,61,70.7,Georgia,Tourism,2026-09-11,Needs review
romantic getaways in mississippi,260,14,re connect and re charge these unique couples getaways mississippi,https://industry.travelsouthusa.com/re-connect-and-re-charge-these-unique-couples-getaways-mississippi/,travelsouthusa.com,,70.7,Mississippi,Travel blog,2026-09-27,Needs review
romantic getaways in colorado,1600,15,escape together colorado couples retreat packages at desert reef,https://www.desertreefhotspring.com/blog/escape-together-colorado-couples-retreat-packages-at-desert-reef,desertreefhotspring.com,32,70.7,Colorado,Travel blog,2026-09-11,Needs review
romantic getaways in hawaii,140,17,15 best romantic weekend getaways hawaii,https://www.thecrazytourist.com/15-best-romantic-weekend-getaways-hawaii/,thecrazytourist.com,,70.7,Hawaii,Travel blog,2026-09-27,Paid outreach
romantic getaways in Maine,,20,11 things for a romantic maine getaway,https://wolfcoveinn.com/blog/11-things-for-a-romantic-maine-getaway,wolfcoveinn.com,,70.7,National,Travel blog,2026-09-27,Paid outreach
romantic getaways in maine,590,20,11 things for a romantic maine getaway,https://wolfcoveinn.com/blog/11-things-for-a-romantic-maine-getaway,wolfcoveinn.com,,70.7,Maine,Travel blog,2026-09-27,Paid outreach
romantic getaways in Cape Cod,,2,cape cod couples getaway ideas,https://www.newenglandinnsandresorts.com/inspiration/the-blog/cape-cod-couples-getaway-ideas,newenglandinnsandresorts.com,,70.6,National,Travel blog,2026-09-27,Paid outreach
romantic hotels in Cape Cod,,3,cape cod couples getaway ideas,https://www.newenglandinnsandresorts.com/inspiration/the-blog/cape-cod-couples-getaway-ideas,newenglandinnsandresorts.com,,70.6,National,Travel blog,2026-09-27,Paid outreach
romantic getaways in northern California,,3,romantic getaways northern california for wine lovers,https://seekwanderful.com/romantic-getaways-northern-california-for-wine-lovers/,seekwanderful.com,,70.6,National,Travel blog,2026-09-27,Paid outreach
romantic getaways in Massachusetts,,17,cape cod couples getaway ideas,https://www.newenglandinnsandresorts.com/inspiration/the-blog/cape-cod-couples-getaway-ideas,newenglandinnsandresorts.com,,70.6,National,Travel blog,2026-09-27,Paid outreach
romantic resorts in utah,480,3,romantic getaways in utah,https://www.visitutah.com/articles/romantic-getaways-in-utah,visitutah.com,55,70.5,Utah,Tourism,2026-09-11,Paid outreach
romantic getaways in utah,480,4,romantic getaways in utah,https://www.visitutah.com/articles/romantic-getaways-in-utah,visitutah.com,55,70.5,Utah,Tourism,2026-09-11,Paid outreach
romantic getaways in salt lake city,,8,romantic getaways in utah,https://www.visitutah.com/articles/romantic-getaways-in-utah,visitutah.com,55,70.5,Salt Lake City,Tourism,2026-09-11,Paid outreach
romantic getaways in alaska,90,15,romantic getaways in alaska,https://www.afognaklodge.com/blog/category/romantic-getaways-in-alaska/,afognaklodge.com,,70.5,Alaska,Travel blog,2026-09-27,Needs review
romantic getaways in orlando,,3,most romantic experiences in orlando 16230,https://www.orlandodatenightguide.com/most-romantic-experiences-in-orlando-16230/,orlandodatenightguide.com,,70.4,Orlando,Travel blog,2026-09-27,Paid outreach
romantic getaways near San Diego,,5,romantic getaways in san diego 5 blissful ideas for lovers,https://www.whimstay.com/blog/romantic-getaways-in-san-diego-5-blissful-ideas-for-lovers/,whimstay.com,34,70.4,National,Travel blog,2026-09-27,Paid outreach
romantic getaways in south dakota,70,13,graceful getaway,https://www.travelsouthdakota.com/trip-ideas/graceful-getaway,travelsouthdakota.com,,70.4,South Dakota,Editorial,2026-09-27,Needs review
best couples getaways in the us,,1,most romantic cities in the usa for a couples getaway,https://www.abroadwithash.com/most-romantic-cities-in-the-usa-for-a-couples-getaway/,abroadwithash.com,,70.3,National,Travel blog,2026-09-27,Needs review
best babymoon destinations,,1,the best babymoon destinations around the world,https://thebabyabroad.com/the-best-babymoon-destinations-around-the-world/,thebabyabroad.com,,70.3,National,Travel blog,2026-09-27,Paid outreach
best anniversary trip ideas,,1,most romantic cities in the usa for a couples getaway,https://www.abroadwithash.com/most-romantic-cities-in-the-usa-for-a-couples-getaway/,abroadwithash.com,,70.3,National,Travel blog,2026-09-27,Needs review
best romantic getaways in the us,,2,most romantic cities in the usa for a couples getaway,https://www.abroadwithash.com/most-romantic-cities-in-the-usa-for-a-couples-getaway/,abroadwithash.com,,70.3,National,Travel blog,2026-09-27,Needs review
romantic getaways in new jersey,1000,16,romantic getaways in nj,https://www.getawaymavens.com/romantic-getaways-in-nj/,getawaymavens.com,30,70.3,New Jersey,Travel blog,2026-09-11,Paid outreach
romantic getaways in nebraska,140,18,things to do in nebraska city,https://parttimetourists.com/things-to-do-in-nebraska-city/,parttimetourists.com,,70.3,Nebraska,Travel blog,2026-09-27,Paid outreach
romantic getaways near Indianapolis,,2,romantics,https://www.visitindy.com/things-to-do/trip-ideas/romantics/,visitindy.com,52,70.2,National,Tourism,2026-09-11,Needs review
romantic getaways in indiana,1000,7,romantics,https://www.visitindy.com/things-to-do/trip-ideas/romantics/,visitindy.com,52,70.2,Indiana,Tourism,2026-09-11,Needs review
weekend getaways in indiana,720,8,romantics,https://www.visitindy.com/things-to-do/trip-ideas/romantics/,visitindy.com,52,70.2,Indiana,Tourism,2026-09-11,Needs review
romantic getaways in south dakota,70,16,romantic getaways in south dakota,https://www.craftymotherfather.com/romantic-getaways-in-south-dakota/,craftymotherfather.com,,70.2,South Dakota,Travel blog,2026-09-27,Paid outreach
romantic hotels in ohio,480,18,romantic hotels in ohio,https://www.tripinn.com/blog/romantic-hotels-in-ohio/,tripinn.com,25,70.2,Ohio,Travel blog,2026-09-11,Needs review
romantic getaways in New Hampshire,,18,romantic getaway in new hampshire,https://sugarhillinn.com/blog/romantic-getaway-in-new-hampshire/,sugarhillinn.com,,70.2,National,Travel blog,2026-09-27,Needs review
romantic getaways in new hampshire,590,18,romantic getaway in new hampshire,https://sugarhillinn.com/blog/romantic-getaway-in-new-hampshire/,sugarhillinn.com,,70.2,New Hampshire,Travel blog,2026-09-27,Needs review
weekend getaways in illinois,590,19,planning the perfect couples getaway,https://www.centralschoolhouseinn.com/planning-the-perfect-couples-getaway,centralschoolhouseinn.com,,70.2,Illinois,Travel blog,2026-09-27,Needs review
romantic getaways in georgia,2400,5,9 romantic escapes in georgia,https://exploregeorgia.org/places-to-stay/list/9-romantic-escapes-in-georgia,exploregeorgia.org,61,70.1,Georgia,Tourism,2026-09-11,Needs review
romantic getaways in the Smoky Mountains,,5,for couples,https://cms.smokymountains.com/park/blog/for-couples/,smokymountains.com,,70.1,National,Travel blog,2026-09-27,Paid outreach
romantic resorts in georgia,2400,14,9 romantic escapes in georgia,https://exploregeorgia.org/places-to-stay/list/9-romantic-escapes-in-georgia,exploregeorgia.org,61,70.1,Georgia,Tourism,2026-09-11,Needs review
romantic getaways in louisiana,320,15,best romantic weekend getaways from new orleans,https://vacationidea.com/ideas/best-romantic-weekend-getaways-from-new-orleans.html,vacationidea.com,,70.1,Louisiana,Travel blog,2026-09-27,Needs review
romantic getaways in wyoming,110,16,romantic getaway,https://www.tammah.co/blog/romantic-getaway,tammah.co,,70.1,Wyoming,Travel blog,2026-09-27,Needs review
romantic getaways in hawaii,140,18,hawaiian romance dreamy escapes for couples in paradise,https://stuba.com/hawaiian-romance-dreamy-escapes-for-couples-in-paradise/,stuba.com,,70.1,Hawaii,Travel blog,2026-09-27,Paid outreach
romantic getaways in Massachusetts,,3,romantic getaways in massachusetts,https://yourtimetofly.com/romantic-getaways-in-massachusetts/,yourtimetofly.com,32,70.0,National,Travel blog,2026-09-27,Paid outreach
romantic getaways near Boston,,3,romantic getaways from boston,https://newenglandwanderlust.com/romantic-getaways-from-boston/,newenglandwanderlust.com,,70.0,National,Travel blog,2026-09-27,Paid outreach
romantic getaways near Boston,,5,romantic getaways in massachusetts,https://yourtimetofly.com/romantic-getaways-in-massachusetts/,yourtimetofly.com,32,70.0,National,Travel blog,2026-09-27,Paid outreach
romantic getaways in Massachusetts,,6,romantic getaways from boston,https://newenglandwanderlust.com/romantic-getaways-from-boston/,newenglandwanderlust.com,,70.0,National,Travel blog,2026-09-27,Paid outreach
romantic weekend getaways in New England,,6,romantic getaways from boston,https://newenglandwanderlust.com/romantic-getaways-from-boston/,newenglandwanderlust.com,,70.0,National,Travel blog,2026-09-27,Paid outreach
romantic getaways in New England,,7,romantic getaways from boston,https://newenglandwanderlust.com/romantic-getaways-from-boston/,newenglandwanderlust.com,,70.0,National,Travel blog,2026-09-27,Paid outreach
romantic getaways in New England,,18,romantic getaways in massachusetts,https://yourtimetofly.com/romantic-getaways-in-massachusetts/,yourtimetofly.com,32,70.0,National,Travel blog,2026-09-27,Paid outreach
romantic getaways in illinois,880,20,romantic getaway packages in illinois,https://www.thecl.com/romantic-getaway-packages-in-illinois/,thecl.com,,70.0,Illinois,Travel blog,2026-09-27,Needs review
weekend getaways in alabama,480,1,rustic romantic getaways in north alabama,https://www.northalabama.org/blog/post/rustic-romantic-getaways-in-north-alabama/,northalabama.org,,69.9,Alabama,Tourism,2026-09-27,Paid outreach
weekend getaways in georgia,1000,2,great georgia getaways,https://exploregeorgia.org/great-georgia-getaways,exploregeorgia.org,61,69.9,Georgia,Tourism,2026-09-11,Needs review
romantic getaways in alabama,590,5,rustic romantic getaways in north alabama,https://www.northalabama.org/blog/post/rustic-romantic-getaways-in-north-alabama/,northalabama.org,,69.9,Alabama,Tourism,2026-09-27,Paid outreach
best romantic getaways in the us,,1,the most romantic cities in the us,https://thesophisticatedlife.com/blog/the-most-romantic-cities-in-the-us/,thesophisticatedlife.com,40,69.8,National,Travel blog,2026-09-27,Paid outreach
best anniversary trip ideas,,2,best romantic getaways travel bucket list for couples,https://lisahomsy.com/best-romantic-getaways-travel-bucket-list-for-couples/,lisahomsy.com,,69.8,National,Travel blog,2026-09-27,Paid outreach
best couples getaways in the us,,2,the most romantic cities in the us,https://thesophisticatedlife.com/blog/the-most-romantic-cities-in-the-us/,thesophisticatedlife.com,40,69.8,National,Travel blog,2026-09-27,Paid outreach
romantic getaways in montana,390,17,112797573 romantic getaways around montana,https://www.montanaliving.com/blogs/destinations/112797573-romantic-getaways-around-montana,montanaliving.com,,69.8,Montana,Travel blog,2026-09-27,Needs review
romantic getaways in kansas,260,17,romantic weekend getaways in kansas,https://www.tripping.com/guides/romantic-weekend-getaways-in-kansas,tripping.com,42,69.8,Kansas,Travel blog,2026-09-27,Needs review
best babymoon destinations,,2,best babymoon destinations in the usa,https://leisurelylinds.com/best-babymoon-destinations-in-the-usa/,leisurelylinds.com,,69.7,National,Travel blog,2026-09-27,Paid outreach
weekend getaways in illinois,590,20,romantic getaways in illinois,https://jailhillgalena.com/blog/romantic-getaways-in-illinois/,jailhillgalena.com,,69.7,Illinois,Travel blog,2026-09-27,Needs review
romantic getaways near Houston,,5,weekend getaways from houston,https://www.livelikeitstheweekend.com/weekend-getaways-from-houston/,livelikeitstheweekend.com,49,69.6,National,Travel blog,2026-09-27,Paid outreach
romantic getaways in mississippi,260,16,romantic getaways,https://oakhallbnb.com/blog/category/romantic-getaways/,oakhallbnb.com,,69.6,Mississippi,Travel blog,2026-09-27,Needs review
romantic getaways in wyoming,110,17,romantic getaway in wyoming with fireside resort,https://www.firesidejacksonhole.com/romantic-getaway-in-wyoming-with-fireside-resort.html,firesidejacksonhole.com,,69.6,Wyoming,Travel blog,2026-09-27,Paid outreach
romantic getaways in hawaii,140,19,hawaiis most romantic getaways honeymoon havens couples retreats,https://islandhopperguides.com/hawaii/hawaiian-spots/hawaiis-most-romantic-getaways-honeymoon-havens-couples-retreats/,islandhopperguides.com,,69.6,Hawaii,Travel blog,2026-09-27,Needs review
romantic getaways near Chicago,,1,couples weekend getaway chicago,https://www.dangerous-business.com/couples-weekend-getaway-chicago/,dangerous-business.com,,69.5,National,Travel blog,2026-09-27,Paid outreach
romantic getaways from Chicago,,1,couples weekend getaway chicago,https://www.dangerous-business.com/couples-weekend-getaway-chicago/,dangerous-business.com,,69.5,National,Travel blog,2026-09-27,Paid outreach
romantic getaways in New England,,3,romantic getaways in new england valentines day,https://shannonshipman.com/romantic-getaways-in-new-england-valentines-day/,shannonshipman.com,,69.5,National,Travel blog,2026-09-27,Paid outreach
romantic getaways from Washington DC,,3,romantic hotel in dc,https://www.wanderwithwonder.com/romantic-hotel-in-dc/,wanderwithwonder.com,,69.5,National,Travel blog,2026-09-27,Paid outreach
romantic weekend getaways in New England,,3,my top 10 spots for a weekend getaway in new england and new york,https://jenterratravels.com/my-top-10-spots-for-a-weekend-getaway-in-new-england-and-new-york/,jenterratravels.com,,69.5,National,Travel blog,2026-09-27,Paid outreach
romantic getaways near Washington DC,,4,romantic hotel in dc,https://www.wanderwithwonder.com/romantic-hotel-in-dc/,wanderwithwonder.com,,69.5,National,Travel blog,2026-09-27,Paid outreach
romantic getaways in New England,,4,my top 10 spots for a weekend getaway in new england and new york,https://jenterratravels.com/my-top-10-spots-for-a-weekend-getaway-in-new-england-and-new-york/,jenterratravels.com,,69.5,National,Travel blog,2026-09-27,Paid outreach
romantic getaways in Connecticut,,5,romantic getaways in ct,https://yourtimetofly.com/romantic-getaways-in-ct/,yourtimetofly.com,32,69.5,National,Travel blog,2026-09-27,Paid outreach
romantic getaways in Door County,,5,romantic getaways in wisconsin,https://countryhouseresort.com/romantic-getaways-in-wisconsin/,countryhouseresort.com,,69.5,National,Travel blog,2026-09-27,Needs review
romantic getaways near Los Angeles,,4,romantic cabin getaways los angeles california,https://glampinghub.com/rentalsearch/romantic-cabin-getaways-los-angeles-california/,glampinghub.com,38,69.4,National,Travel blog,2026-09-27,Paid outreach
romantic getaways in alaska,90,17,romantic weekend getaways alaska,https://www.tripping.com/guides/romantic-weekend-getaways-alaska,tripping.com,42,69.4,Alaska,Travel blog,2026-09-27,Needs review
romantic getaways in orlando,,5,orlando weekend itinerary couples,https://www.holidayinnclub.com/blog/orlando-weekend-itinerary-couples,holidayinnclub.com,,69.3,Orlando,Travel blog,2026-09-27,Needs review
weekend getaways in colorado,1000,19,cool places to stay in colorado,https://smalltownstops.com/cool-places-to-stay-in-colorado/,smalltownstops.com,13,69.2,Colorado,Travel blog,2026-09-11,Paid outreach
romantic getaways in kentucky,720,20,romantic tree house getaways frankfort kentucky 718,https://glampinghub.com/rentalsearch/romantic-tree-house-getaways-frankfort-kentucky-718/,glampinghub.com,38,69.2,Kentucky,Travel blog,2026-09-27,Paid outreach
romantic getaways in nebraska,140,20,romantic weekend getaways in nebraska,https://www.tripping.com/guides/romantic-weekend-getaways-in-nebraska,tripping.com,42,69.2,Nebraska,Travel blog,2026-09-27,Needs review
best spa weekend getaways,,1,best spa weekend getaways from nyc,https://thespaatnorwichinn.com/best-spa-weekend-getaways-from-nyc/,thespaatnorwichinn.com,,69.1,National,Travel blog,2026-09-27,Paid outreach
romantic getaways in new york state,70,17,romantic getaways in upstate new york,https://www.girlwiththepassport.com/romantic-getaways-in-upstate-new-york/,girlwiththepassport.com,,69.1,New York,Travel blog,2026-09-27,Paid outreach
romantic getaways in new mexico,210,17,romantic getaways in new mexico,https://casaescondida.com/blog/romantic-getaways-in-new-mexico/,casaescondida.com,,69.1,New Mexico,Travel blog,2026-09-27,Needs review
romantic getaways in the Smoky Mountains,,7,a couples retreat in gatlinburg,https://www.stonybrooklodging.com/blog/a-couples-retreat-in-gatlinburg,stonybrooklodging.com,,69.0,National,Travel blog,2026-09-27,Needs review
romantic getaways in nebraska,140,1,winter wanderlust romantic retreats nebraska,https://visitnebraska.com/trip-idea/winter-wanderlust-romantic-retreats-nebraska,visitnebraska.com,,68.9,Nebraska,Tourism,2026-09-27,Needs review
romantic getaways in the Poconos,,2,escape to skytop lodge the ultimate poconos resort for couples,https://www.skytop.com/news/escape-to-skytop-lodge-the-ultimate-poconos-resort-for-couples/,skytop.com,,68.9,National,Travel blog,2026-09-27,Paid outreach
romantic getaways near Seattle,,3,couples romantic getaway seattle semiahmoo resort,https://stuffedsuitcase.com/couples-romantic-getaway-seattle-semiahmoo-resort/,stuffedsuitcase.com,,68.9,National,Travel blog,2026-09-27,Paid outreach
romantic places to stay in Charleston SC,,3,super romantic things to do in beautiful charleston,https://www.fueledbywanderlust.com/super-romantic-things-to-do-in-beautiful-charleston/,fueledbywanderlust.com,,68.9,National,Travel blog,2026-09-27,Paid outreach
romantic getaways near Nashville,,3,nashville anniversary ideas nashville romantic weekend,https://www.yourcinematiclife.com/blog/nashville-anniversary-ideas-nashville-romantic-weekend,yourcinematiclife.com,,68.9,National,Travel blog,2026-09-27,Paid outreach
romantic hotels in Charleston SC,,7,super romantic things to do in beautiful charleston,https://www.fueledbywanderlust.com/super-romantic-things-to-do-in-beautiful-charleston/,fueledbywanderlust.com,,68.9,National,Travel blog,2026-09-27,Paid outreach
romantic getaways in Pennsylvania,,13,escape to skytop lodge the ultimate poconos resort for couples,https://www.skytop.com/news/escape-to-skytop-lodge-the-ultimate-poconos-resort-for-couples/,skytop.com,,68.9,National,Travel blog,2026-09-27,Paid outreach
romantic getaways in delaware,110,15,romantic getaways in delaware rehoboth beach and beyond,https://www.whimstay.com/blog/romantic-getaways-in-delaware-rehoboth-beach-and-beyond/,whimstay.com,34,68.9,Delaware,Travel blog,2026-09-27,Needs review
romantic hotels in michigan,390,20,romantic getaways in michigan,https://grkids.com/romantic-getaways-in-michigan/,grkids.com,37,68.9,Michigan,Travel blog,2026-09-11,Needs review
romantic getaways in san antonio,,9,san antonio romantic hotels,https://www.thehotelguru.com/en-us/best-hotels/united-states-of-america/san-antonio-romantic-hotels,thehotelguru.com,47,68.7,San Antonio,Travel blog,2026-09-27,Paid outreach
romantic getaways in montana,390,19,126317 top romantic getaways for montana couples,https://bozemanmagazine.com/news/2025/12/29/126317-top-romantic-getaways-for-montana-couples,bozemanmagazine.com,,68.7,Montana,Travel blog,2026-09-27,Needs review
couples getaways in florida,880,3,great romantic getaways in florida where to go for valentine day,https://www.exploretheroadwithdonnamarie.com/great-romantic-getaways-in-florida-where-to-go-for-valentine-day/,exploretheroadwithdonnamarie.com,21,68.6,Florida,Tourism,2026-09-11,Paid outreach
romantic getaways in niagara falls,,4,things to do niagara falls for couples,https://www.travelingmitch.com/mostrecent/things-to-do-niagara-falls-for-couples,travelingmitch.com,,68.6,Niagara Falls,Travel blog,2026-09-27,Paid outreach
best babymoon destinations,,4,ten places to go on your babymoon,https://silverspoonlondon.co.uk/2019/07/ten-places-to-go-on-your-babymoon.html,silverspoonlondon.co.uk,,68.6,National,Travel blog,2026-09-27,Paid outreach
best romantic getaways in the us,,4,best weekend getaways for couples,https://leisurelylinds.com/best-weekend-getaways-for-couples/,leisurelylinds.com,,68.6,National,Travel blog,2026-09-27,Paid outreach
best couples getaways in the us,,6,best weekend getaways for couples,https://leisurelylinds.com/best-weekend-getaways-for-couples/,leisurelylinds.com,,68.6,National,Travel blog,2026-09-27,Paid outreach
romantic getaways in florida,2400,8,great romantic getaways in florida where to go for valentine day,https://www.exploretheroadwithdonnamarie.com/great-romantic-getaways-in-florida-where-to-go-for-valentine-day/,exploretheroadwithdonnamarie.com,21,68.6,Florida,Tourism,2026-09-11,Paid outreach
romantic hotels in florida,480,14,great romantic getaways in florida where to go for valentine day,https://www.exploretheroadwithdonnamarie.com/great-romantic-getaways-in-florida-where-to-go-for-valentine-day/,exploretheroadwithdonnamarie.com,21,68.6,Florida,Tourism,2026-09-11,Paid outreach
best anniversary trip ideas,,19,best weekend getaways for couples,https://leisurelylinds.com/best-weekend-getaways-for-couples/,leisurelylinds.com,,68.6,National,Travel blog,2026-09-27,Paid outreach
romantic getaways near Charlotte,,3,11 classic romantic escapes north carolina,https://www.visitnc.com/list/11-classic-romantic-escapes-north-carolina,visitnc.com,50,68.5,National,Tourism,2026-09-27,Needs review
romantic getaways in louisiana,320,18,planning your romantic getaway in louisiana 5 things you must do,https://louisianacajunmansion.com/planning-your-romantic-getaway-in-louisiana-5-things-you-must-do/,louisianacajunmansion.com,,68.5,Louisiana,Travel blog,2026-09-27,Needs review
romantic getaways in south dakota,70,19,secluded cabin rentals south dakota usa,https://glampinghub.com/rentalsearch/secluded-cabin-rentals-south-dakota-usa/,glampinghub.com,38,68.5,South Dakota,Travel blog,2026-09-27,Paid outreach
couples getaways in north carolina,480,19,11 classic romantic escapes north carolina,https://www.visitnc.com/list/11-classic-romantic-escapes-north-carolina,visitnc.com,50,68.5,North Carolina,Tourism,2026-09-27,Needs review
romantic getaways in south carolina,590,20,best southern vacation spots for couples,https://nobaggagerequired.com/best-southern-vacation-spots-for-couples/,nobaggagerequired.com,,68.5,South Carolina,Travel blog,2026-09-27,Paid outreach
romantic getaways in South Carolina,,20,best southern vacation spots for couples,https://nobaggagerequired.com/best-southern-vacation-spots-for-couples/,nobaggagerequired.com,,68.5,National,Travel blog,2026-09-27,Paid outreach
romantic hotels in New Orleans,,3,new orleans 5 fab boutique hotels in the french quarter,https://www.bloggeratlarge.com/new-orleans-5-fab-boutique-hotels-in-the-french-quarter/,bloggeratlarge.com,,68.4,National,Travel blog,2026-09-27,Paid outreach
romantic getaways near Nashville,,4,3 day romantic weekend getaway in nashville tn car free,https://stuffedsuitcase.com/3-day-romantic-weekend-getaway-in-nashville-tn-car-free/,stuffedsuitcase.com,,68.4,National,Travel blog,2026-09-27,Paid outreach
romantic getaways in Door County,,7,72 hour romantic getaway,https://www.doorcounty.com/discover/itineraries/72-hour-romantic-getaway/,doorcounty.com,,68.4,National,Travel blog,2026-09-27,Needs review
romantic getaways in northern California,,7,romantic redwoods getaways northern california,https://glampinghub.com/rentalsearch/romantic-redwoods-getaways-northern-california/,glampinghub.com,38,68.4,National,Travel blog,2026-09-27,Paid outreach
romantic getaways in Connecticut,,7,16 romantic getaways in connecticut guaranteed to get the sparks flying,https://www.jhousegreenwich.com/press/16-romantic-getaways-in-connecticut-guaranteed-to-get-the-sparks-flying,jhousegreenwich.com,,68.4,National,Travel blog,2026-09-27,Needs review
romantic places to stay in New Orleans,,13,new orleans 5 fab boutique hotels in the french quarter,https://www.bloggeratlarge.com/new-orleans-5-fab-boutique-hotels-in-the-french-quarter/,bloggeratlarge.com,,68.4,National,Travel blog,2026-09-27,Paid outreach
romantic getaways in delaware,110,16,romantic fall getaways in delaware,https://www.wilgusassociates.com/6362/romantic-fall-getaways-in-delaware/,wilgusassociates.com,,68.4,Delaware,Travel blog,2026-09-27,Needs review
romantic hotels in Savannah,,1,curated savannah recommendations for a romantic getaway,https://www.curatedtravelcollection.com/curated-savannah-recommendations-for-a-romantic-getaway/,curatedtravelcollection.com,,68.3,National,Travel blog,2026-09-27,Paid outreach
romantic getaways in Rhode Island,,1,plan an adventurous romantic getaway at the preserve in ri,https://www.thepreserveri.com/resort-spa/news-press/plan-an-adventurous-romantic-getaway-at-the-preserve-in-ri/,thepreserveri.com,,68.3,National,Travel blog,2026-09-27,Paid outreach
romantic hotels in Newport RI,,1,newport rhode island romantic getaway,https://yourtimetofly.com/newport-rhode-island-romantic-getaway/,yourtimetofly.com,32,68.3,National,Travel blog,2026-09-27,Paid outreach
romantic places to stay in Santa Barbara,,2,honeymoon in santa barbara,http://santabarbaraca.com/itinerary/honeymoon-in-santa-barbara/,santabarbaraca.com,,68.3,National,Travel blog,2026-09-27,Needs review
romantic getaways in virginia beach,,3,the perfect romantic getaway in virginia beach,https://www.visitvirginiabeach.com/trip-ideas/the-perfect-romantic-getaway-in-virginia-beach/,visitvirginiabeach.com,52,68.3,Virginia Beach,Tourism,2026-09-11,Needs review
romantic getaways near Austin,,3,the perfect 3 day itinerary for a romantic couples weekend in austin texas,https://somuchlife.com/the-perfect-3-day-itinerary-for-a-romantic-couples-weekend-in-austin-texas/,somuchlife.com,,68.3,National,Travel blog,2026-09-27,Paid outreach
romantic hotels in Santa Barbara,,4,honeymoon in santa barbara,http://santabarbaraca.com/itinerary/honeymoon-in-santa-barbara/,santabarbaraca.com,,68.3,National,Travel blog,2026-09-27,Needs review
romantic getaways from Washington DC,,5,romantic getaways an easy drive from dc,https://washingtonian.com/2026/02/04/romantic-getaways-an-easy-drive-from-dc/,washingtonian.com,,68.3,National,Travel blog,2026-09-27,Paid outreach
romantic getaways in Rhode Island,,6,newport rhode island romantic getaway,https://yourtimetofly.com/newport-rhode-island-romantic-getaway/,yourtimetofly.com,32,68.3,National,Travel blog,2026-09-27,Paid outreach
romantic resorts in virginia,880,15,the perfect romantic getaway in virginia beach,https://www.visitvirginiabeach.com/trip-ideas/the-perfect-romantic-getaway-in-virginia-beach/,visitvirginiabeach.com,52,68.3,Virginia,Tourism,2026-09-11,Needs review
romantic getaways near Washington DC,,15,romantic getaways an easy drive from dc,https://washingtonian.com/2026/02/04/romantic-getaways-an-easy-drive-from-dc/,washingtonian.com,,68.3,National,Travel blog,2026-09-27,Paid outreach
romantic getaways in virginia,880,16,the perfect romantic getaway in virginia beach,https://www.visitvirginiabeach.com/trip-ideas/the-perfect-romantic-getaway-in-virginia-beach/,visitvirginiabeach.com,52,68.3,Virginia,Tourism,2026-09-11,Needs review
romantic hotels in ohio,480,7,romantic winter getaways in ohio,https://ohio.org/travel-inspiration/articles/romantic-winter-getaways-in-ohio,ohio.org,46,68.2,Ohio,Tourism,2026-09-11,Needs review
romantic getaways near Cincinnati,,7,romantic winter getaways in ohio,https://ohio.org/travel-inspiration/articles/romantic-winter-getaways-in-ohio,ohio.org,46,68.2,National,Tourism,2026-09-11,Needs review
romantic getaways in ohio,3600,7,romantic winter getaways in ohio,https://ohio.org/travel-inspiration/articles/romantic-winter-getaways-in-ohio,ohio.org,46,68.2,Ohio,Tourism,2026-09-11,Needs review
romantic resorts in ohio,3600,7,romantic winter getaways in ohio,https://ohio.org/travel-inspiration/articles/romantic-winter-getaways-in-ohio,ohio.org,46,68.2,Ohio,Tourism,2026-09-11,Needs review
couples getaways in ohio,1000,8,romantic winter getaways in ohio,https://ohio.org/travel-inspiration/articles/romantic-winter-getaways-in-ohio,ohio.org,46,68.2,Ohio,Tourism,2026-09-11,Needs review
romantic getaways near San Diego,,9,romantic weekend getaways from san diego,https://www.tripping.com/guides/romantic-weekend-getaways-from-san-diego,tripping.com,42,68.2,National,Travel blog,2026-09-27,Needs review
romantic getaways in montana,390,4,romantic getaways in montanas yellowstone country,https://visityellowstonecountry.com/romantic-getaways-in-montanas-yellowstone-country,visityellowstonecountry.com,37,68.1,Montana,Tourism,2026-09-11,Needs review
romantic resorts in montana,390,12,romantic getaways in montanas yellowstone country,https://visityellowstonecountry.com/romantic-getaways-in-montanas-yellowstone-country,visityellowstonecountry.com,37,68.1,Montana,Tourism,2026-09-11,Needs review
weekend getaways in alabama,480,18,most romantic getaways in alabama this spring,https://www.thestablesatcypresscreek.com/post/most-romantic-getaways-in-alabama-this-spring,thestablesatcypresscreek.com,,68.1,Alabama,Local media,2026-09-27,Needs review
best spa weekend getaways,,3,your guide to the best luxury spas in california,https://www.jsfashionista.com/your-guide-to-the-best-luxury-spas-in-california/,jsfashionista.com,,68.0,National,Travel blog,2026-09-27,Paid outreach
romantic getaways in kentucky,720,5,couples getaway,https://visitwoodford.com/couples-getaway/,visitwoodford.com,26,68.0,Kentucky,Tourism,2026-09-11,Needs review
romantic resorts in kentucky,720,7,couples getaway,https://visitwoodford.com/couples-getaway/,visitwoodford.com,26,68.0,Kentucky,Tourism,2026-09-11,Needs review
romantic getaways in new mexico,210,19,romantic accommodations in santa fe nm,https://www.laposadadesantafe.com/blog/romantic-accommodations-in-santa-fe-nm/,laposadadesantafe.com,,68.0,New Mexico,Travel blog,2026-09-27,Paid outreach
romantic getaways near Houston,,8,romantic weekend getaways near houston,https://spoonmountainglamping.com/things-to-do-in-wimberley/romantic-weekend-getaways-near-houston/,spoonmountainglamping.com,,67.9,National,Travel blog,2026-09-27,Paid outreach
romantic getaways in wyoming,110,20,wyomings hidden gems romantic getaways beyond yellowstone,https://traveldreamsmagazine.com/wyomings-hidden-gems-romantic-getaways-beyond-yellowstone/,traveldreamsmagazine.com,,67.9,Wyoming,Travel blog,2026-09-27,Paid outreach
romantic getaways near Cincinnati,,3,romantic getaways in cincinnati ohio,https://romanticadventuregetaways.com/romantic-getaways-in-cincinnati-ohio/,romanticadventuregetaways.com,,67.8,National,Travel blog,2026-09-27,Paid outreach
romantic getaways near Pittsburgh,,4,weekend getaway near pittsburgh,https://www.goldenanchorcabins.com/blog/weekend-getaway-near-pittsburgh/,goldenanchorcabins.com,,67.8,National,Travel blog,2026-09-27,Needs review
romantic getaways in northern California,,8,northern california romantic getaways,https://www.victorianfarmhouse.com/blog/northern-california-romantic-getaways/,victorianfarmhouse.com,,67.8,National,Travel blog,2026-09-27,Needs review
hotels with jacuzzi in room in virginia beach,320,19,why a jacuzzi suite is the ultimate upgrade for your virginia beach getaway,https://www.vabeach.com/virginia-beach-articles/why-a-jacuzzi-suite-is-the-ultimate-upgrade-for-your-virginia-beach-getaway/,vabeach.com,36,67.7,Virginia Beach,Travel blog,2026-09-11,Paid outreach
weekend getaways in alabama,480,20,drivable destination guide from birmingham alabama,https://www.abbays-escapes.com/blog/drivable-destination-guide-from-birmingham-alabama,abbays-escapes.com,,67.7,Alabama,Travel blog,2026-09-27,Paid outreach
romantic getaways near San Diego,,10,romantic getaways in san diego,https://www.gondolacompany.com/blog/romantic-getaways-in-san-diego/,gondolacompany.com,,67.6,National,Travel blog,2026-09-27,Paid outreach
romantic getaways in san antonio,,11,romantic getaways near san antonio,https://sonsisland.com/blog/romantic-getaways-near-san-antonio,sonsisland.com,,67.6,San Antonio,Travel blog,2026-09-27,Needs review
romantic resorts in michigan,2400,8,romantic st joseph,https://swmichigan.org/blog/romantic-st-joseph,swmichigan.org,39,67.4,Michigan,Tourism,2026-09-11,Needs review
couples getaways in michigan,1000,12,romantic st joseph,https://swmichigan.org/blog/romantic-st-joseph,swmichigan.org,39,67.4,Michigan,Tourism,2026-09-11,Needs review
romantic getaways in michigan,2400,17,romantic st joseph,https://swmichigan.org/blog/romantic-st-joseph,swmichigan.org,39,67.4,Michigan,Tourism,2026-09-11,Needs review
romantic getaways in new york state,70,20,mohonk named an enchanting resort,https://www.mohonk.com/blog/mohonk-named-an-enchanting-resort/,mohonk.com,,67.4,New York,Travel blog,2026-09-27,Paid outreach
romantic getaways in arizona,720,5,arizona road trips for two,https://www.visitarizona.com/like-a-local/arizona-road-trips-for-two,visitarizona.com,,67.3,Arizona,Tourism,2026-09-27,Needs review
romantic getaways in Minnesota,,6,10 coziest getaways cabins in minnesota,https://www.raarupadventures.com/blog/10-coziest-getaways-cabins-in-minnesota,raarupadventures.com,,67.3,National,Travel blog,2026-09-27,Paid outreach
weekend getaways in arizona,590,7,arizona road trips for two,https://www.visitarizona.com/like-a-local/arizona-road-trips-for-two,visitarizona.com,,67.3,Arizona,Tourism,2026-09-27,Needs review
romantic hotels in Key West,,3,romantic getaway in key west,https://thedaydreamdrifters.com/romantic-getaway-in-key-west/,thedaydreamdrifters.com,,67.2,National,Travel blog,2026-09-27,Paid outreach
romantic places to stay in Key West,,4,romantic getaway in key west,https://thedaydreamdrifters.com/romantic-getaway-in-key-west/,thedaydreamdrifters.com,,67.2,National,Travel blog,2026-09-27,Paid outreach
romantic getaways near Cincinnati,,4,honeymoon cabins hot tubs cincinnati ohio,https://glampinghub.com/rentalsearch/honeymoon-cabins-hot-tubs-cincinnati-ohio/,glampinghub.com,38,67.2,National,Travel blog,2026-09-27,Paid outreach
romantic places to stay in Santa Barbara,,4,things to do in santa barbara,https://theguidedgetaway.com/2023/11/08/things-to-do-in-santa-barbara/,theguidedgetaway.com,,67.2,National,Travel blog,2026-09-27,Needs review
romantic getaways in Maryland,,5,fall in love with these romantic getaways in maryland,https://marylandroadtrips.com/fall-in-love-with-these-romantic-getaways-in-maryland/,marylandroadtrips.com,,67.2,National,Travel blog,2026-09-27,Needs review
romantic getaways near Portland,,6,best weekend getaways portland oregon,https://wheatlesswanderlust.com/best-weekend-getaways-portland-oregon/,wheatlesswanderlust.com,,67.2,National,Travel blog,2026-09-27,Paid outreach
romantic getaways near Charlotte,,7,weekend getaways near charlotte nc,https://www.simplyawesometrips.com/weekend-getaways-near-charlotte-nc/,simplyawesometrips.com,34,67.2,National,Travel blog,2026-09-27,Paid outreach
romantic hotels in Santa Barbara,,13,things to do in santa barbara,https://theguidedgetaway.com/2023/11/08/things-to-do-in-santa-barbara/,theguidedgetaway.com,,67.2,National,Travel blog,2026-09-27,Needs review
romantic places to stay in Fredericksburg TX,,4,romantic cabin rentals fredericksburg texas usa,https://glampinghub.com/rentalsearch/romantic-cabin-rentals-fredericksburg-texas-usa/,glampinghub.com,38,67.1,National,Travel blog,2026-09-27,Paid outreach
romantic hotels in Fredericksburg TX,,13,romantic cabin rentals fredericksburg texas usa,https://glampinghub.com/rentalsearch/romantic-cabin-rentals-fredericksburg-texas-usa/,glampinghub.com,38,67.1,National,Travel blog,2026-09-27,Paid outreach
romantic getaways near Washington DC,,6,washington dc,https://www.fivestaralliance.com/luxury-hotels-worldwide/type/romantic-getaways/303/north-america/united-states-south/washington-dc,fivestaralliance.com,,67.0,National,Local media,2026-09-27,Paid outreach
romantic getaways in kansas city,,10,things to do lake of the ozarks weekend getaway,https://racheloffduty.com/blog/things-to-do-lake-of-the-ozarks-weekend-getaway/,racheloffduty.com,,67.0,Kansas City,Travel blog,2026-09-27,Paid outreach
romantic getaways from Washington DC,,17,washington dc,https://www.fivestaralliance.com/luxury-hotels-worldwide/type/romantic-getaways/303/north-america/united-states-south/washington-dc,fivestaralliance.com,,67.0,National,Local media,2026-09-27,Paid outreach
hotels with fireplaces in the room,,1,the champagne lodge chicago hotel with fireplaces,https://www.thecl.com/the-champagne-lodge-chicago-hotel-with-fireplaces/,thecl.com,,66.9,National,Travel blog,2026-09-27,Needs review
romantic getaways in kansas city,,6,couples trip kansas city,https://www.visitkc.com/articles/couples-trip-kansas-city/,visitkc.com,53,66.9,Kansas City,Tourism,2026-09-11,Needs review
romantic getaways in kansas,260,6,couples trip kansas city,https://www.visitkc.com/articles/couples-trip-kansas-city/,visitkc.com,53,66.9,Kansas,Tourism,2026-09-11,Needs review
romantic getaways in Lake Tahoe,,7,couples guide lake tahoe,https://laketahoetravel.com/blog/couples-guide-lake-tahoe/,laketahoetravel.com,,66.9,National,Travel blog,2026-09-27,Needs review
romantic getaways in missouri,880,7,missouri has a romantic escape for you,https://www.visitmo.com/articles/missouri-has-a-romantic-escape-for-you,visitmo.com,,66.9,Missouri,Tourism,2026-09-27,Paid outreach
romantic hotels in kansas,590,8,couples trip kansas city,https://www.visitkc.com/articles/couples-trip-kansas-city/,visitkc.com,53,66.9,Kansas,Tourism,2026-09-11,Needs review
weekend getaways in iowa,390,20,10 best places for romantic getaway in iowa,https://letstrip.ai/t/10-best-places-for-romantic-getaway-in-iowa,letstrip.ai,,66.9,Iowa,Travel blog,2026-09-27,Needs review
romantic getaways in Sonoma County,,5,sonoma county romantic hotels,https://www.sonomamag.com/sonoma-county-romantic-hotels/,sonomamag.com,,66.7,National,Travel blog,2026-09-27,Paid outreach
romantic getaways near Cincinnati,,5,romantic getaways in cincinnati,https://genesisdiamonds.com/blogs/all-blog/romantic-getaways-in-cincinnati,genesisdiamonds.com,,66.7,National,Travel blog,2026-09-27,Paid outreach
romantic getaways near Chicago,,6,the perfect quick chicago getaway,https://www.vincentwilliamwine.com/getaway/the-perfect-quick-chicago-getaway,vincentwilliamwine.com,,66.7,National,Travel blog,2026-09-27,Paid outreach
romantic places to stay in New Orleans,,6,romantic getaway in new orleans,https://thatcouplewhotravels.com/romantic-getaway-in-new-orleans/,thatcouplewhotravels.com,,66.7,National,Travel blog,2026-09-27,Paid outreach
romantic getaways in Connecticut,,10,romantic getaways in connecticut,https://www.purewow.com/travel/romantic-getaways-in-connecticut,purewow.com,,66.7,National,Travel blog,2026-09-27,Paid outreach
romantic getaways from Chicago,,11,the perfect quick chicago getaway,https://www.vincentwilliamwine.com/getaway/the-perfect-quick-chicago-getaway,vincentwilliamwine.com,,66.7,National,Travel blog,2026-09-27,Paid outreach
romantic getaways near Philadelphia,,2,27 drivable weekend getaways,https://mainlinetoday.com/things-to-do/27-drivable-weekend-getaways/,mainlinetoday.com,,66.6,National,Travel blog,2026-09-27,Needs review
romantic getaways in the Adirondacks,,6,romantic fall getaway for couples in upstate new yorks adirondacks,https://1000acres.com/romantic-fall-getaway-for-couples-in-upstate-new-yorks-adirondacks/,1000acres.com,,66.6,National,Travel blog,2026-09-27,Needs review
romantic getaways near Indianapolis,,7,romantic getaway near indianapolis,https://brickstreetinn.com/blog/tag/romantic-getaway-near-indianapolis/,brickstreetinn.com,,66.6,National,Travel blog,2026-09-27,Needs review
romantic getaways in kansas city,,11,romantic hotels kansas city with breakfast,https://southmoreland.com/romantic-hotels-kansas-city-with-breakfast/,southmoreland.com,27,66.5,Kansas City,Travel blog,2026-09-27,Needs review
romantic getaways in iowa,480,3,romantic getaway,https://www.exploremadisoncounty.com/page/romantic_getaway/,exploremadisoncounty.com,,66.3,Iowa,Tourism,2026-09-27,Needs review
romantic getaways from Dallas,,4,the ultimate travel escape,https://www.dmagazine.com/guides/the-ultimate-travel-escape/,dmagazine.com,,66.3,National,Editorial,2026-09-27,Needs review
romantic getaways near Dallas,,5,the ultimate travel escape,https://www.dmagazine.com/guides/the-ultimate-travel-escape/,dmagazine.com,,66.3,National,Editorial,2026-09-27,Needs review
romantic getaways in the Smoky Mountains,,12,romantic cabins in the smoky mountains,https://jacksonmountain.com/blogs/planning/romantic-cabins-in-the-smoky-mountains,jacksonmountain.com,,66.2,National,Travel blog,2026-09-27,Needs review
romantic getaways near Denver,,5,weekend getaway denver vacation,https://sparrowsandlily.com/weekend-getaway-denver-vacation/,sparrowsandlily.com,,66.1,National,Travel blog,2026-09-27,Paid outreach
romantic getaways in Sonoma County,,6,the perfect 2 day itinerary for a romantic weekend in sonoma county ca,https://www.seaandskyetravel.com/post/the-perfect-2-day-itinerary-for-a-romantic-weekend-in-sonoma-county-ca,seaandskyetravel.com,,66.1,National,Travel blog,2026-09-27,Needs review
romantic hotels in Palm Springs,,6,hotels palm springs couples,https://kaylchip.com/hotels-palm-springs-couples/,kaylchip.com,,66.1,National,Travel blog,2026-09-27,Paid outreach
romantic getaways from Chicago,,7,weekend getaways from chicago,https://jesskeys.com/weekend-getaways-from-chicago/,jesskeys.com,,66.1,National,Travel blog,2026-09-27,Paid outreach
romantic getaways in the Adirondacks,,7,romantic getaways ny adirondacks glamping resorts,https://glampinghub.com/rentalsearch/romantic-getaways-ny-adirondacks-glamping-resorts/,glampinghub.com,38,66.1,National,Travel blog,2026-09-27,Paid outreach
romantic places to stay in New Orleans,,7,romantic hotels in new orleans,https://www.marquitastravels.com/romantic-hotels-in-new-orleans/,marquitastravels.com,,66.1,National,Travel blog,2026-09-27,Paid outreach
romantic getaways in Minnesota,,8,best minnesota vacations for couples,https://odysseyresorts.com/odyssey-resorts/best-minnesota-vacations-for-couples/,odysseyresorts.com,,66.1,National,Travel blog,2026-09-27,Needs review
romantic places to stay in Charleston SC,,8,romantic places stay charleston,https://twogetlost.com/romantic-places-stay-charleston,twogetlost.com,,66.1,National,Travel blog,2026-09-27,Paid outreach
romantic hotels in Charleston SC,,8,romantic places stay charleston,https://twogetlost.com/romantic-places-stay-charleston,twogetlost.com,,66.1,National,Travel blog,2026-09-27,Paid outreach
romantic getaways in New England,,9,boutique hotels for new england fall getaway,https://finduslost.com/boutique-hotels-for-new-england-fall-getaway/,finduslost.com,,66.1,National,Travel blog,2026-09-27,Paid outreach
romantic getaways near Charlotte,,9,weekend getaways near charlotte,https://jamiemilam.com/weekend-getaways-near-charlotte,jamiemilam.com,,66.1,National,Travel blog,2026-09-27,Needs review
romantic places to stay in Palm Springs,,13,hotels palm springs couples,https://kaylchip.com/hotels-palm-springs-couples/,kaylchip.com,,66.1,National,Travel blog,2026-09-27,Paid outreach
romantic weekend getaways in New England,,19,boutique hotels for new england fall getaway,https://finduslost.com/boutique-hotels-for-new-england-fall-getaway/,finduslost.com,,66.1,National,Travel blog,2026-09-27,Paid outreach
romantic getaways in the Catskills,,5,your itinerary for a romantic getaway in the catskill mountains,https://emersonresort.com/your-itinerary-for-a-romantic-getaway-in-the-catskill-mountains/,emersonresort.com,,66.0,National,Travel blog,2026-09-27,Needs review
romantic getaways in idaho,210,8,couples weekend guide to sun valley,https://visitsunvalley.com/searching-for-sun-valley/couples-weekend-guide-to-sun-valley/,visitsunvalley.com,,66.0,Idaho,Tourism,2026-09-27,Needs review
romantic getaways in the Hudson Valley,,9,romantic staycation hotels hudson valley,https://hvmag.com/life-style/romantic-staycation-hotels-hudson-valley/,hvmag.com,,66.0,National,Travel blog,2026-09-27,Needs review
romantic places to stay in Eureka Springs,,4,unique places to stay in eureka springs,https://www.adventuresnsunsets.com/unique-places-to-stay-in-eureka-springs/,adventuresnsunsets.com,,65.9,National,Local media,2026-09-27,Paid outreach
romantic getaways in New Hampshire,,6,romantic getaways,https://www.visit-newhampshire.com/lakes/romantic-getaways/,visit-newhampshire.com,,65.9,National,Tourism,2026-09-27,Paid outreach
romantic getaways in new hampshire,590,6,romantic getaways,https://www.visit-newhampshire.com/lakes/romantic-getaways/,visit-newhampshire.com,,65.9,New Hampshire,Tourism,2026-09-27,Paid outreach
romantic hotels in Eureka Springs,,9,unique places to stay in eureka springs,https://www.adventuresnsunsets.com/unique-places-to-stay-in-eureka-springs/,adventuresnsunsets.com,,65.9,National,Local media,2026-09-27,Paid outreach
romantic getaways in orlando,,11,orlando ideas for romantic getaway,https://www.colemanconcierge.com/orlando-ideas-for-romantic-getaway/,colemanconcierge.com,,65.9,Orlando,Travel blog,2026-09-27,Needs review
romantic getaways near San Diego,,13,romantic getaways in san diego,https://www.tripinn.com/blog/romantic-getaways-in-san-diego/,tripinn.com,25,65.9,National,Travel blog,2026-09-27,Needs review
best babymoon destinations,,9,best babymoon destinations,https://www.asthebirdfliesblog.com/posts/best-babymoon-destinations,asthebirdfliesblog.com,,65.8,National,Travel blog,2026-09-27,Paid outreach
romantic getaways near Houston,,12,best houston romantic getaways,https://www.texasrealestatesource.com/blog/best-houston-romantic-getaways/,texasrealestatesource.com,,65.7,National,Travel blog,2026-09-27,Needs review
romantic getaways near Washington DC,,8,top 10 romantic things to do in washington dc for couples 2026,https://www.dcmonumentstour.com/blogs/top-10-romantic-things-to-do-in-washington-dc-for-couples-2026,dcmonumentstour.com,,65.6,National,Travel blog,2026-09-27,Paid outreach
romantic places to stay in New Orleans,,8,new orleans couples guide,https://www.camelsandchocolate.com/new-orleans-couples-guide/,camelsandchocolate.com,,65.6,National,Travel blog,2026-09-27,Needs review
romantic getaways near Boston,,9,romantic getaways east coast,https://www.celebritycruises.com/blog/romantic-getaways-east-coast,celebritycruises.com,,65.6,National,Travel blog,2026-09-27,Needs review
romantic weekend getaways in New England,,10,couples retreat new england,https://www.thepreserveri.com/resort-spa/news-press/tags/couples-retreat-new-england/,thepreserveri.com,,65.6,National,Travel blog,2026-09-27,Paid outreach
romantic getaways in New England,,11,couples retreat new england,https://www.thepreserveri.com/resort-spa/news-press/tags/couples-retreat-new-england/,thepreserveri.com,,65.6,National,Travel blog,2026-09-27,Paid outreach
romantic getaways in the Smoky Mountains,,13,plan a romantic getaway with your sweetheart in the smoky mountains,https://www.mypigeonforge.com/blog/plan-a-romantic-getaway-with-your-sweetheart-in-the-smoky-mountains/,mypigeonforge.com,,65.6,National,Travel blog,2026-09-27,Needs review
romantic hotels in New Orleans,,16,new orleans couples guide,https://www.camelsandchocolate.com/new-orleans-couples-guide/,camelsandchocolate.com,,65.6,National,Travel blog,2026-09-27,Needs review
romantic getaways in Sonoma County,,7,romantic getaway sonoma county,https://www.sonoma.com/blog/romantic-getaway-sonoma-county/,sonoma.com,,65.5,National,Travel blog,2026-09-27,Needs review
romantic getaways in the Finger Lakes,,7,summer lovin a romantic couples escape in canandaigua,https://lakehousecanandaigua.com/blog/summer-lovin-a-romantic-couples-escape-in-canandaigua/,lakehousecanandaigua.com,,65.5,National,Travel blog,2026-09-27,Needs review
romantic getaways in nebraska,140,7,7 romantic spots nebraska,https://visitnebraska.com/trip-idea/7-romantic-spots-nebraska,visitnebraska.com,,65.5,Nebraska,Tourism,2026-09-27,Needs review
romantic getaways in Maryland,,8,three day romantic weekend ideas in maryland,https://tacaroestate.com/blog/three-day-romantic-weekend-ideas-in-maryland,tacaroestate.com,,65.5,National,Travel blog,2026-09-27,Paid outreach
romantic getaways in the Adirondacks,,8,romantic adirondack getaways why couples love hotel saranac,https://hotelsaranac.com/blog/romantic-adirondack-getaways-why-couples-love-hotel-saranac,hotelsaranac.com,,65.5,National,Travel blog,2026-09-27,Paid outreach
romantic getaways near Charlotte,,10,romantic getaways in north carolina,https://www.nctripping.com/romantic-getaways-in-north-carolina/,nctripping.com,37,65.5,National,Travel blog,2026-09-27,Paid outreach
romantic getaways in Connecticut,,12,best romantic getaways in connecticut,https://www.getawaymavens.com/best-romantic-getaways-in-connecticut/,getawaymavens.com,30,65.5,National,Travel blog,2026-09-27,Paid outreach
romantic getaways in northern California,,12,romantic getaways northern california,https://www.cuddlynest.com/guides/usa/romantic-getaways-northern-california,cuddlynest.com,,65.5,National,Travel blog,2026-09-27,Needs review
romantic getaways in mississippi,260,4,the most romantic getaways in mississippi for your travel bucket list,https://visitmississippi.org/news/the-most-romantic-getaways-in-mississippi-for-your-travel-bucket-list/,visitmississippi.org,,65.4,Mississippi,Tourism,2026-09-27,Needs review
romantic getaways in west virginia,590,7,cozy cabins weekend getaways for couples in west virginia,https://wvtourism.com/cozy-cabins-weekend-getaways-for-couples-in-west-virginia/,wvtourism.com,,65.4,West Virginia,Tourism,2026-09-27,Needs review
best babymoon destinations,,7,best babymoon destinations,https://www.wombroom.mom/post/best-babymoon-destinations,wombroom.mom,,65.4,National,Editorial,2026-09-27,Needs review
romantic getaways in idaho,210,9,romantic winter getaways north central idaho,https://visitnorthcentralidaho.org/things-to-do/romantic-winter-getaways-north-central-idaho/,visitnorthcentralidaho.org,,65.4,Idaho,Tourism,2026-09-27,Needs review
romantic hotels in Charleston SC,,5,the most romantic charleston hotels,https://www.fivestaralliance.com/best/hotels/915/the-most-romantic-charleston-hotels,fivestaralliance.com,,65.3,National,Local media,2026-09-27,Paid outreach
romantic getaways in hawaii,140,7,the best romantic getaways in hawaii,https://www.hawaiistateparks.org/blog/the-best-romantic-getaways-in-hawaii,hawaiistateparks.org,,65.3,Hawaii,Tourism,2026-09-27,Needs review
romantic getaways near Pittsburgh,,7,best romantic places near pittsburgh,https://www.sunshineretirementliving.com/best-romantic-places-near-pittsburgh/,sunshineretirementliving.com,,65.3,National,Local media,2026-09-27,Paid outreach
romantic getaways near Houston,,13,romantic getaways in houston,https://www.tripinn.com/blog/romantic-getaways-in-houston/,tripinn.com,25,65.1,National,Travel blog,2026-09-27,Needs review
romantic places to stay in Galena IL,,6,romantic getaways in galena il,https://jailhillgalena.com/blog/romantic-getaways-in-galena-il/,jailhillgalena.com,,65.0,National,Travel blog,2026-09-27,Needs review
romantic getaways near Atlanta,,6,romantic staycations near atlanta,https://www.mainstreetbackroads.com/post/romantic-staycations-near-atlanta,mainstreetbackroads.com,13,65.0,National,Travel blog,2026-09-27,Needs review
romantic hotels in Savannah,,7,romantic savannah bed and breakfast,https://foleyinn.com/savannah-historic-district-bed-and-breakfast/romantic-savannah-bed-and-breakfast/,foleyinn.com,,65.0,National,Travel blog,2026-09-27,Needs review
romantic getaways in Shenandoah Valley,,9,romantic blue ridge mountain escape,https://loveridgeva.com/romantic-blue-ridge-mountain-escape,loveridgeva.com,,65.0,National,Travel blog,2026-09-27,Needs review
romantic getaways from Dallas,,9,5 best weekend road trips from dallas,https://roadtripqueens.blog/2026/04/05/5-best-weekend-road-trips-from-dallas/,roadtripqueens.blog,,65.0,National,Travel blog,2026-09-27,Paid outreach
romantic getaways in Minnesota,,10,best romantic getaways in minnesota,https://mwinns.com/blog/best-romantic-getaways-in-minnesota/,mwinns.com,30,65.0,National,Travel blog,2026-09-27,Paid outreach
romantic getaways near Nashville,,10,travel romantic retreats drive from nashville,https://nashvillelifestyles.com/living/travel/travel-romantic-retreats-drive-from-nashville/,nashvillelifestyles.com,,65.0,National,Travel blog,2026-09-27,Paid outreach
romantic hotels in Galena IL,,11,romantic getaways in galena il,https://jailhillgalena.com/blog/romantic-getaways-in-galena-il/,jailhillgalena.com,,65.0,National,Travel blog,2026-09-27,Needs review
romantic getaways in Door County,,13,5 door county cabins perfect for couples,https://www.travelwisconsin.com/stories/5-door-county-cabins-perfect-for-couples,travelwisconsin.com,,65.0,National,Travel blog,2026-09-27,Needs review
romantic getaways in the Poconos,,6,plan a couples getaway in the poconos at the lodge woodloch,https://www.thelodgeatwoodloch.com/about-us/blog/plan-a-couples-getaway-in-the-poconos-at-the-lodge-woodloch,thelodgeatwoodloch.com,,64.9,National,Travel blog,2026-09-27,Paid outreach
romantic hotels in Eureka Springs,,7,quick getaway this summer to downtown eureka springs,https://www.traveleurekasprings.com/quick-getaway-this-summer-to-downtown-eureka-springs/,traveleurekasprings.com,,64.9,National,Travel blog,2026-09-27,Paid outreach
romantic hotels in Fredericksburg TX,,8,fredericksburg romantic bed and breakfasts,https://absolutecharm.com/fredericksburg-romantic-bed-and-breakfasts/,absolutecharm.com,,64.9,National,Travel blog,2026-09-27,Needs review
romantic getaways in Napa Valley,,8,romantic itinerary napa valley,https://www.carnerosresort.com/napa-experiences/romantic-itinerary-napa-valley/,carnerosresort.com,,64.9,National,Travel blog,2026-09-27,Paid outreach
romantic places to stay in Eureka Springs,,8,quick getaway this summer to downtown eureka springs,https://www.traveleurekasprings.com/quick-getaway-this-summer-to-downtown-eureka-springs/,traveleurekasprings.com,,64.9,National,Travel blog,2026-09-27,Paid outreach
romantic getaways near Austin,,9,romantic getaways central texas,https://glampinghub.com/rentalsearch/romantic-getaways-central-texas/,glampinghub.com,38,64.9,National,Travel blog,2026-09-27,Needs review
romantic places to stay in Napa,,9,romantic itinerary napa valley,https://www.carnerosresort.com/napa-experiences/romantic-itinerary-napa-valley/,carnerosresort.com,,64.9,National,Travel blog,2026-09-27,Paid outreach
romantic places to stay in Charleston SC,,10,ultimate guide to romantic getaways in charleston sc,https://leisurelylinds.com/ultimate-guide-to-romantic-getaways-in-charleston-sc/,leisurelylinds.com,,64.9,National,Travel blog,2026-09-27,Paid outreach
romantic places to stay in Fredericksburg TX,,15,fredericksburg romantic bed and breakfasts,https://absolutecharm.com/fredericksburg-romantic-bed-and-breakfasts/,absolutecharm.com,,64.9,National,Travel blog,2026-09-27,Needs review
romantic hotels in Charleston SC,,16,ultimate guide to romantic getaways in charleston sc,https://leisurelylinds.com/ultimate-guide-to-romantic-getaways-in-charleston-sc/,leisurelylinds.com,,64.9,National,Travel blog,2026-09-27,Paid outreach
romantic getaways in colorado,1600,6,romantic getaways,https://www.visitouray.com/romantic-getaways,visitouray.com,44,64.8,Colorado,Tourism,2026-09-11,Needs review
romantic getaways in new hampshire,590,8,the perfect new hampshire weekend getaway,https://www.visitnh.gov/blog/the-perfect-new-hampshire-weekend-getaway,visitnh.gov,,64.8,New Hampshire,Tourism,2026-09-27,Needs review
romantic getaways in New England,,8,romantic getaways,https://www.visitnewengland.com/all/romantic-getaways/?fbclid=IwAR0dZze3FIQEywTmXRKPRtET6b3GhJ7wwXAm4cfpWF9mk7V-w_ktNGYuHnM/,visitnewengland.com,,64.8,National,Tourism,2026-09-27,Needs review
romantic getaways in New Hampshire,,8,the perfect new hampshire weekend getaway,https://www.visitnh.gov/blog/the-perfect-new-hampshire-weekend-getaway,visitnh.gov,,64.8,National,Tourism,2026-09-27,Needs review
romantic weekend getaways in New England,,9,romantic getaways,https://www.visitnewengland.com/all/romantic-getaways/?fbclid=IwAR0dZze3FIQEywTmXRKPRtET6b3GhJ7wwXAm4cfpWF9mk7V-w_ktNGYuHnM/,visitnewengland.com,,64.8,National,Tourism,2026-09-27,Needs review
weekend getaways in georgia,1000,11,18 georgia spring break destinations,https://exploregeorgia.org/list/18-georgia-spring-break-destinations,exploregeorgia.org,61,64.8,Georgia,Tourism,2026-09-11,Needs review
romantic getaways near Boston,,14,romantic getaways,https://www.visitnewengland.com/all/romantic-getaways/?fbclid=IwAR0dZze3FIQEywTmXRKPRtET6b3GhJ7wwXAm4cfpWF9mk7V-w_ktNGYuHnM/,visitnewengland.com,,64.8,National,Tourism,2026-09-27,Needs review
romantic getaways in san antonio,,16,romantic weekend getaways near san antonio,https://spoonmountainglamping.com/things-to-do-in-wimberley/romantic-weekend-getaways-near-san-antonio/,spoonmountainglamping.com,,64.8,San Antonio,Travel blog,2026-09-27,Paid outreach
romantic getaways near Denver,,19,romantic getaways,https://www.visitouray.com/romantic-getaways,visitouray.com,44,64.8,National,Tourism,2026-09-11,Needs review
romantic getaways in new hampshire,590,20,romantic getaways,https://www.visitnewengland.com/all/romantic-getaways/?fbclid=IwAR0dZze3FIQEywTmXRKPRtET6b3GhJ7wwXAm4cfpWF9mk7V-w_ktNGYuHnM/,visitnewengland.com,,64.8,New Hampshire,Tourism,2026-09-27,Needs review
romantic getaways in New Hampshire,,20,romantic getaways,https://www.visitnewengland.com/all/romantic-getaways/?fbclid=IwAR0dZze3FIQEywTmXRKPRtET6b3GhJ7wwXAm4cfpWF9mk7V-w_ktNGYuHnM/,visitnewengland.com,,64.8,National,Tourism,2026-09-27,Needs review
romantic hotels in Leavenworth WA,,3,homepage mobile,https://posthotelleavenworth.com/homepage-mobile/,posthotelleavenworth.com,,64.7,National,Local media,2026-09-27,Needs review
romantic getaways near Houston,,14,romantic getaways from houston tx,https://trip101.com/article/romantic-getaways-from-houston-tx,trip101.com,,64.6,National,Travel blog,2026-09-27,Needs review
romantic getaways in the Smoky Mountains,,15,romantic getaways smoky mountains,https://www.venturesmokymountains.com/blog/romantic-getaways-smoky-mountains,venturesmokymountains.com,,64.5,National,Travel blog,2026-09-27,Needs review
romantic getaways in northern Michigan,,9,the 13 most romantic getaways in northern michigan,https://mynorth.com/travel/the-13-most-romantic-getaways-in-northern-michigan/,mynorth.com,,64.4,National,Travel blog,2026-09-27,Needs review
romantic getaways in the Adirondacks,,10,a romantic getaway in the adirondacks near gore mountain,https://www.garnet-hill.com/things-to-do/winter-at-garnet-hill/a-romantic-getaway-in-the-adirondacks-near-gore-mountain/,garnet-hill.com,,64.4,National,Travel blog,2026-09-27,Needs review
romantic getaways near Nashville,,11,romantic getaways in and around nashville,https://genesisdiamonds.com/blogs/all-blog/romantic-getaways-in-and-around-nashville,genesisdiamonds.com,,64.4,National,Travel blog,2026-09-27,Paid outreach
romantic weekend getaways in New England,,12,romantic getaways in new england,https://saybrook.com/romantic-getaways-in-new-england/,saybrook.com,,64.4,National,Travel blog,2026-09-27,Paid outreach
romantic getaways in New England,,13,romantic getaways in new england,https://saybrook.com/romantic-getaways-in-new-england/,saybrook.com,,64.4,National,Travel blog,2026-09-27,Paid outreach
romantic getaways in Door County,,14,door county romantic getaway,https://thorphouseinn.com/door-county-romantic-getaway,thorphouseinn.com,,64.4,National,Travel blog,2026-09-27,Needs review
romantic getaways in Connecticut,,14,romantic getaways in connecticut,https://wheninyourstate.com/connecticut/romantic-getaways-in-connecticut/,wheninyourstate.com,,64.4,National,Travel blog,2026-09-27,Paid outreach
romantic getaways near Boston,,20,romantic getaways in new england,https://saybrook.com/romantic-getaways-in-new-england/,saybrook.com,,64.4,National,Travel blog,2026-09-27,Paid outreach
romantic places to stay in Sedona,,7,romantic getaway in sedona hike scenic trails wake to mountain views,https://www.wildflowerinnsedona.com/romantic-getaway-in-sedona-hike-scenic-trails-wake-to-mountain-views,wildflowerinnsedona.com,,64.3,National,Travel blog,2026-09-27,Paid outreach
romantic getaways in south dakota,70,7,the couples guide to big adventure,https://www.visitrapidcity.com/the-couples-guide-to-big-adventure/,visitrapidcity.com,,64.3,South Dakota,Tourism,2026-09-27,Needs review
romantic getaways in South Carolina,,8,romantic getaway guide,https://www.visitmyrtlebeach.com/plan/getaway-guides/romantic-getaway-guide,visitmyrtlebeach.com,,64.3,National,Tourism,2026-09-27,Needs review
romantic getaways in south carolina,590,8,romantic getaway guide,https://www.visitmyrtlebeach.com/plan/getaway-guides/romantic-getaway-guide,visitmyrtlebeach.com,,64.3,South Carolina,Tourism,2026-09-27,Needs review
romantic getaways in alabama,590,11,plan your romantic getaway in dekalb county,https://visitlookoutmountain.com/plan-your-romantic-getaway-in-dekalb-county/,visitlookoutmountain.com,,64.3,Alabama,Tourism,2026-09-27,Paid outreach
romantic places to stay in Asheville,,12,romantic long weekend getaway in asheville joslyn weaver,https://www.foratravel.com/guides/34653Q/romantic-long-weekend-getaway-in-asheville-joslyn-weaver,foratravel.com,45,64.3,National,Travel blog,2026-09-27,Needs review
romantic getaways in oregon,880,12,most romantic lodging,https://www.eugenecascadescoast.org/blog/post/most-romantic-lodging/,eugenecascadescoast.org,,64.2,Oregon,Tourism,2026-09-27,Paid outreach
romantic getaways in maine,590,12,romantic lodging,https://www.visitmaine.net/romantic-lodging/,visitmaine.net,,64.2,Maine,Tourism,2026-09-27,Needs review
romantic getaways in Maine,,12,romantic lodging,https://www.visitmaine.net/romantic-lodging/,visitmaine.net,,64.2,National,Tourism,2026-09-27,Needs review
romantic getaways near San Diego,,16,romantic getaways from san diego,https://cheerfultrails.com/romantic-getaways-from-san-diego/,cheerfultrails.com,,64.2,National,Travel blog,2026-09-27,Paid outreach
romantic getaways in san antonio,,17,level up date night with a stay at texas hill country resort,https://www.txhillcountryresort.com/blog/level-up-date-night-with-a-stay-at-texas-hill-country-resort/,txhillcountryresort.com,,64.2,San Antonio,Travel blog,2026-09-27,Needs review
best honeymoon destinations in the us,,7,the best honeymoon destinations in the united states usa,https://www.jetsetchristina.com/the-best-honeymoon-destinations-in-the-united-states-usa/,jetsetchristina.com,,64.1,National,Travel blog,2026-09-27,Paid outreach
best romantic getaways in the us,,11,hidden gems best vacation spots in the us for couples,https://whimsysoul.com/hidden-gems-best-vacation-spots-in-the-us-for-couples/,whimsysoul.com,46,64.1,National,Travel blog,2026-09-27,Paid outreach
best couples getaways in the us,,14,hidden gems best vacation spots in the us for couples,https://whimsysoul.com/hidden-gems-best-vacation-spots-in-the-us-for-couples/,whimsysoul.com,46,64.1,National,Travel blog,2026-09-27,Paid outreach
romantic getaways near Houston,,15,romantic getaways near houston,https://www.territorysupply.com/romantic-getaways-near-houston,territorysupply.com,,64.0,National,Travel blog,2026-09-27,Paid outreach
romantic getaways from Dallas,,11,romantic getaways in texas,https://thegaston.com/romantic-getaways-in-texas,thegaston.com,,63.9,National,Travel blog,2026-09-27,Needs review
romantic getaways in Vermont,,12,romantic things to do in vermont,https://worldwidehoneymoon.com/romantic-things-to-do-in-vermont/,worldwidehoneymoon.com,,63.9,National,Wedding / honeymoon,2026-09-27,Paid outreach
romantic getaways near Nashville,,12,romantic getaways in nashville best spots for couples,https://daydrinkingproperties.com/romantic-getaways-in-nashville-best-spots-for-couples/,daydrinkingproperties.com,,63.9,National,Travel blog,2026-09-27,Needs review
romantic getaways in vermont,720,12,romantic things to do in vermont,https://worldwidehoneymoon.com/romantic-things-to-do-in-vermont/,worldwidehoneymoon.com,,63.9,Vermont,Wedding / honeymoon,2026-09-27,Paid outreach
romantic getaways in northern California,,15,10 of the most romantic hotels in california,https://thetravnav.com/10-of-the-most-romantic-hotels-in-california/,thetravnav.com,,63.9,National,Travel blog,2026-09-27,Paid outreach
romantic getaways in Door County,,15,door county romantic getaways,https://ashbrooke.net/blog/door-county-romantic-getaways/,ashbrooke.net,25,63.9,National,Travel blog,2026-09-27,Paid outreach
romantic getaways in Connecticut,,15,romantic getaways in connecticut,https://newenglandwithlove.com/romantic-getaways-in-connecticut/,newenglandwithlove.com,,63.9,National,Travel blog,2026-09-27,Paid outreach
romantic hotels in Palm Springs,,10,most romantic hotels in palm springs,https://www.jenontherun.com/most-romantic-hotels-in-palm-springs/,jenontherun.com,,63.8,National,Travel blog,2026-09-27,Paid outreach
romantic hotels in Fredericksburg TX,,10,romantic getaway in texas hill country,https://www.innonbaronscreek.com/romantic-getaway-in-texas-hill-country/,innonbaronscreek.com,,63.8,National,Travel blog,2026-09-27,Paid outreach
romantic places to stay in Santa Barbara,,10,the ultimate guide to planning the perfect romantic santa barbara getaway,https://www.johnnie-o.com/blog-blue-room/the-ultimate-guide-to-planning-the-perfect-romantic-santa-barbara-getaway,johnnie-o.com,,63.8,National,Travel blog,2026-09-27,Paid outreach
romantic places to stay in Palm Springs,,12,most romantic hotels in palm springs,https://www.jenontherun.com/most-romantic-hotels-in-palm-springs/,jenontherun.com,,63.8,National,Travel blog,2026-09-27,Paid outreach
romantic getaways near Seattle,,12,unforgettable weekend getaways seattle,https://wheatlesswanderlust.com/unforgettable-weekend-getaways-seattle/,wheatlesswanderlust.com,,63.8,National,Travel blog,2026-09-27,Paid outreach
romantic getaways in the Hudson Valley,,13,unique sleeps in the hudson valley,https://travelhudsonvalley.com/unique-sleeps-in-the-hudson-valley/,travelhudsonvalley.com,,63.8,National,Travel blog,2026-09-27,Paid outreach
romantic getaways near Charlotte,,13,romantic getaway packages charlotte nc,https://laurelhavenestate.com/romantic-getaway-packages-charlotte-nc/,laurelhavenestate.com,,63.8,National,Travel blog,2026-09-27,Needs review
romantic getaways in delaware,110,5,make memories in romantic spots in delaware,https://www.visitdelaware.com/blog/post/make-memories-in-romantic-spots-in-delaware/,visitdelaware.com,,63.6,Delaware,Tourism,2026-09-27,Needs review
romantic getaways in salt lake city,,16,romantic+getaways+salt+lake+city,https://www.engenhusutah.com/blog/tag/romantic+getaways+salt+lake+city,engenhusutah.com,,63.6,Salt Lake City,Travel blog,2026-09-27,Needs review
romantic getaways near Houston,,16,best romantic getaway in houston,https://www.htownbest.com/best-romantic-getaway-in-houston/,htownbest.com,,63.4,National,Travel blog,2026-09-27,Paid outreach
romantic getaways near Austin,,12,4 romantic getaways around austin,https://www.austinmonthly.com/4-romantic-getaways-around-austin/,austinmonthly.com,,63.3,National,Travel blog,2026-09-27,Needs review
romantic getaways in Pennsylvania,,12,romantic hotels and inns in pa,https://www.getawaymavens.com/romantic-hotels-and-inns-in-pa/,getawaymavens.com,30,63.3,National,Travel blog,2026-09-27,Needs review
romantic places to stay in New Orleans,,12,romantic hotels in new orleans,https://www.degashouse.com/blog/romantic-hotels-in-new-orleans.html,degashouse.com,,63.3,National,Travel blog,2026-09-27,Needs review
romantic getaways from Chicago,,12,10 great road trips from chicago,https://thechicagogoodlife.com/2024/04/03/10-great-road-trips-from-chicago/,thechicagogoodlife.com,,63.3,National,Travel blog,2026-09-27,Paid outreach
romantic getaways near Pittsburgh,,12,weekend getaways for couples,https://buhlmansion.com/blog/weekend-getaways-for-couples/,buhlmansion.com,,63.3,National,Travel blog,2026-09-27,Needs review
romantic getaways in Minnesota,,13,minnesota s most romantic cabin getaways,https://www.cuyunacabins.com/post/minnesota-s-most-romantic-cabin-getaways,cuyunacabins.com,,63.3,National,Travel blog,2026-09-27,Needs review
romantic places to stay in Charleston SC,,13,romantic weekend getaway in charleston sc fora,https://www.foratravel.com/guides/VYTLQ4/romantic-weekend-getaway-in-charleston-sc-fora,foratravel.com,45,63.3,National,Travel blog,2026-09-27,Needs review
romantic getaways near Boston,,13,exploring boston winter romantic getaways,https://www.thenewburyboston.com/journal/exploring-boston-winter-romantic-getaways,thenewburyboston.com,,63.3,National,Travel blog,2026-09-27,Needs review
romantic weekend getaways in New England,,14,25 romantic getaways in new england,https://www.golocalprov.com/lifestyle/25-romantic-getaways-in-new-england,golocalprov.com,,63.3,National,Travel blog,2026-09-27,Needs review
romantic hotels in Charleston SC,,14,romantic weekend getaway in charleston sc fora,https://www.foratravel.com/guides/VYTLQ4/romantic-weekend-getaway-in-charleston-sc-fora,foratravel.com,45,63.3,National,Travel blog,2026-09-27,Needs review
romantic getaways from Washington DC,,14,best day trips from washington dc,https://vacationidea.com/getaways/best-day-trips-from-washington-dc.html,vacationidea.com,,63.3,National,Travel blog,2026-09-27,Needs review
romantic getaways near Charlotte,,14,romantic things to do in charlotte nc for couples,https://www.inspiredbackpacker.com/romantic-things-to-do-in-charlotte-nc-for-couples/,inspiredbackpacker.com,,63.3,National,Travel blog,2026-09-27,Paid outreach
romantic hotels in New Orleans,,15,romantic hotels in new orleans,https://www.degashouse.com/blog/romantic-hotels-in-new-orleans.html,degashouse.com,,63.3,National,Travel blog,2026-09-27,Needs review
romantic getaways in the Catskills,,10,stylish catskills hotels couples 2026,https://www.the-leeway.com/guides/stylish-catskills-hotels-couples-2026,the-leeway.com,,63.2,National,Travel blog,2026-09-27,Paid outreach
romantic places to stay in Palm Springs,,11,10067307 honeymooning in palm springs the ultimate romantic getaway,http://guru.isleblue.co/en/articles/10067307-honeymooning-in-palm-springs-the-ultimate-romantic-getaway,isleblue.co,,63.2,National,Travel blog,2026-09-27,Needs review
romantic getaways in the Hudson Valley,,14,romantic getaways hudson valley upstate new york 6588,https://getawaytips.azcentral.com/romantic-getaways-hudson-valley-upstate-new-york-6588.html,azcentral.com,,63.2,National,Travel blog,2026-09-27,Needs review
romantic getaways in Massachusetts,,15,romantic getaways massachusetts newengland,https://glampinghub.com/rentalsearch/romantic-getaways-massachusetts-newengland/,glampinghub.com,38,63.2,National,Travel blog,2026-09-27,Needs review
romantic getaways in las vegas,,14,romantic hotels in las vegas,https://www.emptynestershittheroad.com/romantic-hotels-in-las-vegas/,emptynestershittheroad.com,,63.1,Las Vegas,Travel blog,2026-09-27,Paid outreach
romantic getaways in maine,590,14,romantic getaways,https://www.visitmaine.net/romantic-getaways/,visitmaine.net,,63.1,Maine,Tourism,2026-09-27,Paid outreach
romantic getaways in Maine,,14,romantic getaways,https://www.visitmaine.net/romantic-getaways/,visitmaine.net,,63.1,National,Tourism,2026-09-27,Paid outreach
romantic getaways in virginia beach,,15,weekend getaways near virginia beach under 4 hours drive,https://www.thetalkingsuitcase.com/weekend-getaways-near-virginia-beach-under-4-hours-drive/,thetalkingsuitcase.com,,63.1,Virginia Beach,Travel blog,2026-09-27,Needs review
romantic getaways in kansas city,,17,romantic places to stay in kansas city,https://www.cozyinkc.com/blog/romantic-places-to-stay-in-kansas-city,cozyinkc.com,,63.1,Kansas City,Travel blog,2026-09-27,Paid outreach
best anniversary trip ideas,,14,best cozy anniversary destinations,https://www.celebrationwishes.com/inspiration/best-cozy-anniversary-destinations,celebrationwishes.com,,63.0,National,Travel blog,2026-09-27,Needs review
romantic getaways in missouri,880,14,plan your romantic getaway in st louis,https://explorestlouis.com/whats-new/plan-your-romantic-getaway-in-st-louis/,explorestlouis.com,,63.0,Missouri,Tourism,2026-09-27,Paid outreach
best babymoon destinations,,14,the best babymoon destination for every month of the year,https://www.jetsetchristina.com/the-best-babymoon-destination-for-every-month-of-the-year/,jetsetchristina.com,,63.0,National,Travel blog,2026-09-27,Paid outreach
romantic getaways near Houston,,17,romantic getaways in houston,https://itineraryplans.com/place/romantic-getaways-in-houston/,itineraryplans.com,,62.9,National,Travel blog,2026-09-27,Paid outreach
romantic getaways in New England,,15,romantic getaways in new england,https://www.tripinn.com/blog/romantic-getaways-in-new-england/,tripinn.com,25,62.8,National,Travel blog,2026-09-27,Needs review
romantic getaways in the Smoky Mountains,,18,romantic cabins in the smoky mountains,https://www.cabinsforyou.com/romantic-cabins-in-the-smoky-mountains,cabinsforyou.com,,62.8,National,Travel blog,2026-09-27,Needs review
romantic hotels in Leavenworth WA,,8,romantic leavenworth trip ideas,https://www.loveleavenworth.com/romantic-leavenworth-trip-ideas/,loveleavenworth.com,,62.7,National,Travel blog,2026-09-27,Paid outreach
romantic hotels in Newport RI,,10,15 most romantic hotels in newport rhode island,https://www.castlehillinn.com/press/15-most-romantic-hotels-in-newport-rhode-island/,castlehillinn.com,,62.7,National,Travel blog,2026-09-27,Needs review
romantic hotels in Savannah,,11,guide to a couples getaway to savannah ga lisa reeves,https://www.foratravel.com/guides/ZH8QXJ/guide-to-a-couples-getaway-to-savannah-ga-lisa-reeves,foratravel.com,45,62.7,National,Travel blog,2026-09-27,Needs review
romantic hotels in New Orleans,,11,new orleans romantic hotels,https://www.thehotelguru.com/en-us/best-hotels/united-states-of-america/new-orleans-romantic-hotels,thehotelguru.com,47,62.7,National,Travel blog,2026-09-27,Paid outreach
romantic getaways in the Finger Lakes,,12,3 romantic stays in new yorks finger lakes region,https://long-weekends.com/articles/weekend-guides/3-romantic-stays-in-new-yorks-finger-lakes-region/,long-weekends.com,29,62.7,National,Travel blog,2026-09-27,Paid outreach
romantic getaways in Lake Tahoe,,13,northstar romantic getaway,https://www.northstarcalifornia.com/travel-guide/northstar-romantic-getaway.aspx,northstarcalifornia.com,,62.7,National,Local media,2026-09-27,Needs review
romantic getaways near Dallas,,13,romantic weekend getaways for couples near dallas fort worth,https://mycurlyadventures.com/romantic-weekend-getaways-for-couples-near-dallas-fort-worth/,mycurlyadventures.com,,62.7,National,Travel blog,2026-09-27,Paid outreach
romantic getaways from Dallas,,14,romantic weekend getaways for couples near dallas fort worth,https://mycurlyadventures.com/romantic-weekend-getaways-for-couples-near-dallas-fort-worth/,mycurlyadventures.com,,62.7,National,Travel blog,2026-09-27,Paid outreach
romantic getaways in Massachusetts,,16,romantic hotels in ma,https://www.getawaymavens.com/romantic-hotels-in-ma/,getawaymavens.com,30,62.7,National,Travel blog,2026-09-27,Paid outreach
romantic getaways in Cape Cod,,16,how to plan the best romantic fall getaway to cape cod,https://www.oldmanseinn.com/blog/2024/09/how-to-plan-the-best-romantic-fall-getaway-to-cape-cod/,oldmanseinn.com,,62.7,National,Travel blog,2026-09-27,Needs review
romantic getaways in Door County,,17,door county resorts for couples,https://paulinaontheroad.com/door-county-resorts-for-couples/,paulinaontheroad.com,29,62.7,National,Travel blog,2026-09-27,Paid outreach
romantic getaways in Connecticut,,17,15 best romantic weekend getaways connecticut,https://www.thecrazytourist.com/15-best-romantic-weekend-getaways-connecticut/,thecrazytourist.com,,62.7,National,Travel blog,2026-09-27,Paid outreach
romantic getaways in Lancaster PA,,9,the 12 most unique romantic things to do in lancaster pa,https://lancasterballoonrides.com/blog/attractions/the-12-most-unique-romantic-things-to-do-in-lancaster-pa/,lancasterballoonrides.com,,62.6,National,Travel blog,2026-09-27,Paid outreach
best babymoon destinations,,12,best places to babymoon,https://www.kennyflowers.com/blogs/unbuttoned-by-kenny-flowers/best-places-to-babymoon,kennyflowers.com,,62.6,National,Editorial,2026-09-27,Needs review
romantic places to stay in Napa,,12,where to stay in napa valley,https://discoveroverthere.com/where-to-stay-in-napa-valley/,discoveroverthere.com,,62.6,National,Travel blog,2026-09-27,Paid outreach
romantic places to stay in Asheville,,15,romantic getaways in asheville north carolina,https://orchardinn.com/blog/romantic-getaways-in-asheville-north-carolina/,orchardinn.com,,62.6,National,Travel blog,2026-09-27,Needs review
romantic getaways near Los Angeles,,16,romantic weekend getaways from los angeles,https://www.royalcaribbean.com/inspire/romantic-weekend-getaways-from-los-angeles,royalcaribbean.com,,62.6,National,Travel blog,2026-09-27,Paid outreach
romantic resorts in ohio,3600,11,romantic getaways,https://www.ohiomagazine.com/travel/romantic-getaways,ohiomagazine.com,38,62.5,Ohio,National magazine,2026-09-11,Paid outreach
romantic getaways in ohio,3600,13,romantic getaways,https://www.ohiomagazine.com/travel/romantic-getaways,ohiomagazine.com,38,62.5,Ohio,National magazine,2026-09-11,Paid outreach
romantic hotels in ohio,480,16,romantic getaways,https://www.ohiomagazine.com/travel/romantic-getaways,ohiomagazine.com,38,62.5,Ohio,National magazine,2026-09-11,Paid outreach
couples getaways in ohio,1000,16,romantic getaways,https://www.ohiomagazine.com/travel/romantic-getaways,ohiomagazine.com,38,62.5,Ohio,National magazine,2026-09-11,Paid outreach
romantic getaways in kansas city,,18,romantic getaways abound in kansas city,https://kcstudio.org/romantic-getaways-abound-in-kansas-city/,kcstudio.org,,62.5,Kansas City,Travel blog,2026-09-27,Paid outreach
romantic getaways in missouri,880,15,plan a missouri getaway at a cabin villa or treehouse,https://www.visitmo.com/articles/plan-a-missouri-getaway-at-a-cabin-villa-or-treehouse,visitmo.com,,62.4,Missouri,Tourism,2026-09-27,Needs review
romantic getaways near Houston,,18,romantic getaways in houston,https://www.usacoupletravel.com/romantic-getaways-in-houston/,usacoupletravel.com,,62.3,National,Travel blog,2026-09-27,Paid outreach
romantic getaways in northern Michigan,,13,northern michigan weekend getaways,https://www.northernmichigantravelguide.tips/northern-michigan-weekend-getaways,northernmichigantravelguide.tips,,62.2,National,Travel blog,2026-09-27,Paid outreach
romantic getaways from Chicago,,14,weekend in chicago for lovers michelin guide,https://guide.michelin.com/us/en/article/travel/weekend-in-chicago-for-lovers-michelin-guide,michelin.com,,62.2,National,Travel blog,2026-09-27,Needs review
romantic hotels in New Orleans,,14,romantic hotels in new orleans,https://www.foratravel.com/the-journal/romantic-hotels-in-new-orleans,foratravel.com,45,62.2,National,Travel blog,2026-09-27,Needs review
romantic getaways in Pennsylvania,,14,honeymoon in pennsylvania hidden gems,https://roughcutlodge.com/honeymoon-in-pennsylvania-hidden-gems/,roughcutlodge.com,,62.2,National,Travel blog,2026-09-27,Paid outreach
romantic places to stay in New Orleans,,17,romantic hotels in new orleans,https://www.foratravel.com/the-journal/romantic-hotels-in-new-orleans,foratravel.com,45,62.2,National,Travel blog,2026-09-27,Needs review
romantic getaways in Door County,,18,couples getaway in door county wisconsin,https://www.gliddenlodge.com/2022/07/couples-getaway-in-door-county-wisconsin/,gliddenlodge.com,,62.2,National,Travel blog,2026-09-27,Paid outreach
romantic getaways in the Smoky Mountains,,19,7 romantic date ideas for your smoky mountain getaway,https://www.parksideresort.com/blog/7-romantic-date-ideas-for-your-smoky-mountain-getaway,parksideresort.com,,62.2,National,Travel blog,2026-09-27,Paid outreach
romantic places to stay in Key West,,12,where to stay in key west,https://www.wandertooth.com/where-to-stay-in-key-west/,wandertooth.com,,62.1,National,Travel blog,2026-09-27,Paid outreach
romantic places to stay in Santa Barbara,,13,plan romantic getaway santa barbara,https://www.wanderlustluxuryrentals.com/santa-barbara-blog/plan-romantic-getaway-santa-barbara,wanderlustluxuryrentals.com,,62.1,National,Travel blog,2026-09-27,Needs review
romantic getaways in the Adirondacks,,14,romantic getaways in the adirondacks 2023,https://friendslake.com/blog/romantic-getaways-in-the-adirondacks-2023/,friendslake.com,,62.1,National,Travel blog,2026-09-27,Needs review
romantic getaways near Austin,,14,couples weekend guide to austin,https://www.camelsandchocolate.com/couples-weekend-guide-to-austin/,camelsandchocolate.com,,62.1,National,Travel blog,2026-09-27,Needs review
romantic getaways near Seattle,,15,valentines romantic vacation package seattle washington northwest winter road trips,https://www.seattlemet.com/travel-and-outdoors/valentines-romantic-vacation-package-seattle-washington-northwest-winter-road-trips,seattlemet.com,,62.1,National,Travel blog,2026-09-27,Paid outreach
romantic getaways near Portland,,15,25 unique pnw getaways,https://www.itsloganmarie.com/25-unique-pnw-getaways/,itsloganmarie.com,,62.1,National,Travel blog,2026-09-27,Paid outreach
romantic getaways near Indianapolis,,15,the perfect quick indianapolis getaway,https://www.vincentwilliamwine.com/getaway/the-perfect-quick-indianapolis-getaway,vincentwilliamwine.com,,62.1,National,Travel blog,2026-09-27,Paid outreach
romantic getaways near Los Angeles,,17,romantic getaways from la with your significant other,https://maclynninternational.us/blog/romantic-getaways-from-la-with-your-significant-other/,maclynninternational.us,,62.1,National,Travel blog,2026-09-27,Paid outreach
romantic getaways in georgia,2400,17,romantic getaways in north georgia,https://exploregeorgia.org/places-to-stay/article/romantic-getaways-in-north-georgia,exploregeorgia.org,61,62.0,Georgia,Tourism,2026-09-11,Needs review
romantic resorts in montana,390,14,5 stunning montana honeymoon resorts,https://www.rockymountainbride.com/blog/5-stunning-montana-honeymoon-resorts/,rockymountainbride.com,35,61.9,Montana,Wedding / honeymoon,2026-09-11,Paid outreach
couples getaways in florida,880,15,romantic gulf coast getaways,https://www.visitfloridabeaches.com/blog/romantic-gulf-coast-getaways,visitfloridabeaches.com,30,61.9,Florida,Tourism,2026-09-11,Paid outreach
romantic getaways in florida,2400,15,romantic gulf coast getaways,https://www.visitfloridabeaches.com/blog/romantic-gulf-coast-getaways,visitfloridabeaches.com,30,61.9,Florida,Tourism,2026-09-11,Paid outreach
romantic getaways in montana,390,15,5 stunning montana honeymoon resorts,https://www.rockymountainbride.com/blog/5-stunning-montana-honeymoon-resorts/,rockymountainbride.com,35,61.9,Montana,Wedding / honeymoon,2026-09-11,Paid outreach
romantic getaways near Dallas,,14,romantic weekend getaways near dallas,https://spoonmountainglamping.com/travel-to-wimberley/romantic-weekend-getaways-near-dallas/,spoonmountainglamping.com,,61.6,National,Travel blog,2026-09-27,Paid outreach
romantic getaways near Pittsburgh,,15,weekend getaways from pittsburgh,https://innatcedarfalls.com/blog/weekend-getaways-from-pittsburgh/,innatcedarfalls.com,,61.6,National,Travel blog,2026-09-27,Needs review
romantic getaways near Philadelphia,,15,romantic getaways in pa,https://www.getawaymavens.com/romantic-getaways-in-pa/,getawaymavens.com,30,61.6,National,Travel blog,2026-09-27,Paid outreach
romantic getaways near Nashville,,16,romantic valentines getaway ideas within a short drive from nashville,https://nashvillemoms.com/romantic-valentines-getaway-ideas-within-a-short-drive-from-nashville/,nashvillemoms.com,,61.6,National,Travel blog,2026-09-27,Paid outreach
romantic places to stay in Charleston SC,,16,escape to romance a winter getaway in charleston sc,https://charlestonplace.com/escape-to-romance-a-winter-getaway-in-charleston-sc/,charlestonplace.com,,61.6,National,Travel blog,2026-09-27,Paid outreach
romantic getaways in Minnesota,,16,romantic getaways in minnesota,https://riverbendresort.com/category/romantic-getaways-in-minnesota/,riverbendresort.com,,61.6,National,Travel blog,2026-09-27,Needs review
romantic getaways near Seattle,,16,best romantic weekend getaways from seattle,https://www.marcieinmommyland.com/best-romantic-weekend-getaways-from-seattle/,marcieinmommyland.com,,61.6,National,Travel blog,2026-09-27,Paid outreach
romantic getaways near Indianapolis,,16,romantic getaways in indianapolis in,https://romanticadventuregetaways.com/romantic-getaways-in-indianapolis-in/,romanticadventuregetaways.com,,61.6,National,Travel blog,2026-09-27,Paid outreach
romantic getaways near Pittsburgh,,17,romantic getaways in pa,https://www.getawaymavens.com/romantic-getaways-in-pa/,getawaymavens.com,30,61.6,National,Travel blog,2026-09-27,Paid outreach
romantic getaways in Cape Cod,,18,reasons escape to cape cod for romantic getaway,https://captainfarris.com/blog/reasons-escape-to-cape-cod-for-romantic-getaway,captainfarris.com,,61.6,National,Travel blog,2026-09-27,Needs review
romantic getaways in north carolina,1900,18,romantic getaways in nc,https://www.crystalcoastnc.org/blog/post/romantic-getaways-in-nc/,crystalcoastnc.org,44,61.6,North Carolina,Tourism,2026-09-11,Needs review
romantic getaways in Door County,,19,why door county wi is the perfect romantic escape,https://lafamilytravel.com/why-door-county-wi-is-the-perfect-romantic-escape/,lafamilytravel.com,,61.6,National,Travel blog,2026-09-27,Paid outreach
couples getaways in north carolina,480,20,romantic getaways in nc,https://www.crystalcoastnc.org/blog/post/romantic-getaways-in-nc/,crystalcoastnc.org,44,61.6,North Carolina,Tourism,2026-09-11,Needs review
romantic getaways in the Poconos,,12,guide to a romantic getaway in the poconos,https://www.mountaintoplodge.com/blog/guide-to-a-romantic-getaway-in-the-poconos,mountaintoplodge.com,,61.5,National,Travel blog,2026-09-27,Needs review
romantic getaways in Napa Valley,,14,most romantic napa valley hotels,https://www.napavalley.com/blog/most-romantic-napa-valley-hotels/,napavalley.com,,61.4,National,Travel blog,2026-09-27,Needs review
romantic getaways in las vegas,,17,romantic things to do in las vegas,https://www.getyourguide.com/en-gb/explorer/las-vegas-ttd58/romantic-things-to-do-in-las-vegas/,getyourguide.com,,61.4,Las Vegas,Travel blog,2026-09-27,Needs review
romantic getaways in maine,590,17,romantic winter getaways in maine,https://visitmaine.com/articles/romantic-winter-getaways-in-maine/,visitmaine.com,,61.4,Maine,Tourism,2026-09-27,Needs review
romantic getaways in Maine,,17,romantic winter getaways in maine,https://visitmaine.com/articles/romantic-winter-getaways-in-maine/,visitmaine.com,,61.4,National,Tourism,2026-09-27,Needs review
romantic hotels in Napa,,17,most romantic napa valley hotels,https://www.napavalley.com/blog/most-romantic-napa-valley-hotels/,napavalley.com,,61.4,National,Travel blog,2026-09-27,Needs review
romantic getaways in orlando,,19,orlando romantic hotels,https://www.klook.com/blog/orlando-romantic-hotels/,klook.com,,61.4,Orlando,Travel blog,2026-09-27,Needs review
best anniversary trip ideas,,17,10 best anniversary trip ideas for a stylish unforgettable escape,https://www.themusehotelpalmsprings.com/post/10-best-anniversary-trip-ideas-for-a-stylish-unforgettable-escape,themusehotelpalmsprings.com,,61.3,National,Travel blog,2026-09-27,Needs review
romantic getaways in niagara falls,,17,winter romance in niagara a magical getaway for couples 2,https://www.cliftonhill.com/falls_blog/winter-romance-in-niagara-a-magical-getaway-for-couples-2/,cliftonhill.com,,61.3,Niagara Falls,Travel blog,2026-09-27,Needs review
romantic getaways in Lake Tahoe,,17,secluded romantic cabins lake tahoe california,https://glampinghub.com/rentalsearch/secluded-romantic-cabins-lake-tahoe-california/,glampinghub.com,38,61.2,National,Travel blog,2026-09-27,Paid outreach
romantic getaways near San Diego,,2,weekend getaways from san diego,https://explorenowornever.com/weekend-getaways-from-san-diego/,explorenowornever.com,,61.1,National,Tourism,2026-09-27,Paid outreach
romantic getaways in Minnesota,,17,romantic getaways in mn,https://www.tripinn.com/blog/romantic-getaways-in-mn/,tripinn.com,25,61.1,National,Travel blog,2026-09-27,Needs review
romantic getaways in north carolina,1900,19,6 romantic summer getaways north carolina,https://www.visitnc.com/list/6-romantic-summer-getaways-north-carolina,visitnc.com,50,61.1,North Carolina,Tourism,2026-09-11,Needs review
romantic getaways in new mexico,210,11,head to santa fe new mexico for a weekend of pure romance,https://www.rockymountainbride.com/blog/head-to-santa-fe-new-mexico-for-a-weekend-of-pure-romance/,rockymountainbride.com,35,61.0,New Mexico,Wedding / honeymoon,2026-09-27,Paid outreach
romantic hotels in Galena IL,,13,couples getaway to galena,https://galenabedandbreakfast.com/2023/11/couples-getaway-to-galena/,galenabedandbreakfast.com,,61.0,National,Travel blog,2026-09-27,Needs review
romantic places to stay in Galena IL,,13,romantic getaways in galena couples,https://guidestogetaways.com/romantic-getaways-in-galena-couples/,guidestogetaways.com,,61.0,National,Travel blog,2026-09-27,Needs review
romantic getaways in new jersey,1000,13,romantic winter getaways new jersey,https://visitnj.org/article/romantic-winter-getaways-new-jersey,visitnj.org,52,61.0,New Jersey,Tourism,2026-09-11,Needs review
romantic hotels in Palm Springs,,14,7 palm springs couples resort you should know,https://www.themusehotelpalmsprings.com/post/7-palm-springs-couples-resort-you-should-know,themusehotelpalmsprings.com,,61.0,National,Travel blog,2026-09-27,Needs review
romantic places to stay in Eureka Springs,,14,summer in eureka springs 2,https://basinpark.com/blog/2024/07/02/summer-in-eureka-springs-2/,basinpark.com,,61.0,National,Travel blog,2026-09-27,Needs review
romantic getaways in the Finger Lakes,,15,romantic getaway to wine country,https://www.fingerlakeswinecountry.com/travel-guide/romantic-getaway-to-wine-country/,fingerlakeswinecountry.com,,61.0,National,Travel blog,2026-09-27,Needs review
romantic places to stay in Palm Springs,,15,palm springs romantic getaways your ultimate guide,https://www.themusehotelpalmsprings.com/post/palm-springs-romantic-getaways-your-ultimate-guide,themusehotelpalmsprings.com,,61.0,National,Travel blog,2026-09-27,Needs review
romantic places to stay in Santa Barbara,,15,romantic retreats in santa barbara with wine tours,https://www.sustainablewinetours.com/blog/romantic-retreats-in-santa-barbara-with-wine-tours/,sustainablewinetours.com,,61.0,National,Travel blog,2026-09-27,Paid outreach
romantic getaways in the Adirondacks,,16,7 romantic adirondacks getaway activities at the lodge,https://www.thewhitefacelodge.com/7-romantic-adirondacks-getaway-activities-at-the-lodge/,thewhitefacelodge.com,,61.0,National,Travel blog,2026-09-27,Paid outreach
romantic hotels in Eureka Springs,,16,summer in eureka springs 2,https://basinpark.com/blog/2024/07/02/summer-in-eureka-springs-2/,basinpark.com,,61.0,National,Travel blog,2026-09-27,Needs review
romantic places to stay in Charleston SC,,17,need an idea for a getaway try charleston,https://www.conversationswithsara.com/need-an-idea-for-a-getaway-try-charleston/,conversationswithsara.com,,61.0,National,Travel blog,2026-09-27,Paid outreach
romantic getaways near Charlotte,,18,your romantic weekend getaway itinerary at jellystone park golden valley,https://campgoldenvalley.com/blog/your-romantic-weekend-getaway-itinerary-at-jellystone-park-golden-valley,campgoldenvalley.com,,61.0,National,Travel blog,2026-09-27,Paid outreach
romantic getaways in Cape Cod,,19,cape cod romantic getaway,https://wequassett.com/blog/cape-cod-romantic-getaway/,wequassett.com,,61.0,National,Travel blog,2026-09-27,Paid outreach
romantic getaways in Massachusetts,,19,escape to the bay state dreamy and romantic getaways in massachusetts,https://wequassett.com/press-news/escape-to-the-bay-state-dreamy-and-romantic-getaways-in-massachusetts/,wequassett.com,,61.0,National,Travel blog,2026-09-27,Paid outreach
romantic getaways in Door County,,20,7 romantic valentines day ideas in door county,https://docovacations.com/7-romantic-valentines-day-ideas-in-door-county/,docovacations.com,,61.0,National,Travel blog,2026-09-27,Needs review
romantic getaways in northern California,,20,10 romantic weekend getaways from san francisco bay area,https://acharmingescape.com/10-romantic-weekend-getaways-from-san-francisco-bay-area/,acharmingescape.com,27,61.0,National,Travel blog,2026-09-27,Needs review
romantic getaways in Connecticut,,20,romantic vacation in connecticut best views and scenic spots,https://stayinct.com/blog/romantic-vacation-in-connecticut-best-views-and-scenic-spots/,stayinct.com,,61.0,National,Travel blog,2026-09-27,Paid outreach
romantic getaways in hawaii,140,14,romantic getaways in hawaii honeymoon,https://honeymoonbackpackers.com/romantic-getaways-in-hawaii-honeymoon/,honeymoonbackpackers.com,,60.9,Hawaii,Wedding / honeymoon,2026-09-27,Paid outreach
romantic places to stay in Asheville,,18,romantic weekend getaway asheville north carolina,https://www.waybacktours.com/post/romantic-weekend-getaway-asheville-north-carolina,waybacktours.com,,60.9,National,Travel blog,2026-09-27,Needs review
romantic getaways in Connecticut,,1,romantic getaways,https://www.visitconnecticut.com/state/romantic-getaways/?ref=binfind.com/web/,visitconnecticut.com,,60.7,National,Tourism,2026-09-27,Paid outreach
best honeymoon destinations in the us,,13,how to choose the perfect usa honeymoon destination,https://www.davidsbridal.com/content/travel/how-to-choose-the-perfect-usa-honeymoon-destination,davidsbridal.com,,60.7,National,Travel blog,2026-09-27,Needs review
romantic getaways in Lake Tahoe,,18,south lake tahoe honeymoons,https://www.skiheavenly.com/travel-guide/south-lake-tahoe-honeymoons.aspx,skiheavenly.com,,60.7,National,Travel blog,2026-09-27,Needs review
weekend getaways in florida,3600,20,florida,https://www.visittheusa.com/destinations/florida/,visittheusa.com,63,60.6,Florida,Tourism,2026-09-11,Needs review
romantic hotels in Eureka Springs,,14,Eureka Springs Hotels Romantic Hotel.0 0 d10751 tRomanticHotel.Travel Guide Filter Hotels,https://www.wotif.com/Eureka-Springs-Hotels-Romantic-Hotel.0-0-d10751-tRomanticHotel.Travel-Guide-Filter-Hotels,wotif.com,,60.5,National,Travel blog,2026-09-27,Needs review
romantic getaways near Cincinnati,,16,romantic getaways from cincinnati,https://adventuremomblog.com/romantic-getaways-from-cincinnati/,adventuremomblog.com,,60.5,National,Travel blog,2026-09-27,Needs review
romantic getaways in Sonoma County,,16,best places to stay santa rosa couples luxury vacation,https://www.wander.com/article/best-places-to-stay-santa-rosa-couples-luxury-vacation,wander.com,,60.5,National,Travel blog,2026-09-27,Paid outreach
romantic resorts in virginia,880,17,romantic fall getaways,https://www.virginia.org/plan-your-trip/trip-ideas/romantic-fall-getaways/,virginia.org,57,60.5,Virginia,Tourism,2026-09-11,Needs review
romantic getaways from Washington DC,,19,best weekend getaways from washington dc the eastern shore middleburg robert huie,https://www.foratravel.com/guides/UAGY6V/best-weekend-getaways-from-washington-dc-the-eastern-shore-middleburg-robert-huie,foratravel.com,45,60.5,National,Travel blog,2026-09-27,Needs review
romantic getaways near Charlotte,,19,a romantic weekend getaway to charlotte north carolina monique hill,https://www.foratravel.com/guides/MXX8UX/a-romantic-weekend-getaway-to-charlotte-north-carolina-monique-hill,foratravel.com,45,60.5,National,Travel blog,2026-09-27,Needs review
romantic hotels in Eureka Springs,,15,romantic getaways eureka springs,https://www.cliffcottage.com/articles/romantic-getaways-eureka-springs,cliffcottage.com,,60.4,National,Travel blog,2026-09-27,Paid outreach
romantic getaways in indiana,1000,16,ultimate couples escape bloomington indiana,https://www.visitbloomington.com/blog/stories/post/ultimate-couples-escape-bloomington-indiana/,visitbloomington.com,45,60.4,Indiana,Tourism,2026-09-11,Paid outreach
romantic getaways near Austin,,17,weekend getaway in texas hill country for couples,https://www.flint-flowers.com/post/weekend-getaway-in-texas-hill-country-for-couples,flint-flowers.com,,60.4,National,Travel blog,2026-09-27,Paid outreach
romantic places to stay in Eureka Springs,,18,romantic getaways eureka springs,https://www.cliffcottage.com/articles/romantic-getaways-eureka-springs,cliffcottage.com,,60.4,National,Travel blog,2026-09-27,Paid outreach
romantic getaways near Indianapolis,,18,four of indianapolis most romantic fall getaways,https://www.wrtv.com/news/local-news/four-of-indianapolis-most-romantic-fall-getaways-,wrtv.com,,60.4,National,Travel blog,2026-09-27,Needs review
romantic places to stay in Asheville,,19,romantic asheville getaways north carolina,https://glampinghub.com/rentalsearch/romantic-asheville-getaways-north-carolina/,glampinghub.com,38,60.4,National,Travel blog,2026-09-27,Paid outreach
hotels with fireplaces in the room,,13,what type of fireplaces is best for an exclusive hotel room,https://earthcore.com/news/what-type-of-fireplaces-is-best-for-an-exclusive-hotel-room/,earthcore.com,,60.1,National,Travel blog,2026-09-27,Paid outreach
romantic getaways in kansas,260,14,romantic getaways in kansas,https://honeymoonbackpackers.com/romantic-getaways-in-kansas/,honeymoonbackpackers.com,,60.0,Kansas,Wedding / honeymoon,2026-09-27,Paid outreach
romantic hotels in Sedona,,14,how to plan a sedona romantic getaway,https://www.ambientesedona.com/2025/04/how-to-plan-a-sedona-romantic-getaway/,ambientesedona.com,,59.9,National,Travel blog,2026-09-27,Needs review
romantic hotels in Napa,,16,romantic hotels in napa valley,https://norcalwinegal.com/romantic-hotels-in-napa-valley/,norcalwinegal.com,,59.9,National,Travel blog,2026-09-27,Needs review
romantic getaways near Cincinnati,,17,Romantic Getaways from Cincinnati,https://www.lostwithlydia.com/destinations/usa/oh/Romantic-Getaways-from-Cincinnati/,lostwithlydia.com,,59.9,National,Travel blog,2026-09-27,Paid outreach
romantic getaways in Pennsylvania,,18,book a romantic getaway in pennsylvania,https://buhlmansion.com/blog/book-a-romantic-getaway-in-pennsylvania/,buhlmansion.com,,59.9,National,Travel blog,2026-09-27,Needs review
romantic getaways in Maryland,,18,romantic getaways in maryland 2023,https://deepcreekinns.com/blog/romantic-getaways-in-maryland-2023/,deepcreekinns.com,,59.9,National,Travel blog,2026-09-27,Needs review
romantic getaways in Shenandoah Valley,,18,luxury cabins hot tubs shenandoah river state park viriginia,https://glampinghub.com/rentalsearch/luxury-cabins-hot-tubs-shenandoah-river-state-park-viriginia/,glampinghub.com,38,59.9,National,Travel blog,2026-09-27,Needs review
romantic getaways near Pittsburgh,,18,romantic getaways near pittsburgh,https://tara-inn.com/blog/romantic-getaways-near-pittsburgh/,tara-inn.com,,59.9,National,Travel blog,2026-09-27,Needs review
romantic getaways near Nashville,,19,7 nashville couples getaway you should know,https://www.underwoodmanor.com/post/7-nashville-couples-getaway-you-should-know,underwoodmanor.com,,59.9,National,Travel blog,2026-09-27,Needs review
romantic getaways near Boston,,19,top 25 romantic hotels northeast usa,https://www.getawaymavens.com/top-25-romantic-hotels-northeast-usa/,getawaymavens.com,30,59.9,National,Travel blog,2026-09-27,Paid outreach
romantic places to stay in Sedona,,15,sexy sedona time away together matters,https://www.hiptravelmama.com/2015/02/13/sexy-sedona-time-away-together-matters/,hiptravelmama.com,,59.8,National,Travel blog,2026-09-27,Needs review
romantic getaways in Rhode Island,,16,romantic getaways in rhode island,https://yourtimetofly.com/romantic-getaways-in-rhode-island/,yourtimetofly.com,32,59.8,National,Travel blog,2026-09-27,Needs review
romantic getaways in the Smoky Mountains,,4,plan romantic trip north carolinas smoky mountains,https://www.visitnc.com/itinerary/plan-romantic-trip-north-carolinas-smoky-mountains,visitnc.com,50,59.7,National,Tourism,2026-09-27,Needs review
best romantic getaways in the us,,19,romantic getaways in the us,https://planreadygo.com/romantic-getaways-in-the-us/,planreadygo.com,,59.6,National,Travel blog,2026-09-27,Paid outreach
romantic getaways near Chicago,,14,48 hour romance,https://www.choosechicago.com/articles/itineraries/48-hour-romance/,choosechicago.com,,59.5,National,Editorial,2026-09-27,Needs review
romantic getaways in virginia beach,,20,romantic itinerary,https://www.sundialvirginiabeach.com/attraction/romantic-itinerary/,sundialvirginiabeach.com,,59.5,Virginia Beach,Local media,2026-09-27,Needs review
romantic getaways in the Finger Lakes,,18,planning the perfect romantic finger lakes winter getaway,https://www.tworestlesshomebodies.com/planning-the-perfect-romantic-finger-lakes-winter-getaway/,tworestlesshomebodies.com,,59.4,National,Travel blog,2026-09-27,Needs review
romantic places to stay in New Orleans,,19,perfect romantic getaway in new orleans 1604890,https://www.tripsavvy.com/perfect-romantic-getaway-in-new-orleans-1604890,tripsavvy.com,,59.4,National,Travel blog,2026-09-27,Needs review
romantic getaways from Dallas,,19,resorts dallas treat someone love special valentines day,https://millcreekranchresort.com/blog/resorts-dallas-treat-someone-love-special-valentines-day/,millcreekranchresort.com,,59.4,National,Travel blog,2026-09-27,Paid outreach
romantic getaways near Nashville,,20,best romantic getaways from nashville,https://nashlimousine.com/blog/f/best-romantic-getaways-from-nashville,nashlimousine.com,,59.4,National,Travel blog,2026-09-27,Needs review
romantic hotels in Hot Springs AR,,13,romantic getaway ideas hot springs arkansas,https://glampinghub.com/rentalsearch/romantic-getaway-ideas-hot-springs-arkansas/,glampinghub.com,38,59.3,National,Travel blog,2026-09-27,Paid outreach
romantic getaways in Lancaster PA,,15,romantic getaway ideas in lancaster pa,https://historicsmithtoninn.com/blog/romantic-getaway-ideas-in-lancaster-pa/,historicsmithtoninn.com,,59.3,National,Travel blog,2026-09-27,Needs review
romantic getaways near Atlanta,,16,romantic getaways near atlanta georgia,https://www.outsideonline.com/adventure-travel/romantic-getaways-near-atlanta-georgia/,outsideonline.com,,59.3,National,Travel blog,2026-09-27,Needs review
romantic places to stay in Galena IL,,16,romantic places to stay in galena illinois,https://bicave.com/romantic-places-to-stay-in-galena-illinois/,bicave.com,,59.3,National,Travel blog,2026-09-27,Paid outreach
romantic places to stay in Eureka Springs,,17,romantic getaway eureka springs arkansas,https://theoutdoorsyartist.com/romantic-getaway-eureka-springs-arkansas/,theoutdoorsyartist.com,,59.3,National,Travel blog,2026-09-27,Needs review
romantic getaways in the Catskills,,17,couples getaway upstate ny catskills weekend getaway,https://www.fashionedible.com/couples-getaway-upstate-ny-catskills-weekend-getaway/,fashionedible.com,,59.3,National,Travel blog,2026-09-27,Needs review
romantic getaways near Chicago,,17,romantic cabin getaways near chicago,https://travelsandtreasures.com/romantic-cabin-getaways-near-chicago/,travelsandtreasures.com,,59.3,National,Travel blog,2026-09-27,Paid outreach
romantic places to stay in Santa Barbara,,18,planning tips for the perfect santa barbara romantic getaway,https://www.vacationrenter.com/guides/planning-tips-for-the-perfect-santa-barbara-romantic-getaway,vacationrenter.com,,59.3,National,Travel blog,2026-09-27,Needs review
romantic places to stay in Palm Springs,,18,couples getaway guide to palm springs,https://www.crumbkisses.com/couples-getaway-guide-to-palm-springs,crumbkisses.com,,59.3,National,Travel blog,2026-09-27,Paid outreach
romantic places to stay in Charleston SC,,20,romantic things to do in charleston sc,https://www.abroadwithash.com/romantic-things-to-do-in-charleston-sc/,abroadwithash.com,,59.3,National,Travel blog,2026-09-27,Needs review
romantic getaways near Seattle,,20,romantic weekend getaways near seattle,https://onthetripside.com/2022/02/romantic-weekend-getaways-near-seattle/,onthetripside.com,,59.3,National,Travel blog,2026-09-27,Needs review
romantic getaways in west virginia,590,18,take a romantic mountain getaway,https://www.visitgrantcounty.com/blog/take-a-romantic-mountain-getaway,visitgrantcounty.com,,59.2,West Virginia,Tourism,2026-09-27,Needs review
best romantic getaways in the us,,20,most romantic resorts in the usa,https://yourtimetofly.com/most-romantic-resorts-in-the-usa/,yourtimetofly.com,32,59.1,National,Travel blog,2026-09-27,Paid outreach
romantic hotels in Fredericksburg TX,,16,best boutique hotels fredericksburg tx,https://fromwhere.com/blogs/best-boutique-hotel/best-boutique-hotels-fredericksburg-tx,fromwhere.com,,58.9,National,Editorial,2026-09-27,Paid outreach
romantic getaways from Dallas,,20,romantic cabin getaways dallas texas,https://glampinghub.com/rentalsearch/romantic-cabin-getaways-dallas-texas/,glampinghub.com,38,58.8,National,Travel blog,2026-09-27,Paid outreach
romantic getaways in Shenandoah Valley,,20,wineries waterfalls and walks romantic adventures in the shenandoah valley,https://hawksbillretreat.com/wineries-waterfalls-and-walks-romantic-adventures-in-the-shenandoah-valley/,hawksbillretreat.com,,58.8,National,Travel blog,2026-09-27,Needs review
romantic getaways from Chicago,,20,romantic weekend getaway near chicago,https://hiddenserenity.com/blog/romantic-weekend-getaway-near-chicago/,hiddenserenity.com,,58.8,National,Travel blog,2026-09-27,Needs review
romantic getaways in Lancaster PA,,16,couples trip to lancaster pa,https://www.discoverlancaster.com/blog/couples-trip-to-lancaster-pa/,discoverlancaster.com,,58.7,National,Travel blog,2026-09-27,Paid outreach
romantic places to stay in Napa,,19,napa valley honeymoon itinerary ideas romantic hotels wine tasting,https://whimsysoul.com/napa-valley-honeymoon-itinerary-ideas-romantic-hotels-wine-tasting/,whimsysoul.com,46,58.7,National,Travel blog,2026-09-27,Needs review
romantic getaways in Minnesota,,2,romantic winter getaway minnesota,https://www.exploreminnesota.com/seasons/winter/romantic-winter-getaway-minnesota,exploreminnesota.com,,58.5,National,Tourism,2026-09-27,Needs review
romantic hotels in Sedona,,17,sedona hotels best red rock views,https://www.themostperfectview.com/sedona-hotels-best-red-rock-views,themostperfectview.com,,58.2,National,Travel blog,2026-09-27,Paid outreach
romantic getaways near Atlanta,,18,romantic getaway,https://www.callawaygardens.com/blog/romantic-getaway/,callawaygardens.com,,58.2,National,Travel blog,2026-09-27,Needs review
romantic hotels in Cape Cod,,20,discover the most romantic places to stay in cape cod for an unforgettable getaway,https://www.freebirdmotorlodge.com/post/discover-the-most-romantic-places-to-stay-in-cape-cod-for-an-unforgettable-getaway,freebirdmotorlodge.com,,58.2,National,Travel blog,2026-09-27,Paid outreach
romantic getaways in Lake Tahoe,,3,secrets inn lake tahoe,https://visitlaketahoe.com/hotels/secrets-inn-lake-tahoe/,visitlaketahoe.com,,58.1,National,Tourism,2026-09-27,Paid outreach
hotels with fireplaces in the room,,17,hotels with fireplace in room what to actually expect,https://www.swinn.com/hotels-with-fireplace-in-room-what-to-actually-expect,swinn.com,,57.9,National,Travel blog,2026-09-27,Paid outreach
romantic getaways in Napa Valley,,1,romantic napa valley,https://www.visitnapavalley.com/things-to-do/trip-ideas/romantic-napa-valley/,visitnapavalley.com,,57.8,National,Tourism,2026-09-27,Needs review
romantic places to stay in Asheville,,4,romantic getaways,https://www.exploreasheville.com/plan-your-trip/trip-ideas/romantic-getaways,exploreasheville.com,,57.8,National,Tourism,2026-09-27,Needs review
romantic places to stay in Napa,,6,romantic napa valley,https://www.visitnapavalley.com/things-to-do/trip-ideas/romantic-napa-valley/,visitnapavalley.com,,57.8,National,Tourism,2026-09-27,Needs review
romantic hotels in Napa,,8,romantic napa valley,https://www.visitnapavalley.com/things-to-do/trip-ideas/romantic-napa-valley/,visitnapavalley.com,,57.8,National,Tourism,2026-09-27,Needs review
romantic getaways near San Diego,,8,top romantic places to stay in san diego,https://www.sandiego.org/stay/article/top-romantic-places-to-stay-in-san-diego,sandiego.org,,57.7,National,Tourism,2026-09-27,Needs review
romantic getaways near Philadelphia,,18,romantic getaway near me,https://www.bridgetonhouse.com/river-ramblings/romantic-getaway-near-me/,bridgetonhouse.com,,57.6,National,Travel blog,2026-09-27,Needs review
romantic hotels in Newport RI,,19,newport rhode island luxury travel guide,https://anniewearsit.com/newport-rhode-island-luxury-travel-guide/,anniewearsit.com,,57.6,National,Travel blog,2026-09-27,Paid outreach
romantic getaways in wyoming,110,19,romantic getaway,https://www.jacksonholechamber.com/plan-your-visit/trip-ideas-itineraries/romantic-getaway/,jacksonholechamber.com,,57.5,Wyoming,Tourism,2026-09-27,Needs review
romantic hotels in Cape Cod,,6,romantic getaways,https://www.visit-massachusetts.com/capecod-marthasvineyard-nantucket/romantic-getaways/,visit-massachusetts.com,,57.4,National,Tourism,2026-09-27,Paid outreach
romantic getaways in Cape Cod,,7,romantic getaways,https://www.visit-massachusetts.com/capecod-marthasvineyard-nantucket/romantic-getaways/,visit-massachusetts.com,,57.4,National,Tourism,2026-09-27,Paid outreach
hotels with fireplaces in the room,,18,sexy hotels with fireplaces around the world,https://travelcurator.com/hotels-resorts/sexy-hotels-with-fireplaces-around-the-world/,travelcurator.com,,57.3,National,Travel blog,2026-09-27,Paid outreach
romantic places to stay in Galena IL,,20,galena il romantic getaways,https://www.tripinn.com/blog/galena-il-romantic-getaways/,tripinn.com,25,57.0,National,Travel blog,2026-09-27,Needs review
romantic getaways in Maryland,,4,romance,https://www.visitmaryland.org/article/romance,visitmaryland.org,,56.8,National,Tourism,2026-09-27,Needs review
romantic hotels in Fredericksburg TX,,3,one of americas most romantic small towns,https://www.visitfredericksburgtx.com/blog/one-of-americas-most-romantic-small-towns/,visitfredericksburgtx.com,,56.7,National,Tourism,2026-09-27,Needs review
romantic places to stay in Fredericksburg TX,,5,one of americas most romantic small towns,https://www.visitfredericksburgtx.com/blog/one-of-americas-most-romantic-small-towns/,visitfredericksburgtx.com,,56.7,National,Tourism,2026-09-27,Needs review
romantic hotels in Hot Springs AR,,18,romantic getaway,https://www.castlehotsprings.com/blog/romantic-getaway/,castlehotsprings.com,,56.5,National,Travel blog,2026-09-27,Needs review
romantic getaways in Lake Tahoe,,6,4 romantic ideas for a fall lake tahoe getaway,https://visitlaketahoe.com/thing-to-do/4-romantic-ideas-for-a-fall-lake-tahoe-getaway/,visitlaketahoe.com,,56.4,National,Tourism,2026-09-27,Paid outreach
romantic getaways in delaware,110,18,romantic weekend winter getaway ideas at rehoboth beach,https://www.visitrehoboth.com/things-to-do/romantic-weekend-winter-getaway-ideas-at-rehoboth-beach,visitrehoboth.com,,56.3,Delaware,Tourism,2026-09-27,Paid outreach
romantic getaways near Atlanta,,2,romance in georgia,https://exploregeorgia.org/places-to-stay/blog/romance-in-georgia,exploregeorgia.org,61,56.2,National,Tourism,2026-09-27,Needs review
romantic places to stay in Palm Springs,,4,fun and romantic date ideas in greater palm springs,https://www.visitgreaterpalmsprings.com/blog/post/fun-and-romantic-date-ideas-in-greater-palm-springs/,visitgreaterpalmsprings.com,,56.2,National,Tourism,2026-09-27,Paid outreach
romantic getaways in Massachusetts,,8,romantic getaways,https://www.visit-massachusetts.com/berkshiresandpioneervalley/romantic-getaways/,visit-massachusetts.com,,56.2,National,Tourism,2026-09-27,Paid outreach
romantic getaways in las vegas,,7,things to do in las vegas for couples,https://www.visitlasvegas.com/experience/post/things-to-do-in-las-vegas-for-couples/,visitlasvegas.com,,56.0,Las Vegas,Tourism,2026-09-27,Needs review
romantic hotels in Santa Barbara,,20,best boutique hotels in santa barbara,https://boutiquehotelsofcalifornia.com/blog/best-boutique-hotels-in-santa-barbara/,boutiquehotelsofcalifornia.com,,55.9,National,Travel blog,2026-09-27,Needs review
romantic hotels in Leavenworth WA,,20,leavenworth summer 2019,https://www.travelingnewlyweds.com/blog/leavenworth-summer-2019,travelingnewlyweds.com,,55.9,National,Travel blog,2026-09-27,Paid outreach
romantic getaways in the Finger Lakes,,5,unique places to stay,https://www.visitfingerlakes.com/places-to-stay/unique-places-to-stay/,visitfingerlakes.com,,55.7,National,Tourism,2026-09-27,Needs review
romantic getaways near Dallas,,6,couples weekend,https://www.visitdallas.com/plan/itineraries/couples-weekend/,visitdallas.com,,55.7,National,Tourism,2026-09-27,Paid outreach
romantic getaways in the Smoky Mountains,,11,romantic getaways,https://www.visitmysmokies.com/romantic-getaways/,visitmysmokies.com,,55.7,National,Tourism,2026-09-27,Needs review
romantic getaways from Dallas,,13,couples weekend,https://www.visitdallas.com/plan/itineraries/couples-weekend/,visitdallas.com,,55.7,National,Tourism,2026-09-27,Paid outreach
romantic getaways in delaware,110,20,itinerary,https://www.visitdelaware.com/places/southern/itinerary/,visitdelaware.com,,55.1,Delaware,Tourism,2026-09-27,Paid outreach
romantic getaways in san antonio,,14,romantic getaway,https://www.visitsanantonio.com/plan-your-trip/itineraries/romantic-getaway/,visitsanantonio.com,,54.9,San Antonio,Tourism,2026-09-27,Paid outreach
romantic getaways in niagara falls,,9,winter couples escape,https://www.niagarafallstourism.com/blogs/winter-couples-escape/,niagarafallstourism.com,,54.8,Niagara Falls,Tourism,2026-09-27,Paid outreach
best anniversary trip ideas,,9,best anniversary trip ideas,https://celebrateagain.org/best-anniversary-trip-ideas/,celebrateagain.org,,54.8,National,Tourism,2026-09-27,Paid outreach
romantic hotels in Savannah,,6,savannahs 10 most romantic escapes,https://exploregeorgia.org/places-to-stay/list/savannahs-10-most-romantic-escapes,exploregeorgia.org,61,54.5,National,Tourism,2026-09-27,Needs review
romantic getaways near Austin,,8,couples weekend,https://www.austintexas.org/austin-insider-blog/blog/post/couples-weekend/,austintexas.org,,54.5,National,Tourism,2026-09-27,Needs review
romantic getaways in Connecticut,,13,discover connecticut romantic getaways,https://www.visitnewengland.com/all/discover-connecticut-romantic-getaways/,visitnewengland.com,,54.0,National,Tourism,2026-09-27,Needs review
romantic getaways in Rhode Island,,7,romantic getaways,https://www.visitri.com/state/romantic-getaways/,visitri.com,,53.9,National,Tourism,2026-09-27,Paid outreach
romantic getaways near Pittsburgh,,9,romantic getaways,https://www.visitmercercountypa.com/stay-category/romantic-getaways/,visitmercercountypa.com,,53.9,National,Tourism,2026-09-27,Needs review
romantic getaways near San Diego,,15,san diego romantic hotels,https://www.visitcalifornia.com/experience/san-diego-romantic-hotels/,visitcalifornia.com,,53.8,National,Tourism,2026-09-27,Needs review
romantic getaways near Boston,,11,romantic getaways,https://www.visit-massachusetts.com/southofbostonplymouth/romantic-getaways/,visit-massachusetts.com,,53.4,National,Tourism,2026-09-27,Needs review
romantic getaways in Massachusetts,,14,romantic massachusetts getaways,https://www.visitma.com/romantic-massachusetts-getaways/,visitma.com,,52.8,National,Tourism,2026-09-27,Needs review
romantic getaways near Boston,,16,romantic massachusetts getaways,https://www.visitma.com/romantic-massachusetts-getaways/,visitma.com,,52.8,National,Tourism,2026-09-27,Needs review
romantic getaways near Nashville,,13,couples getaway,https://www.visitmusiccity.com/nashville-trip-ideas/couples-getaway,visitmusiccity.com,,52.3,National,Tourism,2026-09-27,Needs review
romantic getaways in Connecticut,,16,romantic getaways,https://www.visitconnecticut.com/newhaven_southcentral/romantic-getaways/,visitconnecticut.com,,52.3,National,Tourism,2026-09-27,Paid outreach
romantic getaways in Lake Tahoe,,15,blog romantic weekend getaways lake tahoe,https://visitcarsoncity.com/blog/blog-romantic-weekend-getaways-lake-tahoe/,visitcarsoncity.com,,51.4,National,Tourism,2026-09-27,Needs review
romantic places to stay in Napa,,13,most romantic places stay napa valley,https://www.visitnapavalley.com/blog/post/most-romantic-places-stay-napa-valley/,visitnapavalley.com,,51.1,National,Tourism,2026-09-27,Paid outreach
romantic hotels in Napa,,13,most romantic places stay napa valley,https://www.visitnapavalley.com/blog/post/most-romantic-places-stay-napa-valley/,visitnapavalley.com,,51.1,National,Tourism,2026-09-27,Paid outreach
romantic places to stay in Asheville,,16,top ideas romantic weekend getaway to asheville,https://www.exploreasheville.com/article/top-ideas-romantic-weekend-getaway-to-asheville,exploreasheville.com,,51.0,National,Tourism,2026-09-27,Needs review
best spa weekend getaways,,14,spas wellness,https://www.visitnc.com/things-to-do/spas-wellness,visitnc.com,50,50.8,National,Tourism,2026-09-27,Needs review
romantic weekend getaways in New England,,17,romantic getaways,https://www.visit-newhampshire.com/state/romantic-getaways?ref=bestlist.com/,visit-newhampshire.com,,50.6,National,Tourism,2026-09-27,Needs review
romantic places to stay in Sedona,,12,hotels motels resorts,https://visitsedona.com/where-to-stay/hotels-motels-resorts/,visitsedona.com,,50.5,National,Tourism,2026-09-27,Paid outreach
romantic getaways in Rhode Island,,13,the knot your guide to the best romantic getaways in rhode island,https://www.discovernewport.org/articles/post/the-knot-your-guide-to-the-best-romantic-getaways-in-rhode-island/,discovernewport.org,,50.5,National,Tourism,2026-09-27,Paid outreach
romantic hotels in Fredericksburg TX,,14,stress free romantic getaway,https://www.visitfredericksburgtx.com/blog/stress-free-romantic-getaway/,visitfredericksburgtx.com,,50.5,National,Tourism,2026-09-27,Needs review
romantic hotels in Savannah,,14,11 most romantic places to stay savannah,https://visitsavannah.com/list/11-most-romantic-places-to-stay-savannah,visitsavannah.com,,50.0,National,Tourism,2026-09-27,Needs review
romantic getaways in northern Michigan,,16,romantic weekends,https://swmichigan.org/blog/romantic-weekends,swmichigan.org,39,49.5,National,Tourism,2026-09-27,Needs review
romantic places to stay in Key West,,15,romantic things to do in key west,https://www.trumanlittlewhitehouse.org/guide/romantic-things-to-do-in-key-west,trumanlittlewhitehouse.org,,49.4,National,Tourism,2026-09-27,Needs review
best spa weekend getaways,,18,16 relaxing spas perfect for weekend getaways in georgia,https://exploregeorgia.org/things-to-do/list/16-relaxing-spas-perfect-for-weekend-getaways-in-georgia,exploregeorgia.org,61,48.6,National,Tourism,2026-09-27,Needs review
romantic hotels in Palm Springs,,17,palm springs for couples,https://visitpalmsprings.com/blog/post/palm-springs-for-couples/,visitpalmsprings.com,,48.3,National,Tourism,2026-09-27,Needs review
romantic places to stay in Fredericksburg TX,,16,itinerary ideas,https://www.visitfredericksburgtx.com/plan/itinerary-ideas/,visitfredericksburgtx.com,,47.7,National,Tourism,2026-09-27,Needs review
