Keyword,Volume,Pos,Article,URL,Domain,Authority,Prospect score,Geo,Type,Added,Lane,qualification,qualification_reason,editorial_score,feasibility_score,evidence,insertion_location,reader_benefit,contact_url,suggested_hht_url,score_detail,publisher_reason
romantic resorts in ohio,3600,1,romantic adventure getaways ohio,https://localloveandwanderlust.com/romantic-adventure-getaways-ohio/,localloveandwanderlust.com,32,82.6,Ohio,Travel blog,2026-09-11,Paid outreach,outreach_ready,Independent stay article with a contact route. Suggested insertion: “Romantic Adventure Getaways is available in two locations in Ohio”.,72,94,observed,Romantic Adventure Getaways is available in two locations in Ohio,"In “Romantic Adventure Getaways is available in two locations in Ohio”, HHT’s Ohio guide would add a list of hotels that marks private hot tubs separately from shared facilities.",https://localloveandwanderlust.com/work-with-me/,https://hotelhottubs.com/ohio,topic 32/35; insertion 25/25; credibility 0/25 (no firsthand; no author byline); ranking 15/15; contact 30/30; openness 25/25; conflict 25/25; price plausibility 14/20 inferred for an independent site; no published rate and no claim that they accept $50–100,"Independent publisher with an overnight-travel article. Affiliate links, when present, do not make this a booking marketplace."
couples getaways in ohio,1000,1,romantic adventure getaways ohio,https://localloveandwanderlust.com/romantic-adventure-getaways-ohio/,localloveandwanderlust.com,32,82.6,Ohio,Travel blog,2026-09-11,Paid outreach,outreach_ready,Independent stay article with a contact route. Suggested insertion: “Romantic Adventure Getaways is available in two locations in Ohio”.,72,94,observed,Romantic Adventure Getaways is available in two locations in Ohio,"In “Romantic Adventure Getaways is available in two locations in Ohio”, HHT’s Ohio guide would add a list of hotels that marks private hot tubs separately from shared facilities.",https://localloveandwanderlust.com/work-with-me/,https://hotelhottubs.com/ohio,topic 32/35; insertion 25/25; credibility 0/25 (no firsthand; no author byline); ranking 15/15; contact 30/30; openness 25/25; conflict 25/25; price plausibility 14/20 inferred for an independent site; no published rate and no claim that they accept $50–100,"Independent publisher with an overnight-travel article. Affiliate links, when present, do not make this a booking marketplace."
romantic getaways in oregon,880,1,romantic getaways in oregon,https://www.pdxmonthly.com/travel-and-outdoors/romantic-getaways-in-oregon,pdxmonthly.com,,81.3,Oregon,Travel blog,2026-09-27,Paid outreach,outreach_ready,Independent stay article with a contact route. Suggested insertion: “Our Favorite Romantic Getaways in Oregon”.,72,94,inferred,Our Favorite Romantic Getaways in Oregon,"In “Our Favorite Romantic Getaways in Oregon”, HHT’s Oregon guide would add a list of hotels that marks private hot tubs separately from shared facilities.",https://www.pdxmonthly.com/pages/contact,https://hotelhottubs.com/oregon,topic 32/35; insertion 25/25; credibility 0/25 (no firsthand; no author byline); ranking 15/15; contact 30/30; openness 25/25; conflict 25/25; price plausibility 14/20 inferred for an independent site; no published rate and no claim that they accept $50–100,"Stay roundup with a contact or about link. Classified as an independent publisher from the page, not from the domain name."
romantic getaways in ohio,3600,1,a romantic weekend getaway in hocking hills,https://wanderlustinohio.com/2021/11/16/a-romantic-weekend-getaway-in-hocking-hills/,wanderlustinohio.com,12,81.3,Ohio,Travel blog,2026-09-11,Paid outreach,outreach_ready,Independent stay article with a contact route. Suggested insertion: “Where We Stayed”.,87,94,observed,Where We Stayed,"In “Where We Stayed”, HHT’s Ohio guide would add a list of hotels that marks private hot tubs separately from shared facilities.",https://wanderlustinohio.com/contact,https://hotelhottubs.com/ohio,topic 32/35; insertion 25/25; credibility 15/25 (firsthand; no author byline); ranking 15/15; contact 30/30; openness 25/25; conflict 25/25; price plausibility 14/20 inferred for an independent site; no published rate and no claim that they accept $50–100,"Independent publisher with an overnight-travel article. Affiliate links, when present, do not make this a booking marketplace."
romantic getaways in idaho,210,1,7 romantic getaways in idaho,https://www.travelingspud.com/7-romantic-getaways-in-idaho/,travelingspud.com,,80.9,Idaho,Travel blog,2026-09-27,Paid outreach,outreach_ready,Independent stay article with a contact route. Suggested insertion: “7 Romantic Getaways in Idaho”.,97,94,observed,7 Romantic Getaways in Idaho,"In “7 Romantic Getaways in Idaho”, HHT’s Idaho guide would add a list of hotels that marks private hot tubs separately from shared facilities.",https://www.travelingspud.com/work-with-me/,https://hotelhottubs.com/idaho,topic 32/35; insertion 25/25; credibility 25/25 (firsthand; author); ranking 15/15; contact 30/30; openness 25/25; conflict 25/25; price plausibility 14/20 inferred for an independent site; no published rate and no claim that they accept $50–100,"Independent publisher with an overnight-travel article. Affiliate links, when present, do not make this a booking marketplace."
best romantic getaways in the us,,1,the most romantic cities in the us,https://thesophisticatedlife.com/blog/the-most-romantic-cities-in-the-us/,thesophisticatedlife.com,40,69.8,National,Travel blog,2026-09-27,Paid outreach,outreach_ready,Independent stay article with a contact route. Suggested insertion: “The Most Romantic Cities in the US for Getaways.”.,62,94,inferred,The Most Romantic Cities in the US for Getaways.,"In “The Most Romantic Cities in the US for Getaways.”, HHT’s this destination guide would add a list of hotels that marks private hot tubs separately from shared facilities.",https://thesophisticatedlife.com/work-with-me/,https://hotelhottubs.com/editors-choice,topic 22/35; insertion 25/25; credibility 0/25 (no firsthand; no author byline); ranking 15/15; contact 30/30; openness 25/25; conflict 25/25; price plausibility 14/20 inferred for an independent site; no published rate and no claim that they accept $50–100,"Stay roundup with a contact or about link. Classified as an independent publisher from the page, not from the domain name."
romantic getaways near Chicago,,1,couples weekend getaway chicago,https://www.dangerous-business.com/couples-weekend-getaway-chicago/,dangerous-business.com,,69.5,National,Travel blog,2026-09-27,Paid outreach,outreach_ready,Independent stay article with a contact route. Suggested insertion: “Where to stay in Chicago”.,87,94,observed,Where to stay in Chicago,"In “Where to stay in Chicago”, HHT’s this destination guide would add a list of hotels that marks private hot tubs separately from shared facilities.",https://www.dangerous-business.com/work-with-me/,https://hotelhottubs.com/editors-choice,topic 22/35; insertion 25/25; credibility 25/25 (firsthand; author); ranking 15/15; contact 30/30; openness 25/25; conflict 25/25; price plausibility 14/20 inferred for an independent site; no published rate and no claim that they accept $50–100,"Independent publisher with an overnight-travel article. Affiliate links, when present, do not make this a booking marketplace."
romantic getaways from Chicago,,1,couples weekend getaway chicago,https://www.dangerous-business.com/couples-weekend-getaway-chicago/,dangerous-business.com,,69.5,National,Travel blog,2026-09-27,Paid outreach,outreach_ready,Independent stay article with a contact route. Suggested insertion: “Where to stay in Chicago”.,87,94,observed,Where to stay in Chicago,"In “Where to stay in Chicago”, HHT’s this destination guide would add a list of hotels that marks private hot tubs separately from shared facilities.",https://www.dangerous-business.com/work-with-me/,https://hotelhottubs.com/editors-choice,topic 22/35; insertion 25/25; credibility 25/25 (firsthand; author); ranking 15/15; contact 30/30; openness 25/25; conflict 25/25; price plausibility 14/20 inferred for an independent site; no published rate and no claim that they accept $50–100,"Independent publisher with an overnight-travel article. Affiliate links, when present, do not make this a booking marketplace."
romantic getaways in Connecticut,,1,romantic getaways,https://www.visitconnecticut.com/state/romantic-getaways/?ref=binfind.com/web/,visitconnecticut.com,,60.7,National,Tourism,2026-09-27,Paid outreach,outreach_ready,Independent stay article with a contact route. Suggested insertion: “Book a romantic weekend getaway at CT's lovely waterside or country inns”.,62,94,inferred,Book a romantic weekend getaway at CT's lovely waterside or country inns,"In “Book a romantic weekend getaway at CT's lovely waterside or country inns”, HHT’s this destination guide would add a list of hotels that marks private hot tubs separately from shared facilities.",https://www.visitnewengland.com/all/contact/,https://hotelhottubs.com/editors-choice,topic 22/35; insertion 25/25; credibility 0/25 (no firsthand; no author byline); ranking 15/15; contact 30/30; openness 25/25; conflict 25/25; price plausibility 14/20 inferred for an independent site; no published rate and no claim that they accept $50–100,"Stay roundup with a contact or about link. Classified as an independent publisher from the page, not from the domain name."
romantic hotels in ohio,480,2,romantic adventure getaways ohio,https://localloveandwanderlust.com/romantic-adventure-getaways-ohio/,localloveandwanderlust.com,32,82.6,Ohio,Travel blog,2026-09-11,Paid outreach,outreach_ready,Independent stay article with a contact route. Suggested insertion: “Romantic Adventure Getaways is available in two locations in Ohio”.,72,94,observed,Romantic Adventure Getaways is available in two locations in Ohio,"In “Romantic Adventure Getaways is available in two locations in Ohio”, HHT’s Ohio guide would add a list of hotels that marks private hot tubs separately from shared facilities.",https://localloveandwanderlust.com/work-with-me/,https://hotelhottubs.com/ohio,topic 32/35; insertion 25/25; credibility 0/25 (no firsthand; no author byline); ranking 15/15; contact 30/30; openness 25/25; conflict 25/25; price plausibility 14/20 inferred for an independent site; no published rate and no claim that they accept $50–100,"Independent publisher with an overnight-travel article. Affiliate links, when present, do not make this a booking marketplace."
romantic getaways near Seattle,,2,romantic getaways in the pacific northwest,https://www.emeraldpalate.com/romantic-getaways-in-the-pacific-northwest/,emeraldpalate.com,38,81.6,National,Travel blog,2026-09-11,Paid outreach,outreach_ready,Independent stay article with a contact route. Suggested insertion: “22 Romantic Getaways in the Pacific Northwest Perfect for Reconnecting”.,87,94,observed,22 Romantic Getaways in the Pacific Northwest Perfect for Reconnecting,"In “22 Romantic Getaways in the Pacific Northwest Perfect for Reconnecting”, HHT’s Washington guide would add a list of hotels that marks private hot tubs separately from shared facilities.",https://www.emeraldpalate.com/work-with-me/,https://hotelhottubs.com/washington,topic 32/35; insertion 25/25; credibility 15/25 (firsthand; no author byline); ranking 15/15; contact 30/30; openness 25/25; conflict 25/25; price plausibility 14/20 inferred for an independent site; no published rate and no claim that they accept $50–100,"Independent publisher with an overnight-travel article. Affiliate links, when present, do not make this a booking marketplace."
romantic getaways near Portland,,2,romantic getaways in oregon,https://www.pdxmonthly.com/travel-and-outdoors/romantic-getaways-in-oregon,pdxmonthly.com,,81.3,National,Travel blog,2026-09-27,Paid outreach,outreach_ready,Independent stay article with a contact route. Suggested insertion: “Our Favorite Romantic Getaways in Oregon”.,72,94,inferred,Our Favorite Romantic Getaways in Oregon,"In “Our Favorite Romantic Getaways in Oregon”, HHT’s Oregon guide would add a list of hotels that marks private hot tubs separately from shared facilities.",https://www.pdxmonthly.com/pages/contact,https://hotelhottubs.com/oregon,topic 32/35; insertion 25/25; credibility 0/25 (no firsthand; no author byline); ranking 15/15; contact 30/30; openness 25/25; conflict 25/25; price plausibility 14/20 inferred for an independent site; no published rate and no claim that they accept $50–100,"Stay roundup with a contact or about link. Classified as an independent publisher from the page, not from the domain name."
best couples getaways in the us,,2,the most romantic cities in the us,https://thesophisticatedlife.com/blog/the-most-romantic-cities-in-the-us/,thesophisticatedlife.com,40,69.8,National,Travel blog,2026-09-27,Paid outreach,outreach_ready,Independent stay article with a contact route. Suggested insertion: “The Most Romantic Cities in the US for Getaways.”.,62,94,inferred,The Most Romantic Cities in the US for Getaways.,"In “The Most Romantic Cities in the US for Getaways.”, HHT’s this destination guide would add a list of hotels that marks private hot tubs separately from shared facilities.",https://thesophisticatedlife.com/work-with-me/,https://hotelhottubs.com/editors-choice,topic 22/35; insertion 25/25; credibility 0/25 (no firsthand; no author byline); ranking 15/15; contact 30/30; openness 25/25; conflict 25/25; price plausibility 14/20 inferred for an independent site; no published rate and no claim that they accept $50–100,"Stay roundup with a contact or about link. Classified as an independent publisher from the page, not from the domain name."
best anniversary trip ideas,,2,best romantic getaways travel bucket list for couples,https://lisahomsy.com/best-romantic-getaways-travel-bucket-list-for-couples/,lisahomsy.com,,69.8,National,Travel blog,2026-09-27,Paid outreach,outreach_ready,Independent stay article with a contact route. Suggested insertion: “10 Best Romantic Getaways: Travel Bucket List for Couples”.,77,94,observed,10 Best Romantic Getaways: Travel Bucket List for Couples,"In “10 Best Romantic Getaways: Travel Bucket List for Couples”, HHT’s this destination guide would add a list of hotels that marks private hot tubs separately from shared facilities.",https://lisahomsy.com/contact/,https://hotelhottubs.com/editors-choice,topic 22/35; insertion 25/25; credibility 15/25 (firsthand; no author byline); ranking 15/15; contact 30/30; openness 25/25; conflict 25/25; price plausibility 14/20 inferred for an independent site; no published rate and no claim that they accept $50–100,"Independent publisher with an overnight-travel article. Affiliate links, when present, do not make this a booking marketplace."
romantic getaways near San Diego,,2,weekend getaways from san diego,https://explorenowornever.com/weekend-getaways-from-san-diego/,explorenowornever.com,,61.1,National,Tourism,2026-09-27,Paid outreach,outreach_ready,Independent stay article with a contact route. Suggested insertion: “18 Favorite Weekend Getaways from San Diego”.,62,94,inferred,18 Favorite Weekend Getaways from San Diego,"In “18 Favorite Weekend Getaways from San Diego”, HHT’s this destination guide would add a list of hotels that marks private hot tubs separately from shared facilities.",https://explorenowornever.com/work-with-me/,https://hotelhottubs.com/editors-choice,topic 22/35; insertion 25/25; credibility 0/25 (no firsthand; no author byline); ranking 15/15; contact 30/30; openness 25/25; conflict 25/25; price plausibility 14/20 inferred for an independent site; no published rate and no claim that they accept $50–100,"Stay roundup with a contact or about link. Classified as an independent publisher from the page, not from the domain name."
couples getaways in florida,880,3,great romantic getaways in florida where to go for valentine day,https://www.exploretheroadwithdonnamarie.com/great-romantic-getaways-in-florida-where-to-go-for-valentine-day/,exploretheroadwithdonnamarie.com,21,68.6,Florida,Tourism,2026-09-11,Paid outreach,outreach_ready,Independent stay article with a contact route. Suggested insertion: “Great Romantic Getaways in Florida: Go Now”.,87,94,observed,Great Romantic Getaways in Florida: Go Now,"In “Great Romantic Getaways in Florida: Go Now”, HHT’s Florida guide would add a list of hotels that marks private hot tubs separately from shared facilities.",https://www.exploretheroadwithdonnamarie.com/contact-us/,https://hotelhottubs.com/florida,topic 32/35; insertion 25/25; credibility 15/25 (firsthand; no author byline); ranking 15/15; contact 30/30; openness 25/25; conflict 25/25; price plausibility 14/20 inferred for an independent site; no published rate and no claim that they accept $50–100,"Independent publisher with an overnight-travel article. Affiliate links, when present, do not make this a booking marketplace."
romantic hotels in New Orleans,,3,new orleans 5 fab boutique hotels in the french quarter,https://www.bloggeratlarge.com/new-orleans-5-fab-boutique-hotels-in-the-french-quarter/,bloggeratlarge.com,,68.4,National,Travel blog,2026-09-27,Paid outreach,outreach_ready,"Independent stay article with a contact route. Suggested insertion: “8 wonderful French Quarter hotels, New Orleans, that I love [2026]”.",77,94,observed,"8 wonderful French Quarter hotels, New Orleans, that I love [2026]","In “8 wonderful French Quarter hotels, New Orleans, that I love [2026]”, HHT’s this destination guide would add a list of hotels that marks private hot tubs separately from shared facilities.",https://www.bloggeratlarge.com/advertise/,https://hotelhottubs.com/editors-choice,topic 22/35; insertion 25/25; credibility 15/25 (firsthand; no author byline); ranking 15/15; contact 30/30; openness 25/25; conflict 25/25; price plausibility 14/20 inferred for an independent site; no published rate and no claim that they accept $50–100,"Independent publisher with an overnight-travel article. Affiliate links, when present, do not make this a booking marketplace."
romantic getaways near Austin,,3,the perfect 3 day itinerary for a romantic couples weekend in austin texas,https://somuchlife.com/the-perfect-3-day-itinerary-for-a-romantic-couples-weekend-in-austin-texas/,somuchlife.com,,68.3,National,Travel blog,2026-09-27,Paid outreach,outreach_ready,Independent stay article with a contact route. Suggested insertion: “Where to Stay in Austin”.,62,94,inferred,Where to Stay in Austin,"In “Where to Stay in Austin”, HHT’s this destination guide would add a list of hotels that marks private hot tubs separately from shared facilities.",https://somuchlife.com/partnerships/,https://hotelhottubs.com/editors-choice,topic 22/35; insertion 25/25; credibility 0/25 (no firsthand; no author byline); ranking 15/15; contact 30/30; openness 25/25; conflict 25/25; price plausibility 14/20 inferred for an independent site; no published rate and no claim that they accept $50–100,"Stay roundup with a contact or about link. Classified as an independent publisher from the page, not from the domain name."
best spa weekend getaways,,3,your guide to the best luxury spas in california,https://www.jsfashionista.com/your-guide-to-the-best-luxury-spas-in-california/,jsfashionista.com,,68.0,National,Travel blog,2026-09-27,Paid outreach,outreach_ready,Independent stay article with a contact route. Suggested insertion: “body mention of where to stay”.,77,94,observed,body mention of where to stay,"In “body mention of where to stay”, HHT’s this destination guide would add a list of hotels that marks private hot tubs separately from shared facilities.",https://www.jsfashionista.com/wp-content/plugins/contact-form-7/includes/css/styles.css?ver=6.1.7,https://hotelhottubs.com/editors-choice,topic 22/35; insertion 25/25; credibility 15/25 (firsthand; no author byline); ranking 15/15; contact 30/30; openness 25/25; conflict 25/25; price plausibility 14/20 inferred for an independent site; no published rate and no claim that they accept $50–100,"Independent publisher with an overnight-travel article. Affiliate links, when present, do not make this a booking marketplace."
romantic getaways in texas,2900,4,romantic getaways in texas with hot tubs,https://stayonera.com/travel-to-fredericksburg/romantic-getaways-in-texas-with-hot-tubs/,stayonera.com,33,82.5,Texas,Travel blog,2026-09-11,Paid outreach,outreach_ready,Independent stay article with a contact route. Suggested insertion: “8 Dreamy Romantic Getaways In Texas With Hot Tubs (2026 Guide)”.,72,94,inferred,8 Dreamy Romantic Getaways In Texas With Hot Tubs (2026 Guide),"In “8 Dreamy Romantic Getaways In Texas With Hot Tubs (2026 Guide)”, HHT’s Texas guide would add a list of hotels that marks private hot tubs separately from shared facilities.",https://stayonera.com/contact/,https://hotelhottubs.com/texas,topic 32/35; insertion 25/25; credibility 0/25 (no firsthand; no author byline); ranking 15/15; contact 30/30; openness 25/25; conflict 25/25; price plausibility 14/20 inferred for an independent site; no published rate and no claim that they accept $50–100,"Stay roundup with a contact or about link. Classified as an independent publisher from the page, not from the domain name."
romantic getaways in washington state,1000,4,romantic getaways in the pacific northwest,https://www.emeraldpalate.com/romantic-getaways-in-the-pacific-northwest/,emeraldpalate.com,38,81.6,Washington,Travel blog,2026-09-11,Paid outreach,outreach_ready,Independent stay article with a contact route. Suggested insertion: “22 Romantic Getaways in the Pacific Northwest Perfect for Reconnecting”.,87,94,observed,22 Romantic Getaways in the Pacific Northwest Perfect for Reconnecting,"In “22 Romantic Getaways in the Pacific Northwest Perfect for Reconnecting”, HHT’s Washington guide would add a list of hotels that marks private hot tubs separately from shared facilities.",https://www.emeraldpalate.com/work-with-me/,https://hotelhottubs.com/washington,topic 32/35; insertion 25/25; credibility 15/25 (firsthand; no author byline); ranking 15/15; contact 30/30; openness 25/25; conflict 25/25; price plausibility 14/20 inferred for an independent site; no published rate and no claim that they accept $50–100,"Independent publisher with an overnight-travel article. Affiliate links, when present, do not make this a booking marketplace."
couples getaways in ohio,1000,4,a romantic weekend getaway in hocking hills,https://wanderlustinohio.com/2021/11/16/a-romantic-weekend-getaway-in-hocking-hills/,wanderlustinohio.com,12,81.3,Ohio,Travel blog,2026-09-11,Paid outreach,outreach_ready,Independent stay article with a contact route. Suggested insertion: “Where We Stayed”.,87,94,observed,Where We Stayed,"In “Where We Stayed”, HHT’s Ohio guide would add a list of hotels that marks private hot tubs separately from shared facilities.",https://wanderlustinohio.com/contact,https://hotelhottubs.com/ohio,topic 32/35; insertion 25/25; credibility 15/25 (firsthand; no author byline); ranking 15/15; contact 30/30; openness 25/25; conflict 25/25; price plausibility 14/20 inferred for an independent site; no published rate and no claim that they accept $50–100,"Independent publisher with an overnight-travel article. Affiliate links, when present, do not make this a booking marketplace."
romantic getaways in michigan,2400,4,romantic cabins in michigan,https://www.endlessdistances.com/romantic-cabins-in-michigan/,endlessdistances.com,41,79.3,Michigan,Travel blog,2026-09-11,Paid outreach,outreach_ready,Independent stay article with a contact route. Suggested insertion: “body mention of where to stay”.,72,94,observed,body mention of where to stay,"In “body mention of where to stay”, HHT’s Michigan guide would add a list of hotels that marks private hot tubs separately from shared facilities.",https://www.endlessdistances.com/work-with-me/,https://hotelhottubs.com/michigan,topic 32/35; insertion 25/25; credibility 0/25 (no firsthand; no author byline); ranking 15/15; contact 30/30; openness 25/25; conflict 25/25; price plausibility 14/20 inferred for an independent site; no published rate and no claim that they accept $50–100,"Independent publisher with an overnight-travel article. Affiliate links, when present, do not make this a booking marketplace."
romantic getaways in northern Michigan,,4,romantic cabins in michigan,https://www.endlessdistances.com/romantic-cabins-in-michigan/,endlessdistances.com,41,79.3,National,Travel blog,2026-09-11,Paid outreach,outreach_ready,Independent stay article with a contact route. Suggested insertion: “body mention of where to stay”.,72,94,observed,body mention of where to stay,"In “body mention of where to stay”, HHT’s Michigan guide would add a list of hotels that marks private hot tubs separately from shared facilities.",https://www.endlessdistances.com/work-with-me/,https://hotelhottubs.com/michigan,topic 32/35; insertion 25/25; credibility 0/25 (no firsthand; no author byline); ranking 15/15; contact 30/30; openness 25/25; conflict 25/25; price plausibility 14/20 inferred for an independent site; no published rate and no claim that they accept $50–100,"Independent publisher with an overnight-travel article. Affiliate links, when present, do not make this a booking marketplace."
romantic getaways in indiana,1000,4,romantic getaways brown county indiana,https://www.tanglewoodhideaway.com/romantic-getaways-brown-county-indiana/,tanglewoodhideaway.com,16,78.2,Indiana,Travel blog,2026-09-11,Paid outreach,outreach_ready,Independent stay article with a contact route. Suggested insertion: “Where to Stay for a Romantic Getaway in Brown County”.,72,94,observed,Where to Stay for a Romantic Getaway in Brown County,"In “Where to Stay for a Romantic Getaway in Brown County”, HHT’s Indiana guide would add a list of hotels that marks private hot tubs separately from shared facilities.",https://www.tanglewoodhideaway.com/contact/,https://hotelhottubs.com/indiana,topic 32/35; insertion 25/25; credibility 0/25 (no firsthand; no author byline); ranking 15/15; contact 30/30; openness 25/25; conflict 25/25; price plausibility 14/20 inferred for an independent site; no published rate and no claim that they accept $50–100,"Independent publisher with an overnight-travel article. Affiliate links, when present, do not make this a booking marketplace."
romantic getaways near San Diego,,4,weekend getaways from san diego,https://www.travelonthereg.com/weekend-getaways-from-san-diego/,travelonthereg.com,,71.0,National,Travel blog,2026-09-27,Paid outreach,outreach_ready,Independent stay article with a contact route. Suggested insertion: “The Best Weekend Getaways From San Diego: A Local Guide”.,77,94,observed,The Best Weekend Getaways From San Diego: A Local Guide,"In “The Best Weekend Getaways From San Diego: A Local Guide”, HHT’s this destination guide would add a list of hotels that marks private hot tubs separately from shared facilities.",https://www.travelonthereg.com/contact/,https://hotelhottubs.com/editors-choice,topic 22/35; insertion 25/25; credibility 15/25 (firsthand; no author byline); ranking 15/15; contact 30/30; openness 25/25; conflict 25/25; price plausibility 14/20 inferred for an independent site; no published rate and no claim that they accept $50–100,"Independent publisher with an overnight-travel article. Affiliate links, when present, do not make this a booking marketplace."
romantic places to stay in Eureka Springs,,4,unique places to stay in eureka springs,https://www.adventuresnsunsets.com/unique-places-to-stay-in-eureka-springs/,adventuresnsunsets.com,,65.9,National,Local media,2026-09-27,Paid outreach,outreach_ready,Independent stay article with a contact route. Suggested insertion: “15 MOST Unique Places to Stay in Eureka Springs Arkansas”.,58,94,observed,15 MOST Unique Places to Stay in Eureka Springs Arkansas,"In “15 MOST Unique Places to Stay in Eureka Springs Arkansas”, HHT’s this destination guide would add a list of hotels that marks private hot tubs separately from shared facilities.",https://www.adventuresnsunsets.com/contact-me/,https://hotelhottubs.com/editors-choice,topic 22/35; insertion 25/25; credibility 0/25 (no firsthand; no author byline); ranking 11/15; contact 30/30; openness 25/25; conflict 25/25; price plausibility 14/20 inferred for an independent site; no published rate and no claim that they accept $50–100,"Independent publisher with an overnight-travel article. Affiliate links, when present, do not make this a booking marketplace."
romantic getaways near Los Angeles,,5,10 romantic weekend getaways from los angeles,https://thesoughtafter.com/2023/11/11/10-romantic-weekend-getaways-from-los-angeles/,thesoughtafter.com,26,79.6,National,Travel blog,2026-09-11,Paid outreach,outreach_ready,Independent stay article with a contact route. Suggested insertion: “10 Romantic Getaways in Southern California in 2024”.,65,94,inferred,10 Romantic Getaways in Southern California in 2024,"In “10 Romantic Getaways in Southern California in 2024”, HHT’s California guide would add a list of hotels that marks private hot tubs separately from shared facilities.",https://thesoughtafter.com/wp-content/plugins/contact-form-7/includes/css/styles.css?ver=6.1.6,https://hotelhottubs.com/california,topic 32/35; insertion 25/25; credibility 0/25 (no firsthand; no author byline); ranking 8/15; contact 30/30; openness 25/25; conflict 25/25; price plausibility 14/20 inferred for an independent site; no published rate and no claim that they accept $50–100,"Stay roundup with a contact or about link. Classified as an independent publisher from the page, not from the domain name."
romantic getaways in nebraska,140,5,romantic getaways near omaha,https://familyfuninomaha.com/romantic-getaways-near-omaha/,familyfuninomaha.com,,77.6,Nebraska,Travel blog,2026-09-27,Paid outreach,outreach_ready,Independent stay article with a contact route. Suggested insertion: “9 Romantic Getaways Near Omaha”.,72,94,inferred,9 Romantic Getaways Near Omaha,"In “9 Romantic Getaways Near Omaha”, HHT’s Nebraska guide would add a list of hotels that marks private hot tubs separately from shared facilities.",https://familyfuninomaha.com/contact/,https://hotelhottubs.com/nebraska,topic 32/35; insertion 25/25; credibility 0/25 (no firsthand; no author byline); ranking 15/15; contact 30/30; openness 25/25; conflict 25/25; price plausibility 14/20 inferred for an independent site; no published rate and no claim that they accept $50–100,"Stay roundup with a contact or about link. Classified as an independent publisher from the page, not from the domain name."
romantic getaways in Sonoma County,,5,sonoma county romantic hotels,https://www.sonomamag.com/sonoma-county-romantic-hotels/,sonomamag.com,,66.7,National,Travel blog,2026-09-27,Paid outreach,outreach_ready,"Independent stay article with a contact route. Suggested insertion: “All You Need is Love, These Romantic Sonoma Hotels Take Care of the Rest”.",62,94,inferred,"All You Need is Love, These Romantic Sonoma Hotels Take Care of the Rest","In “All You Need is Love, These Romantic Sonoma Hotels Take Care of the Rest”, HHT’s this destination guide would add a list of hotels that marks private hot tubs separately from shared facilities.",https://www.sonomamag.com/contact-us/,https://hotelhottubs.com/editors-choice,topic 22/35; insertion 25/25; credibility 0/25 (no firsthand; no author byline); ranking 15/15; contact 30/30; openness 25/25; conflict 25/25; price plausibility 14/20 inferred for an independent site; no published rate and no claim that they accept $50–100,"Stay roundup with a contact or about link. Classified as an independent publisher from the page, not from the domain name."
romantic getaways in new hampshire,590,6,romantic getaways,https://www.visit-newhampshire.com/lakes/romantic-getaways/,visit-newhampshire.com,,65.9,New Hampshire,Tourism,2026-09-27,Paid outreach,outreach_ready,Independent stay article with a contact route. Suggested insertion: “body mention of where to stay”.,68,94,inferred,body mention of where to stay,"In “body mention of where to stay”, HHT’s New Hampshire guide would add a list of hotels that marks private hot tubs separately from shared facilities.",https://www.visitnewengland.com/all/contact/,https://hotelhottubs.com/new-hampshire,topic 32/35; insertion 25/25; credibility 0/25 (no firsthand; no author byline); ranking 11/15; contact 30/30; openness 25/25; conflict 25/25; price plausibility 14/20 inferred for an independent site; no published rate and no claim that they accept $50–100,"Stay roundup with a contact or about link. Classified as an independent publisher from the page, not from the domain name."
romantic getaways in New Hampshire,,6,romantic getaways,https://www.visit-newhampshire.com/lakes/romantic-getaways/,visit-newhampshire.com,,65.9,National,Tourism,2026-09-27,Paid outreach,outreach_ready,Independent stay article with a contact route. Suggested insertion: “body mention of where to stay”.,68,94,inferred,body mention of where to stay,"In “body mention of where to stay”, HHT’s New Hampshire guide would add a list of hotels that marks private hot tubs separately from shared facilities.",https://www.visitnewengland.com/all/contact/,https://hotelhottubs.com/new-hampshire,topic 32/35; insertion 25/25; credibility 0/25 (no firsthand; no author byline); ranking 11/15; contact 30/30; openness 25/25; conflict 25/25; price plausibility 14/20 inferred for an independent site; no published rate and no claim that they accept $50–100,"Stay roundup with a contact or about link. Classified as an independent publisher from the page, not from the domain name."
romantic hotels in Cape Cod,,6,romantic getaways,https://www.visit-massachusetts.com/capecod-marthasvineyard-nantucket/romantic-getaways/,visit-massachusetts.com,,57.4,National,Tourism,2026-09-27,Paid outreach,outreach_ready,Independent stay article with a contact route. Suggested insertion: “body mention of where to stay”.,58,94,inferred,body mention of where to stay,"In “body mention of where to stay”, HHT’s this destination guide would add a list of hotels that marks private hot tubs separately from shared facilities.",https://www.visitnewengland.com/all/contact/,https://hotelhottubs.com/editors-choice,topic 22/35; insertion 25/25; credibility 0/25 (no firsthand; no author byline); ranking 11/15; contact 30/30; openness 25/25; conflict 25/25; price plausibility 14/20 inferred for an independent site; no published rate and no claim that they accept $50–100,"Stay roundup with a contact or about link. Classified as an independent publisher from the page, not from the domain name."
romantic getaways near Portland,,7,romantic getaways in the pacific northwest,https://www.emeraldpalate.com/romantic-getaways-in-the-pacific-northwest/,emeraldpalate.com,38,81.6,National,Travel blog,2026-09-11,Paid outreach,outreach_ready,Independent stay article with a contact route. Suggested insertion: “22 Romantic Getaways in the Pacific Northwest Perfect for Reconnecting”.,87,94,observed,22 Romantic Getaways in the Pacific Northwest Perfect for Reconnecting,"In “22 Romantic Getaways in the Pacific Northwest Perfect for Reconnecting”, HHT’s Washington guide would add a list of hotels that marks private hot tubs separately from shared facilities.",https://www.emeraldpalate.com/work-with-me/,https://hotelhottubs.com/washington,topic 32/35; insertion 25/25; credibility 15/25 (firsthand; no author byline); ranking 15/15; contact 30/30; openness 25/25; conflict 25/25; price plausibility 14/20 inferred for an independent site; no published rate and no claim that they accept $50–100,"Independent publisher with an overnight-travel article. Affiliate links, when present, do not make this a booking marketplace."
weekend getaways in georgia,1000,7,top 6 atlanta road trip ideas,https://thesophisticatedlife.com/blog/top-6-atlanta-road-trip-ideas/,thesophisticatedlife.com,40,78.1,Georgia,Travel blog,2026-09-11,Paid outreach,outreach_ready,Independent stay article with a contact route. Suggested insertion: “Cities Perfect for Weekend Getaways from Atlanta (or Longer)”.,83,94,observed,Cities Perfect for Weekend Getaways from Atlanta (or Longer),"In “Cities Perfect for Weekend Getaways from Atlanta (or Longer)”, HHT’s Georgia guide would add a list of hotels that marks private hot tubs separately from shared facilities.",https://thesophisticatedlife.com/work-with-me/,https://hotelhottubs.com/georgia,topic 32/35; insertion 25/25; credibility 15/25 (firsthand; no author byline); ranking 11/15; contact 30/30; openness 25/25; conflict 25/25; price plausibility 14/20 inferred for an independent site; no published rate and no claim that they accept $50–100,"Stay roundup with a contact or about link. Classified as an independent publisher from the page, not from the domain name."
romantic places to stay in New Orleans,,7,romantic hotels in new orleans,https://www.marquitastravels.com/romantic-hotels-in-new-orleans/,marquitastravels.com,,66.1,National,Travel blog,2026-09-27,Paid outreach,outreach_ready,Independent stay article with a contact route. Suggested insertion: “The 14 Most Romantic Hotels in New Orleans (From a Local)”.,58,94,inferred,The 14 Most Romantic Hotels in New Orleans (From a Local),"In “The 14 Most Romantic Hotels in New Orleans (From a Local)”, HHT’s this destination guide would add a list of hotels that marks private hot tubs separately from shared facilities.",https://www.marquitastravels.com/work-with-marquitas-travels/,https://hotelhottubs.com/editors-choice,topic 22/35; insertion 25/25; credibility 0/25 (no firsthand; no author byline); ranking 11/15; contact 30/30; openness 25/25; conflict 25/25; price plausibility 14/20 inferred for an independent site; no published rate and no claim that they accept $50–100,"Stay roundup with a contact or about link. Classified as an independent publisher from the page, not from the domain name."
romantic places to stay in Sedona,,7,romantic getaway in sedona hike scenic trails wake to mountain views,https://www.wildflowerinnsedona.com/romantic-getaway-in-sedona-hike-scenic-trails-wake-to-mountain-views,wildflowerinnsedona.com,,64.3,National,Travel blog,2026-09-27,Paid outreach,outreach_ready,Independent stay article with a contact route. Suggested insertion: “Where to Stay Near Bell Rock: A Simple Sedona Basecamp Guide”.,58,94,inferred,Where to Stay Near Bell Rock: A Simple Sedona Basecamp Guide,"In “Where to Stay Near Bell Rock: A Simple Sedona Basecamp Guide”, HHT’s this destination guide would add a list of hotels that marks private hot tubs separately from shared facilities.",https://www.wildflowerinnsedona.com/contact-us,https://hotelhottubs.com/editors-choice,topic 22/35; insertion 25/25; credibility 0/25 (no firsthand; no author byline); ranking 11/15; contact 30/30; openness 25/25; conflict 25/25; price plausibility 14/20 inferred for an independent site; no published rate and no claim that they accept $50–100,"Stay roundup with a contact or about link. Classified as an independent publisher from the page, not from the domain name."
best honeymoon destinations in the us,,7,the best honeymoon destinations in the united states usa,https://www.jetsetchristina.com/the-best-honeymoon-destinations-in-the-united-states-usa/,jetsetchristina.com,,64.1,National,Travel blog,2026-09-27,Paid outreach,outreach_ready,Independent stay article with a contact route. Suggested insertion: “Where to stay in Maui for a honeymoon”.,68,94,observed,Where to stay in Maui for a honeymoon,"In “Where to stay in Maui for a honeymoon”, HHT’s this destination guide would add a list of hotels that marks private hot tubs separately from shared facilities.",https://www.jetsetchristina.com/wp-content/plugins/contact-form-7/includes/css/styles.css?ver=6.1.7,https://hotelhottubs.com/editors-choice,topic 22/35; insertion 25/25; credibility 10/25 (no firsthand; author); ranking 11/15; contact 30/30; openness 25/25; conflict 25/25; price plausibility 14/20 inferred for an independent site; no published rate and no claim that they accept $50–100,"Independent publisher with an overnight-travel article. Affiliate links, when present, do not make this a booking marketplace."
romantic getaways in Cape Cod,,7,romantic getaways,https://www.visit-massachusetts.com/capecod-marthasvineyard-nantucket/romantic-getaways/,visit-massachusetts.com,,57.4,National,Tourism,2026-09-27,Paid outreach,outreach_ready,Independent stay article with a contact route. Suggested insertion: “body mention of where to stay”.,58,94,inferred,body mention of where to stay,"In “body mention of where to stay”, HHT’s this destination guide would add a list of hotels that marks private hot tubs separately from shared facilities.",https://www.visitnewengland.com/all/contact/,https://hotelhottubs.com/editors-choice,topic 22/35; insertion 25/25; credibility 0/25 (no firsthand; no author byline); ranking 11/15; contact 30/30; openness 25/25; conflict 25/25; price plausibility 14/20 inferred for an independent site; no published rate and no claim that they accept $50–100,"Stay roundup with a contact or about link. Classified as an independent publisher from the page, not from the domain name."
romantic getaways in Rhode Island,,7,romantic getaways,https://www.visitri.com/state/romantic-getaways/,visitri.com,,53.9,National,Tourism,2026-09-27,Paid outreach,outreach_ready,Independent stay article with a contact route. Suggested insertion: “body mention of where to stay”.,58,94,inferred,body mention of where to stay,"In “body mention of where to stay”, HHT’s this destination guide would add a list of hotels that marks private hot tubs separately from shared facilities.",https://www.visitnewengland.com/all/contact/,https://hotelhottubs.com/editors-choice,topic 22/35; insertion 25/25; credibility 0/25 (no firsthand; no author byline); ranking 11/15; contact 30/30; openness 25/25; conflict 25/25; price plausibility 14/20 inferred for an independent site; no published rate and no claim that they accept $50–100,"Stay roundup with a contact or about link. Classified as an independent publisher from the page, not from the domain name."
romantic getaways in ohio,3600,8,romantic adventure getaways ohio,https://localloveandwanderlust.com/romantic-adventure-getaways-ohio/,localloveandwanderlust.com,32,82.6,Ohio,Travel blog,2026-09-11,Paid outreach,outreach_ready,Independent stay article with a contact route. Suggested insertion: “Romantic Adventure Getaways is available in two locations in Ohio”.,72,94,observed,Romantic Adventure Getaways is available in two locations in Ohio,"In “Romantic Adventure Getaways is available in two locations in Ohio”, HHT’s Ohio guide would add a list of hotels that marks private hot tubs separately from shared facilities.",https://localloveandwanderlust.com/work-with-me/,https://hotelhottubs.com/ohio,topic 32/35; insertion 25/25; credibility 0/25 (no firsthand; no author byline); ranking 15/15; contact 30/30; openness 25/25; conflict 25/25; price plausibility 14/20 inferred for an independent site; no published rate and no claim that they accept $50–100,"Independent publisher with an overnight-travel article. Affiliate links, when present, do not make this a booking marketplace."
romantic cabin getaways,,8,romantic cabins in michigan,https://www.endlessdistances.com/romantic-cabins-in-michigan/,endlessdistances.com,41,79.3,National,Travel blog,2026-09-11,Paid outreach,outreach_ready,Independent stay article with a contact route. Suggested insertion: “body mention of where to stay”.,72,94,observed,body mention of where to stay,"In “body mention of where to stay”, HHT’s Michigan guide would add a list of hotels that marks private hot tubs separately from shared facilities.",https://www.endlessdistances.com/work-with-me/,https://hotelhottubs.com/michigan,topic 32/35; insertion 25/25; credibility 0/25 (no firsthand; no author byline); ranking 15/15; contact 30/30; openness 25/25; conflict 25/25; price plausibility 14/20 inferred for an independent site; no published rate and no claim that they accept $50–100,"Independent publisher with an overnight-travel article. Affiliate links, when present, do not make this a booking marketplace."
romantic getaways in illinois,880,8,romantic getaways in the midwest,https://fieldsandheels.com/romantic-getaways-in-the-midwest/,fieldsandheels.com,,76.7,Illinois,Travel blog,2026-09-27,Paid outreach,outreach_ready,Independent stay article with a contact route. Suggested insertion: “Romantic Getaways in the Midwest”.,68,94,inferred,Romantic Getaways in the Midwest,"In “Romantic Getaways in the Midwest”, HHT’s Illinois guide would add a list of hotels that marks private hot tubs separately from shared facilities.",https://fieldsandheels.com/work-with-me/,https://hotelhottubs.com/illinois,topic 32/35; insertion 25/25; credibility 0/25 (no firsthand; no author byline); ranking 11/15; contact 30/30; openness 25/25; conflict 25/25; price plausibility 14/20 inferred for an independent site; no published rate and no claim that they accept $50–100,"Stay roundup with a contact or about link. Classified as an independent publisher from the page, not from the domain name."
romantic getaways in delaware,110,8,anniversary ideas,https://boardwalkplaza.com/blog/anniversary-ideas/,boardwalkplaza.com,,72.9,Delaware,Travel blog,2026-09-27,Paid outreach,outreach_ready,"Independent stay article with a contact route. Suggested insertion: “The Boardwalk Plaza Hotel , with its Victorian accommodations and thoughtful amenities , serves as the perfect base for your romantic getaway in Rehoboth Beach, Delaware!”.",68,94,inferred,"The Boardwalk Plaza Hotel , with its Victorian accommodations and thoughtful amenities , serves as the perfect base for your romantic getaway in Rehoboth Beach, Delaware!","In “The Boardwalk Plaza Hotel , with its Victorian accommodations and thoughtful amenities , serves as the perfect base for your romantic getaway in Rehoboth Beach, Delaware!”, HHT’s Delaware guide would add a list of hotels that marks private hot tubs separately from shared facilities.",https://boardwalkplaza.com/contact/,https://hotelhottubs.com/delaware,topic 32/35; insertion 25/25; credibility 0/25 (no firsthand; no author byline); ranking 11/15; contact 30/30; openness 25/25; conflict 25/25; price plausibility 14/20 inferred for an independent site; no published rate and no claim that they accept $50–100,"Stay roundup with a contact or about link. Classified as an independent publisher from the page, not from the domain name."
romantic getaways in florida,2400,8,great romantic getaways in florida where to go for valentine day,https://www.exploretheroadwithdonnamarie.com/great-romantic-getaways-in-florida-where-to-go-for-valentine-day/,exploretheroadwithdonnamarie.com,21,68.6,Florida,Tourism,2026-09-11,Paid outreach,outreach_ready,Independent stay article with a contact route. Suggested insertion: “Great Romantic Getaways in Florida: Go Now”.,87,94,observed,Great Romantic Getaways in Florida: Go Now,"In “Great Romantic Getaways in Florida: Go Now”, HHT’s Florida guide would add a list of hotels that marks private hot tubs separately from shared facilities.",https://www.exploretheroadwithdonnamarie.com/contact-us/,https://hotelhottubs.com/florida,topic 32/35; insertion 25/25; credibility 15/25 (firsthand; no author byline); ranking 15/15; contact 30/30; openness 25/25; conflict 25/25; price plausibility 14/20 inferred for an independent site; no published rate and no claim that they accept $50–100,"Independent publisher with an overnight-travel article. Affiliate links, when present, do not make this a booking marketplace."
romantic getaways in Massachusetts,,8,romantic getaways,https://www.visit-massachusetts.com/berkshiresandpioneervalley/romantic-getaways/,visit-massachusetts.com,,56.2,National,Tourism,2026-09-27,Paid outreach,outreach_ready,Independent stay article with a contact route. Suggested insertion: “body mention of where to stay”.,58,94,inferred,body mention of where to stay,"In “body mention of where to stay”, HHT’s this destination guide would add a list of hotels that marks private hot tubs separately from shared facilities.",https://www.visitnewengland.com/all/contact/,https://hotelhottubs.com/editors-choice,topic 22/35; insertion 25/25; credibility 0/25 (no firsthand; no author byline); ranking 11/15; contact 30/30; openness 25/25; conflict 25/25; price plausibility 14/20 inferred for an independent site; no published rate and no claim that they accept $50–100,"Stay roundup with a contact or about link. Classified as an independent publisher from the page, not from the domain name."
romantic getaways in texas,2900,9,romantic getaways in texas,https://texastraveltalk.com/romantic-getaways-in-texas/,texastraveltalk.com,32,79.7,Texas,Travel blog,2026-09-11,Paid outreach,outreach_ready,Independent stay article with a contact route. Suggested insertion: “17 Romantic Getaways in Texas”.,83,94,observed,17 Romantic Getaways in Texas,"In “17 Romantic Getaways in Texas”, HHT’s Texas guide would add a list of hotels that marks private hot tubs separately from shared facilities.",https://texastraveltalk.com/texas-travel-talk-contact-us/,https://hotelhottubs.com/texas,topic 32/35; insertion 25/25; credibility 15/25 (firsthand; no author byline); ranking 11/15; contact 30/30; openness 25/25; conflict 25/25; price plausibility 14/20 inferred for an independent site; no published rate and no claim that they accept $50–100,"Independent publisher with an overnight-travel article. Affiliate links, when present, do not make this a booking marketplace."
romantic getaways near Atlanta,,9,top 6 atlanta road trip ideas,https://thesophisticatedlife.com/blog/top-6-atlanta-road-trip-ideas/,thesophisticatedlife.com,40,78.1,National,Travel blog,2026-09-11,Paid outreach,outreach_ready,Independent stay article with a contact route. Suggested insertion: “Cities Perfect for Weekend Getaways from Atlanta (or Longer)”.,83,94,observed,Cities Perfect for Weekend Getaways from Atlanta (or Longer),"In “Cities Perfect for Weekend Getaways from Atlanta (or Longer)”, HHT’s Georgia guide would add a list of hotels that marks private hot tubs separately from shared facilities.",https://thesophisticatedlife.com/work-with-me/,https://hotelhottubs.com/georgia,topic 32/35; insertion 25/25; credibility 15/25 (firsthand; no author byline); ranking 11/15; contact 30/30; openness 25/25; conflict 25/25; price plausibility 14/20 inferred for an independent site; no published rate and no claim that they accept $50–100,"Stay roundup with a contact or about link. Classified as an independent publisher from the page, not from the domain name."
romantic getaways in california,1300,9,romantic getaways in california,https://lewildexplorer.com/romantic-getaways-in-california/,lewildexplorer.com,35,77.3,California,Travel blog,2026-09-11,Paid outreach,outreach_ready,Independent stay article with a contact route. Suggested insertion: “Romantic Getaways in California”.,68,94,inferred,Romantic Getaways in California,"In “Romantic Getaways in California”, HHT’s California guide would add a list of hotels that marks private hot tubs separately from shared facilities.",https://partner.shareaholic.com/,https://hotelhottubs.com/california,topic 32/35; insertion 25/25; credibility 0/25 (no firsthand; no author byline); ranking 11/15; contact 30/30; openness 25/25; conflict 25/25; price plausibility 14/20 inferred for an independent site; no published rate and no claim that they accept $50–100,"Stay roundup with a contact or about link. Classified as an independent publisher from the page, not from the domain name."
romantic hotels in Eureka Springs,,9,unique places to stay in eureka springs,https://www.adventuresnsunsets.com/unique-places-to-stay-in-eureka-springs/,adventuresnsunsets.com,,65.9,National,Local media,2026-09-27,Paid outreach,outreach_ready,Independent stay article with a contact route. Suggested insertion: “15 MOST Unique Places to Stay in Eureka Springs Arkansas”.,58,94,observed,15 MOST Unique Places to Stay in Eureka Springs Arkansas,"In “15 MOST Unique Places to Stay in Eureka Springs Arkansas”, HHT’s this destination guide would add a list of hotels that marks private hot tubs separately from shared facilities.",https://www.adventuresnsunsets.com/contact-me/,https://hotelhottubs.com/editors-choice,topic 22/35; insertion 25/25; credibility 0/25 (no firsthand; no author byline); ranking 11/15; contact 30/30; openness 25/25; conflict 25/25; price plausibility 14/20 inferred for an independent site; no published rate and no claim that they accept $50–100,"Independent publisher with an overnight-travel article. Affiliate links, when present, do not make this a booking marketplace."
romantic getaways in Lancaster PA,,9,the 12 most unique romantic things to do in lancaster pa,https://lancasterballoonrides.com/blog/attractions/the-12-most-unique-romantic-things-to-do-in-lancaster-pa/,lancasterballoonrides.com,,62.6,National,Travel blog,2026-09-27,Paid outreach,outreach_ready,Independent stay article with a contact route. Suggested insertion: “Planning Out Your Romantic Weekend Getaways”.,58,94,inferred,Planning Out Your Romantic Weekend Getaways,"In “Planning Out Your Romantic Weekend Getaways”, HHT’s this destination guide would add a list of hotels that marks private hot tubs separately from shared facilities.",https://lancasterballoonrides.com/contact-us/,https://hotelhottubs.com/editors-choice,topic 22/35; insertion 25/25; credibility 0/25 (no firsthand; no author byline); ranking 11/15; contact 30/30; openness 25/25; conflict 25/25; price plausibility 14/20 inferred for an independent site; no published rate and no claim that they accept $50–100,"Stay roundup with a contact or about link. Classified as an independent publisher from the page, not from the domain name."
romantic getaways in niagara falls,,9,winter couples escape,https://www.niagarafallstourism.com/blogs/winter-couples-escape/,niagarafallstourism.com,,54.8,Niagara Falls,Tourism,2026-09-27,Paid outreach,outreach_ready,Independent stay article with a contact route. Suggested insertion: “Places to Stay”.,68,94,inferred,Places to Stay,"In “Places to Stay”, HHT’s Niagara Falls guide would add a list of hotels that marks private hot tubs separately from shared facilities.",https://www.niagarafallstourism.com/contact/inquiry-kits,https://hotelhottubs.com/new-york/niagara-falls,topic 32/35; insertion 25/25; credibility 0/25 (no firsthand; no author byline); ranking 11/15; contact 30/30; openness 25/25; conflict 25/25; price plausibility 14/20 inferred for an independent site; no published rate and no claim that they accept $50–100,"Stay roundup with a contact or about link. Classified as an independent publisher from the page, not from the domain name."
romantic getaways in hawaii,140,10,most private secluded romantic getaways in hawaii,https://www.hawaiiactivities.com/travelguide/most-private-secluded-romantic-getaways-in-hawaii/,hawaiiactivities.com,,74.6,Hawaii,Travel blog,2026-09-27,Paid outreach,outreach_ready,Independent stay article with a contact route. Suggested insertion: “Most Private & Secluded Romantic Getaways in Hawaii”.,68,94,inferred,Most Private & Secluded Romantic Getaways in Hawaii,"In “Most Private & Secluded Romantic Getaways in Hawaii”, HHT’s Hawaii guide would add a list of hotels that marks private hot tubs separately from shared facilities.",https://www.hawaiiactivities.com/travelguide/partner/,https://hotelhottubs.com/hawaii,topic 32/35; insertion 25/25; credibility 0/25 (no firsthand; no author byline); ranking 11/15; contact 30/30; openness 25/25; conflict 25/25; price plausibility 14/20 inferred for an independent site; no published rate and no claim that they accept $50–100,"Stay roundup with a contact or about link. Classified as an independent publisher from the page, not from the domain name."
romantic hotels in new jersey,720,10,10 best luxury hotels in nj,https://vuenj.com/10-best-luxury-hotels-in-nj/,vuenj.com,30,74.6,New Jersey,Travel blog,2026-09-11,Paid outreach,outreach_ready,Independent stay article with a contact route. Suggested insertion: “20 Best Luxury Hotels in NJ”.,68,94,inferred,20 Best Luxury Hotels in NJ,"In “20 Best Luxury Hotels in NJ”, HHT’s New Jersey guide would add a list of hotels that marks private hot tubs separately from shared facilities.",https://vuenj.com/wp-content/plugins/contact-form-7/includes/css/styles.css?ver=6.1.7,https://hotelhottubs.com/new-jersey,topic 32/35; insertion 25/25; credibility 0/25 (no firsthand; no author byline); ranking 11/15; contact 30/30; openness 25/25; conflict 25/25; price plausibility 14/20 inferred for an independent site; no published rate and no claim that they accept $50–100,"Stay roundup with a contact or about link. Classified as an independent publisher from the page, not from the domain name."
romantic getaways in kansas city,,10,things to do lake of the ozarks weekend getaway,https://racheloffduty.com/blog/things-to-do-lake-of-the-ozarks-weekend-getaway/,racheloffduty.com,,67.0,Kansas City,Travel blog,2026-09-27,Paid outreach,outreach_ready,Independent stay article with a contact route. Suggested insertion: “body mention of where to stay”.,83,94,inferred,body mention of where to stay,"In “body mention of where to stay”, HHT’s Kansas City guide would add a list of hotels that marks private hot tubs separately from shared facilities.",https://racheloffduty.com/contact/,https://hotelhottubs.com/missouri/kansas-city,topic 32/35; insertion 25/25; credibility 15/25 (firsthand; no author byline); ranking 11/15; contact 30/30; openness 25/25; conflict 25/25; price plausibility 14/20 inferred for an independent site; no published rate and no claim that they accept $50–100,"Stay roundup with a contact or about link. Classified as an independent publisher from the page, not from the domain name."
romantic getaways in Connecticut,,10,romantic getaways in connecticut,https://www.purewow.com/travel/romantic-getaways-in-connecticut,purewow.com,,66.7,National,Travel blog,2026-09-27,Paid outreach,outreach_ready,Independent stay article with a contact route. Suggested insertion: “16 Romantic Getaways in Connecticut Guaranteed to Get the Sparks Flying”.,58,94,observed,16 Romantic Getaways in Connecticut Guaranteed to Get the Sparks Flying,"In “16 Romantic Getaways in Connecticut Guaranteed to Get the Sparks Flying”, HHT’s this destination guide would add a list of hotels that marks private hot tubs separately from shared facilities.",https://www.gallerymediagroup.com/contact,https://hotelhottubs.com/editors-choice,topic 22/35; insertion 25/25; credibility 0/25 (no firsthand; no author byline); ranking 11/15; contact 30/30; openness 25/25; conflict 25/25; price plausibility 14/20 inferred for an independent site; no published rate and no claim that they accept $50–100,"Independent publisher with an overnight-travel article. Affiliate links, when present, do not make this a booking marketplace."
romantic getaways near Charlotte,,10,romantic getaways in north carolina,https://www.nctripping.com/romantic-getaways-in-north-carolina/,nctripping.com,37,65.5,National,Travel blog,2026-09-27,Paid outreach,outreach_ready,Independent stay article with a contact route. Suggested insertion: “25+ of the Most Romantic Getaways in North Carolina”.,58,94,observed,25+ of the Most Romantic Getaways in North Carolina,"In “25+ of the Most Romantic Getaways in North Carolina”, HHT’s this destination guide would add a list of hotels that marks private hot tubs separately from shared facilities.",https://www.nctripping.com/contact/,https://hotelhottubs.com/editors-choice,topic 22/35; insertion 25/25; credibility 0/25 (no firsthand; no author byline); ranking 11/15; contact 30/30; openness 25/25; conflict 25/25; price plausibility 14/20 inferred for an independent site; no published rate and no claim that they accept $50–100,"Independent publisher with an overnight-travel article. Affiliate links, when present, do not make this a booking marketplace."
romantic hotels in Palm Springs,,10,most romantic hotels in palm springs,https://www.jenontherun.com/most-romantic-hotels-in-palm-springs/,jenontherun.com,,63.8,National,Travel blog,2026-09-27,Paid outreach,outreach_ready,Independent stay article with a contact route. Suggested insertion: “A PERFECT Couples’ Vacation: The Most Romantic Hotels in Palm Springs”.,58,94,observed,A PERFECT Couples’ Vacation: The Most Romantic Hotels in Palm Springs,"In “A PERFECT Couples’ Vacation: The Most Romantic Hotels in Palm Springs”, HHT’s this destination guide would add a list of hotels that marks private hot tubs separately from shared facilities.",https://www.jenontherun.com/work-with-me/,https://hotelhottubs.com/editors-choice,topic 22/35; insertion 25/25; credibility 0/25 (no firsthand; no author byline); ranking 11/15; contact 30/30; openness 25/25; conflict 25/25; price plausibility 14/20 inferred for an independent site; no published rate and no claim that they accept $50–100,"Independent publisher with an overnight-travel article. Affiliate links, when present, do not make this a booking marketplace."
weekend getaways in florida,3600,11,unique weekend getaways in florida,https://gallivantinglaura.com/unique-weekend-getaways-in-florida/,gallivantinglaura.com,18,76.6,Florida,Travel blog,2026-09-11,Paid outreach,outreach_ready,Independent stay article with a contact route. Suggested insertion: “11 Unique Weekend Getaways in Florida”.,80,94,observed,11 Unique Weekend Getaways in Florida,"In “11 Unique Weekend Getaways in Florida”, HHT’s Florida guide would add a list of hotels that marks private hot tubs separately from shared facilities.",https://gallivantinglaura.com/contact/,https://hotelhottubs.com/florida,topic 32/35; insertion 25/25; credibility 15/25 (firsthand; no author byline); ranking 8/15; contact 30/30; openness 25/25; conflict 25/25; price plausibility 14/20 inferred for an independent site; no published rate and no claim that they accept $50–100,"Independent publisher with an overnight-travel article. Affiliate links, when present, do not make this a booking marketplace."
romantic getaways in new mexico,210,11,head to santa fe new mexico for a weekend of pure romance,https://www.rockymountainbride.com/blog/head-to-santa-fe-new-mexico-for-a-weekend-of-pure-romance/,rockymountainbride.com,35,61.0,New Mexico,Wedding / honeymoon,2026-09-27,Paid outreach,outreach_ready,Independent stay article with a contact route. Suggested insertion: “body mention of where to stay”.,65,94,inferred,body mention of where to stay,"In “body mention of where to stay”, HHT’s New Mexico guide would add a list of hotels that marks private hot tubs separately from shared facilities.",https://www.rockymountainbride.com/advertise/,https://hotelhottubs.com/new-mexico,topic 32/35; insertion 25/25; credibility 0/25 (no firsthand; no author byline); ranking 8/15; contact 30/30; openness 25/25; conflict 25/25; price plausibility 14/20 inferred for an independent site; no published rate and no claim that they accept $50–100,"Stay roundup with a contact or about link. Classified as an independent publisher from the page, not from the domain name."
romantic getaways in wisconsin,1900,12,wisconsin winter getaways for couples,https://paulinaontheroad.com/wisconsin-winter-getaways-for-couples/,paulinaontheroad.com,29,74.3,Wisconsin,Travel blog,2026-09-11,Paid outreach,outreach_ready,Independent stay article with a contact route. Suggested insertion: “12 Cozy Wisconsin Winter Getaways for Couples”.,80,94,observed,12 Cozy Wisconsin Winter Getaways for Couples,"In “12 Cozy Wisconsin Winter Getaways for Couples”, HHT’s Wisconsin guide would add a list of hotels that marks private hot tubs separately from shared facilities.",https://paulinaontheroad.com/work-with-me/,https://hotelhottubs.com/wisconsin,topic 32/35; insertion 25/25; credibility 15/25 (firsthand; no author byline); ranking 8/15; contact 30/30; openness 25/25; conflict 25/25; price plausibility 14/20 inferred for an independent site; no published rate and no claim that they accept $50–100,"Stay roundup with a contact or about link. Classified as an independent publisher from the page, not from the domain name."
romantic places to stay in Palm Springs,,12,most romantic hotels in palm springs,https://www.jenontherun.com/most-romantic-hotels-in-palm-springs/,jenontherun.com,,63.8,National,Travel blog,2026-09-27,Paid outreach,outreach_ready,Independent stay article with a contact route. Suggested insertion: “A PERFECT Couples’ Vacation: The Most Romantic Hotels in Palm Springs”.,58,94,observed,A PERFECT Couples’ Vacation: The Most Romantic Hotels in Palm Springs,"In “A PERFECT Couples’ Vacation: The Most Romantic Hotels in Palm Springs”, HHT’s this destination guide would add a list of hotels that marks private hot tubs separately from shared facilities.",https://www.jenontherun.com/work-with-me/,https://hotelhottubs.com/editors-choice,topic 22/35; insertion 25/25; credibility 0/25 (no firsthand; no author byline); ranking 11/15; contact 30/30; openness 25/25; conflict 25/25; price plausibility 14/20 inferred for an independent site; no published rate and no claim that they accept $50–100,"Independent publisher with an overnight-travel article. Affiliate links, when present, do not make this a booking marketplace."
romantic getaways in texas,2900,13,romantic getaways in texas the best escapes for couples,https://cameronranchglamping.com/romantic-getaways-in-texas-the-best-escapes-for-couples/,cameronranchglamping.com,32,77.5,Texas,Travel blog,2026-09-11,Paid outreach,outreach_ready,Independent stay article with a contact route. Suggested insertion: “Romantic Getaways in Texas: Best Escapes for Couples”.,65,94,inferred,Romantic Getaways in Texas: Best Escapes for Couples,"In “Romantic Getaways in Texas: Best Escapes for Couples”, HHT’s Texas guide would add a list of hotels that marks private hot tubs separately from shared facilities.",https://cameronranchglamping.com/wp-content/plugins/Boostly-Connect-main/pms/tokeet-partner/assets/css/tokeet.css?ver=7.1.2,https://hotelhottubs.com/texas,topic 32/35; insertion 25/25; credibility 0/25 (no firsthand; no author byline); ranking 8/15; contact 30/30; openness 25/25; conflict 25/25; price plausibility 14/20 inferred for an independent site; no published rate and no claim that they accept $50–100,"Stay roundup with a contact or about link. Classified as an independent publisher from the page, not from the domain name."
romantic getaways near Los Angeles,,13,romantic getaways in california,https://lewildexplorer.com/romantic-getaways-in-california/,lewildexplorer.com,35,77.3,National,Travel blog,2026-09-11,Paid outreach,outreach_ready,Independent stay article with a contact route. Suggested insertion: “Romantic Getaways in California”.,68,94,inferred,Romantic Getaways in California,"In “Romantic Getaways in California”, HHT’s California guide would add a list of hotels that marks private hot tubs separately from shared facilities.",https://partner.shareaholic.com/,https://hotelhottubs.com/california,topic 32/35; insertion 25/25; credibility 0/25 (no firsthand; no author byline); ranking 11/15; contact 30/30; openness 25/25; conflict 25/25; price plausibility 14/20 inferred for an independent site; no published rate and no claim that they accept $50–100,"Stay roundup with a contact or about link. Classified as an independent publisher from the page, not from the domain name."
hotels with in room jacuzzi in san diego,880,13,hotels with private hot tubs in room in san diego,https://jessieonajourney.com/hotels-with-private-hot-tubs-in-room-in-san-diego/,jessieonajourney.com,35,73.2,San Diego,Travel blog,2026-09-11,Paid outreach,outreach_ready,Independent stay article with a contact route. Suggested insertion: “22 Incredible Hotels With Private Hot Tubs In Room In San Diego”.,65,94,inferred,22 Incredible Hotels With Private Hot Tubs In Room In San Diego,"In “22 Incredible Hotels With Private Hot Tubs In Room In San Diego”, HHT’s San Diego guide would add a list of hotels that marks private hot tubs separately from shared facilities.",https://jessieonajourney.com/contact-page/,https://hotelhottubs.com/california/san-diego,topic 32/35; insertion 25/25; credibility 0/25 (no firsthand; no author byline); ranking 8/15; contact 30/30; openness 25/25; conflict 25/25; price plausibility 14/20 inferred for an independent site; no published rate and no claim that they accept $50–100,"Stay roundup with a contact or about link. Classified as an independent publisher from the page, not from the domain name."
romantic places to stay in New Orleans,,13,new orleans 5 fab boutique hotels in the french quarter,https://www.bloggeratlarge.com/new-orleans-5-fab-boutique-hotels-in-the-french-quarter/,bloggeratlarge.com,,68.4,National,Travel blog,2026-09-27,Paid outreach,outreach_ready,"Independent stay article with a contact route. Suggested insertion: “8 wonderful French Quarter hotels, New Orleans, that I love [2026]”.",77,94,observed,"8 wonderful French Quarter hotels, New Orleans, that I love [2026]","In “8 wonderful French Quarter hotels, New Orleans, that I love [2026]”, HHT’s this destination guide would add a list of hotels that marks private hot tubs separately from shared facilities.",https://www.bloggeratlarge.com/advertise/,https://hotelhottubs.com/editors-choice,topic 22/35; insertion 25/25; credibility 15/25 (firsthand; no author byline); ranking 15/15; contact 30/30; openness 25/25; conflict 25/25; price plausibility 14/20 inferred for an independent site; no published rate and no claim that they accept $50–100,"Independent publisher with an overnight-travel article. Affiliate links, when present, do not make this a booking marketplace."
romantic getaways near Dallas,,13,romantic weekend getaways for couples near dallas fort worth,https://mycurlyadventures.com/romantic-weekend-getaways-for-couples-near-dallas-fort-worth/,mycurlyadventures.com,,62.7,National,Travel blog,2026-09-27,Paid outreach,outreach_ready,Independent stay article with a contact route. Suggested insertion: “Romantic Weekend Getaways for Couples Near Dallas-Fort Worth”.,51,94,observed,Romantic Weekend Getaways for Couples Near Dallas-Fort Worth,"In “Romantic Weekend Getaways for Couples Near Dallas-Fort Worth”, HHT’s this destination guide would add a list of hotels that marks private hot tubs separately from shared facilities.",https://mycurlyadventures.com/work-with-me/,https://hotelhottubs.com/editors-choice,topic 22/35; insertion 25/25; credibility 0/25 (no firsthand; no author byline); ranking 4/15; contact 30/30; openness 25/25; conflict 25/25; price plausibility 14/20 inferred for an independent site; no published rate and no claim that they accept $50–100,"Independent publisher with an overnight-travel article. Affiliate links, when present, do not make this a booking marketplace."
romantic getaways in california,1300,14,10 romantic weekend getaways from los angeles,https://thesoughtafter.com/2023/11/11/10-romantic-weekend-getaways-from-los-angeles/,thesoughtafter.com,26,79.6,California,Travel blog,2026-09-11,Paid outreach,outreach_ready,Independent stay article with a contact route. Suggested insertion: “10 Romantic Getaways in Southern California in 2024”.,65,94,inferred,10 Romantic Getaways in Southern California in 2024,"In “10 Romantic Getaways in Southern California in 2024”, HHT’s California guide would add a list of hotels that marks private hot tubs separately from shared facilities.",https://thesoughtafter.com/wp-content/plugins/contact-form-7/includes/css/styles.css?ver=6.1.6,https://hotelhottubs.com/california,topic 32/35; insertion 25/25; credibility 0/25 (no firsthand; no author byline); ranking 8/15; contact 30/30; openness 25/25; conflict 25/25; price plausibility 14/20 inferred for an independent site; no published rate and no claim that they accept $50–100,"Stay roundup with a contact or about link. Classified as an independent publisher from the page, not from the domain name."
couples getaways in michigan,1000,14,romantic cabins in michigan,https://www.endlessdistances.com/romantic-cabins-in-michigan/,endlessdistances.com,41,79.3,Michigan,Travel blog,2026-09-11,Paid outreach,outreach_ready,Independent stay article with a contact route. Suggested insertion: “body mention of where to stay”.,72,94,observed,body mention of where to stay,"In “body mention of where to stay”, HHT’s Michigan guide would add a list of hotels that marks private hot tubs separately from shared facilities.",https://www.endlessdistances.com/work-with-me/,https://hotelhottubs.com/michigan,topic 32/35; insertion 25/25; credibility 0/25 (no firsthand; no author byline); ranking 15/15; contact 30/30; openness 25/25; conflict 25/25; price plausibility 14/20 inferred for an independent site; no published rate and no claim that they accept $50–100,"Independent publisher with an overnight-travel article. Affiliate links, when present, do not make this a booking marketplace."
romantic hotels in wisconsin,320,14,wisconsin winter getaways for couples,https://paulinaontheroad.com/wisconsin-winter-getaways-for-couples/,paulinaontheroad.com,29,74.3,Wisconsin,Travel blog,2026-09-11,Paid outreach,outreach_ready,Independent stay article with a contact route. Suggested insertion: “12 Cozy Wisconsin Winter Getaways for Couples”.,80,94,observed,12 Cozy Wisconsin Winter Getaways for Couples,"In “12 Cozy Wisconsin Winter Getaways for Couples”, HHT’s Wisconsin guide would add a list of hotels that marks private hot tubs separately from shared facilities.",https://paulinaontheroad.com/work-with-me/,https://hotelhottubs.com/wisconsin,topic 32/35; insertion 25/25; credibility 15/25 (firsthand; no author byline); ranking 8/15; contact 30/30; openness 25/25; conflict 25/25; price plausibility 14/20 inferred for an independent site; no published rate and no claim that they accept $50–100,"Stay roundup with a contact or about link. Classified as an independent publisher from the page, not from the domain name."
romantic hotels in florida,480,14,great romantic getaways in florida where to go for valentine day,https://www.exploretheroadwithdonnamarie.com/great-romantic-getaways-in-florida-where-to-go-for-valentine-day/,exploretheroadwithdonnamarie.com,21,68.6,Florida,Tourism,2026-09-11,Paid outreach,outreach_ready,Independent stay article with a contact route. Suggested insertion: “Great Romantic Getaways in Florida: Go Now”.,87,94,observed,Great Romantic Getaways in Florida: Go Now,"In “Great Romantic Getaways in Florida: Go Now”, HHT’s Florida guide would add a list of hotels that marks private hot tubs separately from shared facilities.",https://www.exploretheroadwithdonnamarie.com/contact-us/,https://hotelhottubs.com/florida,topic 32/35; insertion 25/25; credibility 15/25 (firsthand; no author byline); ranking 15/15; contact 30/30; openness 25/25; conflict 25/25; price plausibility 14/20 inferred for an independent site; no published rate and no claim that they accept $50–100,"Independent publisher with an overnight-travel article. Affiliate links, when present, do not make this a booking marketplace."
romantic getaways from Dallas,,14,romantic weekend getaways for couples near dallas fort worth,https://mycurlyadventures.com/romantic-weekend-getaways-for-couples-near-dallas-fort-worth/,mycurlyadventures.com,,62.7,National,Travel blog,2026-09-27,Paid outreach,outreach_ready,Independent stay article with a contact route. Suggested insertion: “Romantic Weekend Getaways for Couples Near Dallas-Fort Worth”.,51,94,observed,Romantic Weekend Getaways for Couples Near Dallas-Fort Worth,"In “Romantic Weekend Getaways for Couples Near Dallas-Fort Worth”, HHT’s this destination guide would add a list of hotels that marks private hot tubs separately from shared facilities.",https://mycurlyadventures.com/work-with-me/,https://hotelhottubs.com/editors-choice,topic 22/35; insertion 25/25; credibility 0/25 (no firsthand; no author byline); ranking 4/15; contact 30/30; openness 25/25; conflict 25/25; price plausibility 14/20 inferred for an independent site; no published rate and no claim that they accept $50–100,"Independent publisher with an overnight-travel article. Affiliate links, when present, do not make this a booking marketplace."
romantic getaways in texas,2900,15,romantic getaways in texas,https://texastravel365.com/romantic-getaways-in-texas/,texastravel365.com,14,76.3,Texas,Travel blog,2026-09-11,Paid outreach,outreach_ready,Independent stay article with a contact route. Suggested insertion: “15 Best Romantic Getaways In Texas You Must Try”.,65,94,inferred,15 Best Romantic Getaways In Texas You Must Try,"In “15 Best Romantic Getaways In Texas You Must Try”, HHT’s Texas guide would add a list of hotels that marks private hot tubs separately from shared facilities.",https://texastravel365.com/contact-us/,https://hotelhottubs.com/texas,topic 32/35; insertion 25/25; credibility 0/25 (no firsthand; no author byline); ranking 8/15; contact 30/30; openness 25/25; conflict 25/25; price plausibility 14/20 inferred for an independent site; no published rate and no claim that they accept $50–100,"Stay roundup with a contact or about link. Classified as an independent publisher from the page, not from the domain name."
romantic resorts in tennessee,720,15,best romantic getaways in tennessee,https://stockpilingmoms.com/best-romantic-getaways-in-tennessee/,stockpilingmoms.com,36,71.8,Tennessee,Travel blog,2026-09-11,Paid outreach,outreach_ready,Independent stay article with a contact route. Suggested insertion: “Best Romantic Getaways in Tennessee”.,65,94,inferred,Best Romantic Getaways in Tennessee,"In “Best Romantic Getaways in Tennessee”, HHT’s Tennessee guide would add a list of hotels that marks private hot tubs separately from shared facilities.",https://stockpilingmoms.com/advertise/,https://hotelhottubs.com/tennessee,topic 32/35; insertion 25/25; credibility 0/25 (no firsthand; no author byline); ranking 8/15; contact 30/30; openness 25/25; conflict 25/25; price plausibility 14/20 inferred for an independent site; no published rate and no claim that they accept $50–100,"Stay roundup with a contact or about link. Classified as an independent publisher from the page, not from the domain name."
romantic hotels in new jersey,720,15,romantic hotels in nj where to go for a couples getaway,https://njmom.com/romantic-hotels-in-nj-where-to-go-for-a-couples-getaway/,njmom.com,32,71.8,New Jersey,Travel blog,2026-09-11,Paid outreach,outreach_ready,Independent stay article with a contact route. Suggested insertion: “Romantic Hotels In NJ: Where To Go For A Couple&#8217;s Getaway”.,65,94,inferred,Romantic Hotels In NJ: Where To Go For A Couple&#8217;s Getaway,"In “Romantic Hotels In NJ: Where To Go For A Couple&#8217;s Getaway”, HHT’s New Jersey guide would add a list of hotels that marks private hot tubs separately from shared facilities.",https://njmom.com/njmom-partner/nj-camps/,https://hotelhottubs.com/new-jersey,topic 32/35; insertion 25/25; credibility 0/25 (no firsthand; no author byline); ranking 8/15; contact 30/30; openness 25/25; conflict 25/25; price plausibility 14/20 inferred for an independent site; no published rate and no claim that they accept $50–100,"Stay roundup with a contact or about link. Classified as an independent publisher from the page, not from the domain name."
romantic getaways near Portland,,15,25 unique pnw getaways,https://www.itsloganmarie.com/25-unique-pnw-getaways/,itsloganmarie.com,,62.1,National,Travel blog,2026-09-27,Paid outreach,outreach_ready,Independent stay article with a contact route. Suggested insertion: “25 Unique PNW Getaways”.,66,94,observed,25 Unique PNW Getaways,"In “25 Unique PNW Getaways”, HHT’s this destination guide would add a list of hotels that marks private hot tubs separately from shared facilities.",https://www.itsloganmarie.com/work-with-me/,https://hotelhottubs.com/editors-choice,topic 22/35; insertion 25/25; credibility 15/25 (firsthand; no author byline); ranking 4/15; contact 30/30; openness 25/25; conflict 25/25; price plausibility 14/20 inferred for an independent site; no published rate and no claim that they accept $50–100,"Independent publisher with an overnight-travel article. Affiliate links, when present, do not make this a booking marketplace."
romantic getaways near Seattle,,15,valentines romantic vacation package seattle washington northwest winter road trips,https://www.seattlemet.com/travel-and-outdoors/valentines-romantic-vacation-package-seattle-washington-northwest-winter-road-trips,seattlemet.com,,62.1,National,Travel blog,2026-09-27,Paid outreach,outreach_ready,Independent stay article with a contact route. Suggested insertion: “body mention of where to stay”.,51,94,inferred,body mention of where to stay,"In “body mention of where to stay”, HHT’s this destination guide would add a list of hotels that marks private hot tubs separately from shared facilities.",https://www.seattlemet.com/pages/contact,https://hotelhottubs.com/editors-choice,topic 22/35; insertion 25/25; credibility 0/25 (no firsthand; no author byline); ranking 4/15; contact 30/30; openness 25/25; conflict 25/25; price plausibility 14/20 inferred for an independent site; no published rate and no claim that they accept $50–100,"Stay roundup with a contact or about link. Classified as an independent publisher from the page, not from the domain name."
romantic getaways near Philadelphia,,15,romantic getaways in pa,https://www.getawaymavens.com/romantic-getaways-in-pa/,getawaymavens.com,30,61.6,National,Travel blog,2026-09-27,Paid outreach,outreach_ready,Independent stay article with a contact route. Suggested insertion: “30+ Top Romantic Getaways in Pennsylvania”.,51,94,inferred,30+ Top Romantic Getaways in Pennsylvania,"In “30+ Top Romantic Getaways in Pennsylvania”, HHT’s this destination guide would add a list of hotels that marks private hot tubs separately from shared facilities.",https://www.getawaymavens.com/work-with-us/,https://hotelhottubs.com/editors-choice,topic 22/35; insertion 25/25; credibility 0/25 (no firsthand; no author byline); ranking 4/15; contact 30/30; openness 25/25; conflict 25/25; price plausibility 14/20 inferred for an independent site; no published rate and no claim that they accept $50–100,"Stay roundup with a contact or about link. Classified as an independent publisher from the page, not from the domain name."
romantic getaways near Austin,,16,romantic getaways in texas with hot tubs,https://stayonera.com/travel-to-fredericksburg/romantic-getaways-in-texas-with-hot-tubs/,stayonera.com,33,82.5,National,Travel blog,2026-09-11,Paid outreach,outreach_ready,Independent stay article with a contact route. Suggested insertion: “8 Dreamy Romantic Getaways In Texas With Hot Tubs (2026 Guide)”.,72,94,inferred,8 Dreamy Romantic Getaways In Texas With Hot Tubs (2026 Guide),"In “8 Dreamy Romantic Getaways In Texas With Hot Tubs (2026 Guide)”, HHT’s Texas guide would add a list of hotels that marks private hot tubs separately from shared facilities.",https://stayonera.com/contact/,https://hotelhottubs.com/texas,topic 32/35; insertion 25/25; credibility 0/25 (no firsthand; no author byline); ranking 15/15; contact 30/30; openness 25/25; conflict 25/25; price plausibility 14/20 inferred for an independent site; no published rate and no claim that they accept $50–100,"Stay roundup with a contact or about link. Classified as an independent publisher from the page, not from the domain name."
romantic getaways in northern California,,16,romantic getaways in california,https://lewildexplorer.com/romantic-getaways-in-california/,lewildexplorer.com,35,77.3,National,Travel blog,2026-09-11,Paid outreach,outreach_ready,Independent stay article with a contact route. Suggested insertion: “Romantic Getaways in California”.,68,94,inferred,Romantic Getaways in California,"In “Romantic Getaways in California”, HHT’s California guide would add a list of hotels that marks private hot tubs separately from shared facilities.",https://partner.shareaholic.com/,https://hotelhottubs.com/california,topic 32/35; insertion 25/25; credibility 0/25 (no firsthand; no author byline); ranking 11/15; contact 30/30; openness 25/25; conflict 25/25; price plausibility 14/20 inferred for an independent site; no published rate and no claim that they accept $50–100,"Stay roundup with a contact or about link. Classified as an independent publisher from the page, not from the domain name."
weekend getaways in indiana,720,16,road trips within 3 hours of indianapolis,https://ouradventureiseverywhere.com/road-trips-within-3-hours-of-indianapolis/,ouradventureiseverywhere.com,,73.1,Indiana,Travel blog,2026-09-27,Paid outreach,outreach_ready,Independent stay article with a contact route. Suggested insertion: “Urban Adventures: Exciting City Getaways Close to Indianapolis”.,80,94,observed,Urban Adventures: Exciting City Getaways Close to Indianapolis,"In “Urban Adventures: Exciting City Getaways Close to Indianapolis”, HHT’s Indiana guide would add a list of hotels that marks private hot tubs separately from shared facilities.",https://ouradventureiseverywhere.com/contact-me/,https://hotelhottubs.com/indiana,topic 32/35; insertion 25/25; credibility 15/25 (firsthand; no author byline); ranking 8/15; contact 30/30; openness 25/25; conflict 25/25; price plausibility 14/20 inferred for an independent site; no published rate and no claim that they accept $50–100,"Independent publisher with an overnight-travel article. Affiliate links, when present, do not make this a booking marketplace."
romantic getaways in utah,480,16,romantic getaways in utah,https://www.deseret.com/lifestyle/2024/03/22/romantic-getaways-in-utah/,deseret.com,,72.8,Utah,Travel blog,2026-09-27,Paid outreach,outreach_ready,Independent stay article with a contact route. Suggested insertion: “10 romantic getaways in Utah”.,65,94,inferred,10 romantic getaways in Utah,"In “10 romantic getaways in Utah”, HHT’s Utah guide would add a list of hotels that marks private hot tubs separately from shared facilities.",https://www.deseret.com/pages/contact-us/,https://hotelhottubs.com/utah,topic 32/35; insertion 25/25; credibility 0/25 (no firsthand; no author byline); ranking 8/15; contact 30/30; openness 25/25; conflict 25/25; price plausibility 14/20 inferred for an independent site; no published rate and no claim that they accept $50–100,"Stay roundup with a contact or about link. Classified as an independent publisher from the page, not from the domain name."
romantic getaways near Nashville,,16,romantic valentines getaway ideas within a short drive from nashville,https://nashvillemoms.com/romantic-valentines-getaway-ideas-within-a-short-drive-from-nashville/,nashvillemoms.com,,61.6,National,Travel blog,2026-09-27,Paid outreach,outreach_ready,Independent stay article with a contact route. Suggested insertion: “Nashville&#8217;s Iconic Hotels: 7 Timeless Stays Worth Checking Into”.,51,94,inferred,Nashville&#8217;s Iconic Hotels: 7 Timeless Stays Worth Checking Into,"In “Nashville&#8217;s Iconic Hotels: 7 Timeless Stays Worth Checking Into”, HHT’s this destination guide would add a list of hotels that marks private hot tubs separately from shared facilities.",https://nashvillemoms.com/contact-us/,https://hotelhottubs.com/editors-choice,topic 22/35; insertion 25/25; credibility 0/25 (no firsthand; no author byline); ranking 4/15; contact 30/30; openness 25/25; conflict 25/25; price plausibility 14/20 inferred for an independent site; no published rate and no claim that they accept $50–100,"Stay roundup with a contact or about link. Classified as an independent publisher from the page, not from the domain name."
romantic hotels in Fredericksburg TX,,16,best boutique hotels fredericksburg tx,https://fromwhere.com/blogs/best-boutique-hotel/best-boutique-hotels-fredericksburg-tx,fromwhere.com,,58.9,National,Editorial,2026-09-27,Paid outreach,outreach_ready,"Independent stay article with a contact route. Suggested insertion: “The Best Boutique Hotels of Fredericksburg, TX”.",51,94,inferred,"The Best Boutique Hotels of Fredericksburg, TX","In “The Best Boutique Hotels of Fredericksburg, TX”, HHT’s this destination guide would add a list of hotels that marks private hot tubs separately from shared facilities.",https://fromwhere.com/pages/partner,https://hotelhottubs.com/editors-choice,topic 22/35; insertion 25/25; credibility 0/25 (no firsthand; no author byline); ranking 4/15; contact 30/30; openness 25/25; conflict 25/25; price plausibility 14/20 inferred for an independent site; no published rate and no claim that they accept $50–100,"Stay roundup with a contact or about link. Classified as an independent publisher from the page, not from the domain name."
romantic getaways in Connecticut,,16,romantic getaways,https://www.visitconnecticut.com/newhaven_southcentral/romantic-getaways/,visitconnecticut.com,,52.3,National,Tourism,2026-09-27,Paid outreach,outreach_ready,Independent stay article with a contact route. Suggested insertion: “body mention of where to stay”.,51,94,inferred,body mention of where to stay,"In “body mention of where to stay”, HHT’s this destination guide would add a list of hotels that marks private hot tubs separately from shared facilities.",https://www.visitnewengland.com/all/contact/,https://hotelhottubs.com/editors-choice,topic 22/35; insertion 25/25; credibility 0/25 (no firsthand; no author byline); ranking 4/15; contact 30/30; openness 25/25; conflict 25/25; price plausibility 14/20 inferred for an independent site; no published rate and no claim that they accept $50–100,"Stay roundup with a contact or about link. Classified as an independent publisher from the page, not from the domain name."
romantic getaways in new york state,70,17,romantic getaways in upstate new york,https://www.girlwiththepassport.com/romantic-getaways-in-upstate-new-york/,girlwiththepassport.com,,69.1,New York,Travel blog,2026-09-27,Paid outreach,outreach_ready,Independent stay article with a contact route. Suggested insertion: “23 Best Romantic Getaways in Upstate New York”.,75,94,observed,23 Best Romantic Getaways in Upstate New York,"In “23 Best Romantic Getaways in Upstate New York”, HHT’s New York guide would add a list of hotels that marks private hot tubs separately from shared facilities.",https://www.girlwiththepassport.com/work-with-me/,https://hotelhottubs.com/new-york,topic 32/35; insertion 25/25; credibility 10/25 (no firsthand; author); ranking 8/15; contact 30/30; openness 25/25; conflict 25/25; price plausibility 14/20 inferred for an independent site; no published rate and no claim that they accept $50–100,"Independent publisher with an overnight-travel article. Affiliate links, when present, do not make this a booking marketplace."
romantic getaways in Door County,,17,door county resorts for couples,https://paulinaontheroad.com/door-county-resorts-for-couples/,paulinaontheroad.com,29,62.7,National,Travel blog,2026-09-27,Paid outreach,outreach_ready,Independent stay article with a contact route. Suggested insertion: “What are the best Door County romantic hotels?”.,66,94,inferred,What are the best Door County romantic hotels?,"In “What are the best Door County romantic hotels?”, HHT’s this destination guide would add a list of hotels that marks private hot tubs separately from shared facilities.",https://paulinaontheroad.com/work-with-me/,https://hotelhottubs.com/editors-choice,topic 22/35; insertion 25/25; credibility 15/25 (firsthand; no author byline); ranking 4/15; contact 30/30; openness 25/25; conflict 25/25; price plausibility 14/20 inferred for an independent site; no published rate and no claim that they accept $50–100,"Stay roundup with a contact or about link. Classified as an independent publisher from the page, not from the domain name."
romantic getaways near Pittsburgh,,17,romantic getaways in pa,https://www.getawaymavens.com/romantic-getaways-in-pa/,getawaymavens.com,30,61.6,National,Travel blog,2026-09-27,Paid outreach,outreach_ready,Independent stay article with a contact route. Suggested insertion: “30+ Top Romantic Getaways in Pennsylvania”.,51,94,inferred,30+ Top Romantic Getaways in Pennsylvania,"In “30+ Top Romantic Getaways in Pennsylvania”, HHT’s this destination guide would add a list of hotels that marks private hot tubs separately from shared facilities.",https://www.getawaymavens.com/work-with-us/,https://hotelhottubs.com/editors-choice,topic 22/35; insertion 25/25; credibility 0/25 (no firsthand; no author byline); ranking 4/15; contact 30/30; openness 25/25; conflict 25/25; price plausibility 14/20 inferred for an independent site; no published rate and no claim that they accept $50–100,"Stay roundup with a contact or about link. Classified as an independent publisher from the page, not from the domain name."
romantic getaways near Cincinnati,,17,Romantic Getaways from Cincinnati,https://www.lostwithlydia.com/destinations/usa/oh/Romantic-Getaways-from-Cincinnati/,lostwithlydia.com,,59.9,National,Travel blog,2026-09-27,Paid outreach,outreach_ready,"Independent stay article with a contact route. Suggested insertion: “10 Outdoorsy & Romantic Weekend Getaways from Cincinnati, OH”.",51,94,inferred,"10 Outdoorsy & Romantic Weekend Getaways from Cincinnati, OH","In “10 Outdoorsy & Romantic Weekend Getaways from Cincinnati, OH”, HHT’s this destination guide would add a list of hotels that marks private hot tubs separately from shared facilities.",https://www.lostwithlydia.com/contact/,https://hotelhottubs.com/editors-choice,topic 22/35; insertion 25/25; credibility 0/25 (no firsthand; no author byline); ranking 4/15; contact 30/30; openness 25/25; conflict 25/25; price plausibility 14/20 inferred for an independent site; no published rate and no claim that they accept $50–100,"Stay roundup with a contact or about link. Classified as an independent publisher from the page, not from the domain name."
hotels with fireplaces in the room,,17,hotels with fireplace in room what to actually expect,https://www.swinn.com/hotels-with-fireplace-in-room-what-to-actually-expect,swinn.com,,57.9,National,Travel blog,2026-09-27,Paid outreach,outreach_ready,Independent stay article with a contact route. Suggested insertion: “Hotels with Fireplace in Room: What to Actually Expect”.,51,94,inferred,Hotels with Fireplace in Room: What to Actually Expect,"In “Hotels with Fireplace in Room: What to Actually Expect”, HHT’s this destination guide would add a list of hotels that marks private hot tubs separately from shared facilities.",https://www.swinn.com/contact-us-and-faqs,https://hotelhottubs.com/editors-choice,topic 22/35; insertion 25/25; credibility 0/25 (no firsthand; no author byline); ranking 4/15; contact 30/30; openness 25/25; conflict 25/25; price plausibility 14/20 inferred for an independent site; no published rate and no claim that they accept $50–100,"Stay roundup with a contact or about link. Classified as an independent publisher from the page, not from the domain name."
romantic resorts in michigan,2400,18,11 romantic michigan getaways to book asap,https://detroitmom.com/11-romantic-michigan-getaways-to-book-asap/,detroitmom.com,29,72.5,Michigan,Travel blog,2026-09-11,Paid outreach,outreach_ready,Independent stay article with a contact route. Suggested insertion: “11 Romantic Michigan Getaways to Book ASAP”.,80,94,observed,11 Romantic Michigan Getaways to Book ASAP,"In “11 Romantic Michigan Getaways to Book ASAP”, HHT’s Michigan guide would add a list of hotels that marks private hot tubs separately from shared facilities.",https://detroitmom.com/advertise-with-us/,https://hotelhottubs.com/michigan,topic 32/35; insertion 25/25; credibility 15/25 (firsthand; no author byline); ranking 8/15; contact 30/30; openness 25/25; conflict 25/25; price plausibility 14/20 inferred for an independent site; no published rate and no claim that they accept $50–100,"Independent publisher with an overnight-travel article. Affiliate links, when present, do not make this a booking marketplace."
romantic getaways in Vermont,,18,romantic getaways in vermont,https://www.girlwiththepassport.com/romantic-getaways-in-vermont/,girlwiththepassport.com,,72.0,National,Travel blog,2026-09-27,Paid outreach,outreach_ready,Independent stay article with a contact route. Suggested insertion: “17 Wonderfully Romantic Getaways in Vermont”.,75,94,observed,17 Wonderfully Romantic Getaways in Vermont,"In “17 Wonderfully Romantic Getaways in Vermont”, HHT’s Vermont guide would add a list of hotels that marks private hot tubs separately from shared facilities.",https://www.girlwiththepassport.com/work-with-me/,https://hotelhottubs.com/vermont,topic 32/35; insertion 25/25; credibility 10/25 (no firsthand; author); ranking 8/15; contact 30/30; openness 25/25; conflict 25/25; price plausibility 14/20 inferred for an independent site; no published rate and no claim that they accept $50–100,"Independent publisher with an overnight-travel article. Affiliate links, when present, do not make this a booking marketplace."
romantic getaways in vermont,720,18,romantic getaways in vermont,https://www.girlwiththepassport.com/romantic-getaways-in-vermont/,girlwiththepassport.com,,72.0,Vermont,Travel blog,2026-09-27,Paid outreach,outreach_ready,Independent stay article with a contact route. Suggested insertion: “17 Wonderfully Romantic Getaways in Vermont”.,75,94,observed,17 Wonderfully Romantic Getaways in Vermont,"In “17 Wonderfully Romantic Getaways in Vermont”, HHT’s Vermont guide would add a list of hotels that marks private hot tubs separately from shared facilities.",https://www.girlwiththepassport.com/work-with-me/,https://hotelhottubs.com/vermont,topic 32/35; insertion 25/25; credibility 10/25 (no firsthand; author); ranking 8/15; contact 30/30; openness 25/25; conflict 25/25; price plausibility 14/20 inferred for an independent site; no published rate and no claim that they accept $50–100,"Independent publisher with an overnight-travel article. Affiliate links, when present, do not make this a booking marketplace."
romantic getaways in kansas city,,18,romantic getaways abound in kansas city,https://kcstudio.org/romantic-getaways-abound-in-kansas-city/,kcstudio.org,,62.5,Kansas City,Travel blog,2026-09-27,Paid outreach,outreach_ready,Independent stay article with a contact route. Suggested insertion: “Romantic Getaways Abound in Kansas City”.,61,94,inferred,Romantic Getaways Abound in Kansas City,"In “Romantic Getaways Abound in Kansas City”, HHT’s Kansas City guide would add a list of hotels that marks private hot tubs separately from shared facilities.",https://kcstudio.org/arts-consortium-partners/,https://hotelhottubs.com/missouri/kansas-city,topic 32/35; insertion 25/25; credibility 0/25 (no firsthand; no author byline); ranking 4/15; contact 30/30; openness 25/25; conflict 25/25; price plausibility 14/20 inferred for an independent site; no published rate and no claim that they accept $50–100,"Stay roundup with a contact or about link. Classified as an independent publisher from the page, not from the domain name."
weekend getaways in florida,3600,19,weekend getaways in florida,https://practicalwanderlust.com/weekend-getaways-in-florida/,practicalwanderlust.com,42,72.1,Florida,Travel blog,2026-09-11,Paid outreach,outreach_ready,Independent stay article with a contact route. Suggested insertion: “10 Fantastic Weekend Getaways in Florida (&#038; what to do there)”.,65,94,inferred,10 Fantastic Weekend Getaways in Florida (&#038; what to do there),"In “10 Fantastic Weekend Getaways in Florida (&#038; what to do there)”, HHT’s Florida guide would add a list of hotels that marks private hot tubs separately from shared facilities.",https://practicalwanderlust.com/contact-us/,https://hotelhottubs.com/florida,topic 32/35; insertion 25/25; credibility 0/25 (no firsthand; no author byline); ranking 8/15; contact 30/30; openness 25/25; conflict 25/25; price plausibility 14/20 inferred for an independent site; no published rate and no claim that they accept $50–100,"Stay roundup with a contact or about link. Classified as an independent publisher from the page, not from the domain name."
romantic getaways in washington state,1000,19,romantic cabin in washington state,https://seekingthenow.com/destinations/washington/romantic-cabin-in-washington-state/,seekingthenow.com,20,72.0,Washington,Travel blog,2026-09-11,Paid outreach,outreach_ready,Independent stay article with a contact route. Suggested insertion: “24 of the BEST Weekend Getaways From Seattle”.,65,94,inferred,24 of the BEST Weekend Getaways From Seattle,"In “24 of the BEST Weekend Getaways From Seattle”, HHT’s Washington guide would add a list of hotels that marks private hot tubs separately from shared facilities.",https://lianahaugaard.com/work-with-me/,https://hotelhottubs.com/washington,topic 32/35; insertion 25/25; credibility 0/25 (no firsthand; no author byline); ranking 8/15; contact 30/30; openness 25/25; conflict 25/25; price plausibility 14/20 inferred for an independent site; no published rate and no claim that they accept $50–100,"Stay roundup with a contact or about link. Classified as an independent publisher from the page, not from the domain name."
hotels with jacuzzi in room in virginia beach,320,19,why a jacuzzi suite is the ultimate upgrade for your virginia beach getaway,https://www.vabeach.com/virginia-beach-articles/why-a-jacuzzi-suite-is-the-ultimate-upgrade-for-your-virginia-beach-getaway/,vabeach.com,36,67.7,Virginia Beach,Travel blog,2026-09-11,Paid outreach,outreach_ready,Independent stay article with a contact route. Suggested insertion: “body mention of where to stay”.,65,94,inferred,body mention of where to stay,"In “body mention of where to stay”, HHT’s Virginia Beach guide would add a list of hotels that marks private hot tubs separately from shared facilities.",https://www.vabeach.com/advertise-with-virginia-beach/,https://hotelhottubs.com/virginia/virginia-beach,topic 32/35; insertion 25/25; credibility 0/25 (no firsthand; no author byline); ranking 8/15; contact 30/30; openness 25/25; conflict 25/25; price plausibility 14/20 inferred for an independent site; no published rate and no claim that they accept $50–100,"Stay roundup with a contact or about link. Classified as an independent publisher from the page, not from the domain name."
romantic hotels in Newport RI,,19,newport rhode island luxury travel guide,https://anniewearsit.com/newport-rhode-island-luxury-travel-guide/,anniewearsit.com,,57.6,National,Travel blog,2026-09-27,Paid outreach,outreach_ready,Independent stay article with a contact route. Suggested insertion: “body mention of where to stay”.,66,94,observed,body mention of where to stay,"In “body mention of where to stay”, HHT’s this destination guide would add a list of hotels that marks private hot tubs separately from shared facilities.",https://anniewearsit.com/work-with-me/,https://hotelhottubs.com/editors-choice,topic 22/35; insertion 25/25; credibility 15/25 (firsthand; no author byline); ranking 4/15; contact 30/30; openness 25/25; conflict 25/25; price plausibility 14/20 inferred for an independent site; no published rate and no claim that they accept $50–100,"Independent publisher with an overnight-travel article. Affiliate links, when present, do not make this a booking marketplace."
romantic getaways in florida,2400,20,unique weekend getaways in florida,https://gallivantinglaura.com/unique-weekend-getaways-in-florida/,gallivantinglaura.com,18,76.6,Florida,Travel blog,2026-09-11,Paid outreach,outreach_ready,Independent stay article with a contact route. Suggested insertion: “11 Unique Weekend Getaways in Florida”.,80,94,observed,11 Unique Weekend Getaways in Florida,"In “11 Unique Weekend Getaways in Florida”, HHT’s Florida guide would add a list of hotels that marks private hot tubs separately from shared facilities.",https://gallivantinglaura.com/contact/,https://hotelhottubs.com/florida,topic 32/35; insertion 25/25; credibility 15/25 (firsthand; no author byline); ranking 8/15; contact 30/30; openness 25/25; conflict 25/25; price plausibility 14/20 inferred for an independent site; no published rate and no claim that they accept $50–100,"Independent publisher with an overnight-travel article. Affiliate links, when present, do not make this a booking marketplace."
romantic resorts in ohio,3600,11,romantic getaways,https://www.ohiomagazine.com/travel/romantic-getaways,ohiomagazine.com,38,62.5,Ohio,National magazine,2026-09-11,Paid outreach,outreach_ready,Independent stay article with a contact route. Suggested insertion: “Travel Romantic Getaways”.,65,82,inferred,Travel Romantic Getaways,"In “Travel Romantic Getaways”, HHT’s Ohio guide would add a list of hotels that marks private hot tubs separately from shared facilities.",https://www.ohiomagazine.com/about/advertise,https://hotelhottubs.com/ohio,topic 32/35; insertion 25/25; credibility 0/25 (no firsthand; no author byline); ranking 8/15; contact 18/30; openness 25/25; conflict 25/25; price plausibility 14/20 inferred for an independent site; no published rate and no claim that they accept $50–100,"Stay roundup with a contact or about link. Classified as an independent publisher from the page, not from the domain name."
romantic getaways in ohio,3600,13,romantic getaways,https://www.ohiomagazine.com/travel/romantic-getaways,ohiomagazine.com,38,62.5,Ohio,National magazine,2026-09-11,Paid outreach,outreach_ready,Independent stay article with a contact route. Suggested insertion: “Travel Romantic Getaways”.,65,82,inferred,Travel Romantic Getaways,"In “Travel Romantic Getaways”, HHT’s Ohio guide would add a list of hotels that marks private hot tubs separately from shared facilities.",https://www.ohiomagazine.com/about/advertise,https://hotelhottubs.com/ohio,topic 32/35; insertion 25/25; credibility 0/25 (no firsthand; no author byline); ranking 8/15; contact 18/30; openness 25/25; conflict 25/25; price plausibility 14/20 inferred for an independent site; no published rate and no claim that they accept $50–100,"Stay roundup with a contact or about link. Classified as an independent publisher from the page, not from the domain name."
romantic getaways in nebraska,140,16,most unique places to stay in nebraska,https://ohmyomaha.com/most-unique-places-to-stay-in-nebraska/,ohmyomaha.com,,71.4,Nebraska,Travel blog,2026-09-27,Paid outreach,outreach_ready,Independent stay article with a contact route. Suggested insertion: “15 Unique Places To Stay In Nebraska”.,80,82,observed,15 Unique Places To Stay In Nebraska,"In “15 Unique Places To Stay In Nebraska”, HHT’s Nebraska guide would add a list of hotels that marks private hot tubs separately from shared facilities.",https://ohmyomaha.com/about/advertise-with-us/,https://hotelhottubs.com/nebraska,topic 32/35; insertion 25/25; credibility 15/25 (firsthand; no author byline); ranking 8/15; contact 18/30; openness 25/25; conflict 25/25; price plausibility 14/20 inferred for an independent site; no published rate and no claim that they accept $50–100,"Independent publisher with an overnight-travel article. Affiliate links, when present, do not make this a booking marketplace."
romantic hotels in ohio,480,16,romantic getaways,https://www.ohiomagazine.com/travel/romantic-getaways,ohiomagazine.com,38,62.5,Ohio,National magazine,2026-09-11,Paid outreach,outreach_ready,Independent stay article with a contact route. Suggested insertion: “Travel Romantic Getaways”.,65,82,inferred,Travel Romantic Getaways,"In “Travel Romantic Getaways”, HHT’s Ohio guide would add a list of hotels that marks private hot tubs separately from shared facilities.",https://www.ohiomagazine.com/about/advertise,https://hotelhottubs.com/ohio,topic 32/35; insertion 25/25; credibility 0/25 (no firsthand; no author byline); ranking 8/15; contact 18/30; openness 25/25; conflict 25/25; price plausibility 14/20 inferred for an independent site; no published rate and no claim that they accept $50–100,"Stay roundup with a contact or about link. Classified as an independent publisher from the page, not from the domain name."
couples getaways in ohio,1000,16,romantic getaways,https://www.ohiomagazine.com/travel/romantic-getaways,ohiomagazine.com,38,62.5,Ohio,National magazine,2026-09-11,Paid outreach,outreach_ready,Independent stay article with a contact route. Suggested insertion: “Travel Romantic Getaways”.,65,82,inferred,Travel Romantic Getaways,"In “Travel Romantic Getaways”, HHT’s Ohio guide would add a list of hotels that marks private hot tubs separately from shared facilities.",https://www.ohiomagazine.com/about/advertise,https://hotelhottubs.com/ohio,topic 32/35; insertion 25/25; credibility 0/25 (no firsthand; no author byline); ranking 8/15; contact 18/30; openness 25/25; conflict 25/25; price plausibility 14/20 inferred for an independent site; no published rate and no claim that they accept $50–100,"Stay roundup with a contact or about link. Classified as an independent publisher from the page, not from the domain name."
romantic getaways near Los Angeles,,1,getaways from los angeles,https://www.livelikeitstheweekend.com/getaways-from-los-angeles/,livelikeitstheweekend.com,49,83.0,National,Travel blog,2026-09-11,Paid outreach,outreach_ready,Independent stay article with a contact route. Suggested insertion: “13 Easily Driveable Weekend Getaways from Los Angeles”.,87,81,observed,13 Easily Driveable Weekend Getaways from Los Angeles,"In “13 Easily Driveable Weekend Getaways from Los Angeles”, HHT’s California guide would add a list of hotels that marks private hot tubs separately from shared facilities.",https://www.livelikeitstheweekend.com/contact/,https://hotelhottubs.com/california,topic 32/35; insertion 25/25; credibility 15/25 (firsthand; no author byline); ranking 15/15; contact 30/30; openness 12/25; conflict 25/25; price plausibility 14/20 inferred for an independent site; no published rate and no claim that they accept $50–100,"Independent publisher with an overnight-travel article. Affiliate links, when present, do not make this a booking marketplace."
romantic getaways in california,1300,1,the best romantic getaways in california,https://www.bontraveler.com/the-best-romantic-getaways-in-california/,bontraveler.com,53,81.8,California,Travel blog,2026-09-11,Paid outreach,outreach_ready,Independent stay article with a contact route. Suggested insertion: “The Best Romantic Getaways in California”.,72,81,inferred,The Best Romantic Getaways in California,"In “The Best Romantic Getaways in California”, HHT’s California guide would add a list of hotels that marks private hot tubs separately from shared facilities.",https://www.bontraveler.com/contact/,https://hotelhottubs.com/california,topic 32/35; insertion 25/25; credibility 0/25 (no firsthand; no author byline); ranking 15/15; contact 30/30; openness 12/25; conflict 25/25; price plausibility 14/20 inferred for an independent site; no published rate and no claim that they accept $50–100,"Stay roundup with a contact or about link. Classified as an independent publisher from the page, not from the domain name."
weekend getaways in arkansas,590,1,romantic stays in arkansas,https://somewhereinarkansas.com/romantic-stays-in-arkansas/,somewhereinarkansas.com,31,81.3,Arkansas,Travel blog,2026-09-11,Paid outreach,outreach_ready,Independent stay article with a contact route. Suggested insertion: “16 Romantic Getaways in Arkansas”.,87,81,observed,16 Romantic Getaways in Arkansas,"In “16 Romantic Getaways in Arkansas”, HHT’s Arkansas guide would add a list of hotels that marks private hot tubs separately from shared facilities.",https://somewhereinarkansas.com/work-with-us/,https://hotelhottubs.com/arkansas,topic 32/35; insertion 25/25; credibility 15/25 (firsthand; no author byline); ranking 15/15; contact 30/30; openness 12/25; conflict 25/25; price plausibility 14/20 inferred for an independent site; no published rate and no claim that they accept $50–100,"Independent publisher with an overnight-travel article. Affiliate links, when present, do not make this a booking marketplace."
weekend getaways in california,2400,2,getaways from los angeles,https://www.livelikeitstheweekend.com/getaways-from-los-angeles/,livelikeitstheweekend.com,49,83.0,California,Travel blog,2026-09-11,Paid outreach,outreach_ready,Independent stay article with a contact route. Suggested insertion: “13 Easily Driveable Weekend Getaways from Los Angeles”.,87,81,observed,13 Easily Driveable Weekend Getaways from Los Angeles,"In “13 Easily Driveable Weekend Getaways from Los Angeles”, HHT’s California guide would add a list of hotels that marks private hot tubs separately from shared facilities.",https://www.livelikeitstheweekend.com/contact/,https://hotelhottubs.com/california,topic 32/35; insertion 25/25; credibility 15/25 (firsthand; no author byline); ranking 15/15; contact 30/30; openness 12/25; conflict 25/25; price plausibility 14/20 inferred for an independent site; no published rate and no claim that they accept $50–100,"Independent publisher with an overnight-travel article. Affiliate links, when present, do not make this a booking marketplace."
romantic getaways in northern California,,2,the best romantic getaways in california,https://www.bontraveler.com/the-best-romantic-getaways-in-california/,bontraveler.com,53,81.8,National,Travel blog,2026-09-11,Paid outreach,outreach_ready,Independent stay article with a contact route. Suggested insertion: “The Best Romantic Getaways in California”.,72,81,inferred,The Best Romantic Getaways in California,"In “The Best Romantic Getaways in California”, HHT’s California guide would add a list of hotels that marks private hot tubs separately from shared facilities.",https://www.bontraveler.com/contact/,https://hotelhottubs.com/california,topic 32/35; insertion 25/25; credibility 0/25 (no firsthand; no author byline); ranking 15/15; contact 30/30; openness 12/25; conflict 25/25; price plausibility 14/20 inferred for an independent site; no published rate and no claim that they accept $50–100,"Stay roundup with a contact or about link. Classified as an independent publisher from the page, not from the domain name."
romantic getaways in arkansas,880,2,romantic stays in arkansas,https://somewhereinarkansas.com/romantic-stays-in-arkansas/,somewhereinarkansas.com,31,81.3,Arkansas,Travel blog,2026-09-11,Paid outreach,outreach_ready,Independent stay article with a contact route. Suggested insertion: “16 Romantic Getaways in Arkansas”.,87,81,observed,16 Romantic Getaways in Arkansas,"In “16 Romantic Getaways in Arkansas”, HHT’s Arkansas guide would add a list of hotels that marks private hot tubs separately from shared facilities.",https://somewhereinarkansas.com/work-with-us/,https://hotelhottubs.com/arkansas,topic 32/35; insertion 25/25; credibility 15/25 (firsthand; no author byline); ranking 15/15; contact 30/30; openness 12/25; conflict 25/25; price plausibility 14/20 inferred for an independent site; no published rate and no claim that they accept $50–100,"Independent publisher with an overnight-travel article. Affiliate links, when present, do not make this a booking marketplace."
romantic getaways in virginia beach,,2,romantic getaways in virginia,https://www.katheats.com/romantic-getaways-in-virginia,katheats.com,43,79.9,Virginia Beach,Travel blog,2026-09-11,Paid outreach,outreach_ready,Independent stay article with a contact route. Suggested insertion: “14 Romantic Getaways in Virginia”.,87,81,observed,14 Romantic Getaways in Virginia,"In “14 Romantic Getaways in Virginia”, HHT’s Virginia guide would add a list of hotels that marks private hot tubs separately from shared facilities.",https://www.katheats.com/kathrd/contact,https://hotelhottubs.com/virginia/virginia-beach,topic 32/35; insertion 25/25; credibility 15/25 (firsthand; no author byline); ranking 15/15; contact 30/30; openness 12/25; conflict 25/25; price plausibility 14/20 inferred for an independent site; no published rate and no claim that they accept $50–100,"Independent publisher with an overnight-travel article. Affiliate links, when present, do not make this a booking marketplace."
romantic getaways in virginia,880,2,romantic getaways in virginia,https://www.katheats.com/romantic-getaways-in-virginia,katheats.com,43,79.9,Virginia,Travel blog,2026-09-11,Paid outreach,outreach_ready,Independent stay article with a contact route. Suggested insertion: “14 Romantic Getaways in Virginia”.,87,81,observed,14 Romantic Getaways in Virginia,"In “14 Romantic Getaways in Virginia”, HHT’s Virginia guide would add a list of hotels that marks private hot tubs separately from shared facilities.",https://www.katheats.com/kathrd/contact,https://hotelhottubs.com/virginia/virginia-beach,topic 32/35; insertion 25/25; credibility 15/25 (firsthand; no author byline); ranking 15/15; contact 30/30; openness 12/25; conflict 25/25; price plausibility 14/20 inferred for an independent site; no published rate and no claim that they accept $50–100,"Independent publisher with an overnight-travel article. Affiliate links, when present, do not make this a booking marketplace."
romantic getaways in delaware,110,2,romantic getaways in delaware,https://www.getawaymavens.com/romantic-getaways-in-delaware/,getawaymavens.com,30,76.3,Delaware,Travel blog,2026-09-27,Paid outreach,outreach_ready,Independent stay article with a contact route. Suggested insertion: “8 Memorable And Romantic Getaways in Delaware”.,72,81,inferred,8 Memorable And Romantic Getaways in Delaware,"In “8 Memorable And Romantic Getaways in Delaware”, HHT’s Delaware guide would add a list of hotels that marks private hot tubs separately from shared facilities.",https://www.getawaymavens.com/work-with-us/,https://hotelhottubs.com/delaware,topic 32/35; insertion 25/25; credibility 0/25 (no firsthand; no author byline); ranking 15/15; contact 30/30; openness 12/25; conflict 25/25; price plausibility 14/20 inferred for an independent site; no published rate and no claim that they accept $50–100,"Stay roundup with a contact or about link. Classified as an independent publisher from the page, not from the domain name."
weekend getaways in california,2400,3,13 epic weekend california getaways,https://www.bontraveler.com/13-epic-weekend-california-getaways/,bontraveler.com,53,81.9,California,Travel blog,2026-09-11,Paid outreach,outreach_ready,Independent stay article with a contact route. Suggested insertion: “13 Epic Weekend California Getaways”.,72,81,inferred,13 Epic Weekend California Getaways,"In “13 Epic Weekend California Getaways”, HHT’s California guide would add a list of hotels that marks private hot tubs separately from shared facilities.",https://www.bontraveler.com/contact/,https://hotelhottubs.com/california,topic 32/35; insertion 25/25; credibility 0/25 (no firsthand; no author byline); ranking 15/15; contact 30/30; openness 12/25; conflict 25/25; price plausibility 14/20 inferred for an independent site; no published rate and no claim that they accept $50–100,"Stay roundup with a contact or about link. Classified as an independent publisher from the page, not from the domain name."
romantic getaways near Los Angeles,,3,the best romantic getaways in california,https://www.bontraveler.com/the-best-romantic-getaways-in-california/,bontraveler.com,53,81.8,National,Travel blog,2026-09-11,Paid outreach,outreach_ready,Independent stay article with a contact route. Suggested insertion: “The Best Romantic Getaways in California”.,72,81,inferred,The Best Romantic Getaways in California,"In “The Best Romantic Getaways in California”, HHT’s California guide would add a list of hotels that marks private hot tubs separately from shared facilities.",https://www.bontraveler.com/contact/,https://hotelhottubs.com/california,topic 32/35; insertion 25/25; credibility 0/25 (no firsthand; no author byline); ranking 15/15; contact 30/30; openness 12/25; conflict 25/25; price plausibility 14/20 inferred for an independent site; no published rate and no claim that they accept $50–100,"Stay roundup with a contact or about link. Classified as an independent publisher from the page, not from the domain name."
weekend getaways in florida,3600,3,romantic florida getaways for couples,https://thefloridatravelgirl.com/romantic-florida-getaways-for-couples/,thefloridatravelgirl.com,24,81.1,Florida,Travel blog,2026-09-11,Paid outreach,outreach_ready,Independent stay article with a contact route. Suggested insertion: “7 Romantic Florida Getaways for Couples to Take in 2025”.,87,81,observed,7 Romantic Florida Getaways for Couples to Take in 2025,"In “7 Romantic Florida Getaways for Couples to Take in 2025”, HHT’s Florida guide would add a list of hotels that marks private hot tubs separately from shared facilities.",https://thefloridatravelgirl.com/contact/subscribe-to-my-newsletter/,https://hotelhottubs.com/florida,topic 32/35; insertion 25/25; credibility 15/25 (firsthand; no author byline); ranking 15/15; contact 30/30; openness 12/25; conflict 25/25; price plausibility 14/20 inferred for an independent site; no published rate and no claim that they accept $50–100,"Independent publisher with an overnight-travel article. Affiliate links, when present, do not make this a booking marketplace."
romantic getaways near Boston,,3,romantic getaways from boston,https://newenglandwanderlust.com/romantic-getaways-from-boston/,newenglandwanderlust.com,,70.0,National,Travel blog,2026-09-27,Paid outreach,outreach_ready,Independent stay article with a contact route. Suggested insertion: “25 Wonderfully Romantic Getaways From Boston In 2026”.,62,81,inferred,25 Wonderfully Romantic Getaways From Boston In 2026,"In “25 Wonderfully Romantic Getaways From Boston In 2026”, HHT’s this destination guide would add a list of hotels that marks private hot tubs separately from shared facilities.",https://newenglandwanderlust.com/contact-2/,https://hotelhottubs.com/editors-choice,topic 22/35; insertion 25/25; credibility 0/25 (no firsthand; no author byline); ranking 15/15; contact 30/30; openness 12/25; conflict 25/25; price plausibility 14/20 inferred for an independent site; no published rate and no claim that they accept $50–100,"Stay roundup with a contact or about link. Classified as an independent publisher from the page, not from the domain name."
romantic places to stay in Charleston SC,,3,super romantic things to do in beautiful charleston,https://www.fueledbywanderlust.com/super-romantic-things-to-do-in-beautiful-charleston/,fueledbywanderlust.com,,68.9,National,Travel blog,2026-09-27,Paid outreach,outreach_ready,Independent stay article with a contact route. Suggested insertion: “4. &#8230;or Stay at an Adorable Bed and Breakfast”.,58,81,observed,4. &#8230;or Stay at an Adorable Bed and Breakfast,"In “4. &#8230;or Stay at an Adorable Bed and Breakfast”, HHT’s this destination guide would add a list of hotels that marks private hot tubs separately from shared facilities.",http://getyourguide.com/fort-sumter-national-monument-l85017/fort-sumter-national-monument-entry-ticket-ferry-t390813/?partner_id=OAC8BRX&amp;utm_medium=online_publisher&amp;placement=content-middle&amp;cmp=Fort-Sumter,https://hotelhottubs.com/editors-choice,topic 22/35; insertion 25/25; credibility 0/25 (no firsthand; no author byline); ranking 11/15; contact 30/30; openness 12/25; conflict 25/25; price plausibility 14/20 inferred for an independent site; no published rate and no claim that they accept $50–100,"Independent publisher with an overnight-travel article. Affiliate links, when present, do not make this a booking marketplace."
best anniversary trip ideas,,4,the best romantic getaways in california,https://www.bontraveler.com/the-best-romantic-getaways-in-california/,bontraveler.com,53,81.8,National,Travel blog,2026-09-11,Paid outreach,outreach_ready,Independent stay article with a contact route. Suggested insertion: “The Best Romantic Getaways in California”.,72,81,inferred,The Best Romantic Getaways in California,"In “The Best Romantic Getaways in California”, HHT’s California guide would add a list of hotels that marks private hot tubs separately from shared facilities.",https://www.bontraveler.com/contact/,https://hotelhottubs.com/california,topic 32/35; insertion 25/25; credibility 0/25 (no firsthand; no author byline); ranking 15/15; contact 30/30; openness 12/25; conflict 25/25; price plausibility 14/20 inferred for an independent site; no published rate and no claim that they accept $50–100,"Stay roundup with a contact or about link. Classified as an independent publisher from the page, not from the domain name."
romantic resorts in virginia,880,4,romantic getaways in virginia,https://www.katheats.com/romantic-getaways-in-virginia,katheats.com,43,79.9,Virginia,Travel blog,2026-09-11,Paid outreach,outreach_ready,Independent stay article with a contact route. Suggested insertion: “14 Romantic Getaways in Virginia”.,87,81,observed,14 Romantic Getaways in Virginia,"In “14 Romantic Getaways in Virginia”, HHT’s Virginia guide would add a list of hotels that marks private hot tubs separately from shared facilities.",https://www.katheats.com/kathrd/contact,https://hotelhottubs.com/virginia/virginia-beach,topic 32/35; insertion 25/25; credibility 15/25 (firsthand; no author byline); ranking 15/15; contact 30/30; openness 12/25; conflict 25/25; price plausibility 14/20 inferred for an independent site; no published rate and no claim that they accept $50–100,"Independent publisher with an overnight-travel article. Affiliate links, when present, do not make this a booking marketplace."
romantic getaways in niagara falls,,4,things to do niagara falls for couples,https://www.travelingmitch.com/mostrecent/things-to-do-niagara-falls-for-couples,travelingmitch.com,,68.6,Niagara Falls,Travel blog,2026-09-27,Paid outreach,outreach_ready,Independent stay article with a contact route. Suggested insertion: “What Makes Niagara Falls One of the Top Romantic Getaways in Ontario?”.,72,81,inferred,What Makes Niagara Falls One of the Top Romantic Getaways in Ontario?,"In “What Makes Niagara Falls One of the Top Romantic Getaways in Ontario?”, HHT’s Niagara Falls guide would add a list of hotels that marks private hot tubs separately from shared facilities.",https://www.getyourguide.com/niagara-falls-canadian-side-l283/niagara-falls-canada-12-minute-helicopter-tour-t157179/?cmp=niagara_for_couples&amp;partner_id=XSO8DJ4&amp;utm_medium=online_publisher,https://hotelhottubs.com/new-york/niagara-falls,topic 32/35; insertion 25/25; credibility 0/25 (no firsthand; no author byline); ranking 15/15; contact 30/30; openness 12/25; conflict 25/25; price plausibility 14/20 inferred for an independent site; no published rate and no claim that they accept $50–100,"Stay roundup with a contact or about link. Classified as an independent publisher from the page, not from the domain name."
romantic getaways near Houston,,5,weekend getaways from houston,https://www.livelikeitstheweekend.com/weekend-getaways-from-houston/,livelikeitstheweekend.com,49,69.6,National,Travel blog,2026-09-27,Paid outreach,outreach_ready,"Independent stay article with a contact route. Suggested insertion: “Best Weekend Getaways From Houston: Stargazing, Glamping + More”.",77,81,observed,"Best Weekend Getaways From Houston: Stargazing, Glamping + More","In “Best Weekend Getaways From Houston: Stargazing, Glamping + More”, HHT’s this destination guide would add a list of hotels that marks private hot tubs separately from shared facilities.",https://www.livelikeitstheweekend.com/contact/,https://hotelhottubs.com/editors-choice,topic 22/35; insertion 25/25; credibility 15/25 (firsthand; no author byline); ranking 15/15; contact 30/30; openness 12/25; conflict 25/25; price plausibility 14/20 inferred for an independent site; no published rate and no claim that they accept $50–100,"Independent publisher with an overnight-travel article. Affiliate links, when present, do not make this a booking marketplace."
romantic getaways from Washington DC,,5,romantic getaways an easy drive from dc,https://washingtonian.com/2026/02/04/romantic-getaways-an-easy-drive-from-dc/,washingtonian.com,,68.3,National,Travel blog,2026-09-27,Paid outreach,outreach_ready,Independent stay article with a contact route. Suggested insertion: “5 Romantic Getaways an Easy Drive From DC”.,72,81,observed,5 Romantic Getaways an Easy Drive From DC,"In “5 Romantic Getaways an Easy Drive From DC”, HHT’s this destination guide would add a list of hotels that marks private hot tubs separately from shared facilities.",https://washingtonian.com/advertise-with-washingtonian/,https://hotelhottubs.com/editors-choice,topic 22/35; insertion 25/25; credibility 10/25 (no firsthand; author); ranking 15/15; contact 30/30; openness 12/25; conflict 25/25; price plausibility 14/20 inferred for an independent site; no published rate and no claim that they accept $50–100,"Independent publisher with an overnight-travel article. Affiliate links, when present, do not make this a booking marketplace."
romantic weekend getaways in New England,,6,romantic getaways from boston,https://newenglandwanderlust.com/romantic-getaways-from-boston/,newenglandwanderlust.com,,70.0,National,Travel blog,2026-09-27,Paid outreach,outreach_ready,Independent stay article with a contact route. Suggested insertion: “25 Wonderfully Romantic Getaways From Boston In 2026”.,62,81,inferred,25 Wonderfully Romantic Getaways From Boston In 2026,"In “25 Wonderfully Romantic Getaways From Boston In 2026”, HHT’s this destination guide would add a list of hotels that marks private hot tubs separately from shared facilities.",https://newenglandwanderlust.com/contact-2/,https://hotelhottubs.com/editors-choice,topic 22/35; insertion 25/25; credibility 0/25 (no firsthand; no author byline); ranking 15/15; contact 30/30; openness 12/25; conflict 25/25; price plausibility 14/20 inferred for an independent site; no published rate and no claim that they accept $50–100,"Stay roundup with a contact or about link. Classified as an independent publisher from the page, not from the domain name."
romantic getaways in Massachusetts,,6,romantic getaways from boston,https://newenglandwanderlust.com/romantic-getaways-from-boston/,newenglandwanderlust.com,,70.0,National,Travel blog,2026-09-27,Paid outreach,outreach_ready,Independent stay article with a contact route. Suggested insertion: “25 Wonderfully Romantic Getaways From Boston In 2026”.,62,81,inferred,25 Wonderfully Romantic Getaways From Boston In 2026,"In “25 Wonderfully Romantic Getaways From Boston In 2026”, HHT’s this destination guide would add a list of hotels that marks private hot tubs separately from shared facilities.",https://newenglandwanderlust.com/contact-2/,https://hotelhottubs.com/editors-choice,topic 22/35; insertion 25/25; credibility 0/25 (no firsthand; no author byline); ranking 15/15; contact 30/30; openness 12/25; conflict 25/25; price plausibility 14/20 inferred for an independent site; no published rate and no claim that they accept $50–100,"Stay roundup with a contact or about link. Classified as an independent publisher from the page, not from the domain name."
romantic getaways in Minnesota,,6,10 coziest getaways cabins in minnesota,https://www.raarupadventures.com/blog/10-coziest-getaways-cabins-in-minnesota,raarupadventures.com,,67.3,National,Travel blog,2026-09-27,Paid outreach,outreach_ready,Independent stay article with a contact route. Suggested insertion: “10 Coziest Winter Getaways & Cabins in Minnesota (From A Local)”.,73,81,observed,10 Coziest Winter Getaways & Cabins in Minnesota (From A Local),"In “10 Coziest Winter Getaways & Cabins in Minnesota (From A Local)”, HHT’s this destination guide would add a list of hotels that marks private hot tubs separately from shared facilities.",https://viator.tp.st/83fr6EBl?trs=289047&amp;journey_id=jhUVJuWa4PDtYBWFD-am3&amp;trace_id=Zz9e06f6d0996846de886521e-510142&amp;promo_kind=tp_short&amp;page_url=https%3A%2F%2Fwww.raarupadventures.com%2Fblog%2Fa-guide-to-grand-marais-minnesota&amp;product_type=tp_manual&amp;install_type=partner,https://hotelhottubs.com/editors-choice,topic 22/35; insertion 25/25; credibility 15/25 (firsthand; no author byline); ranking 11/15; contact 30/30; openness 12/25; conflict 25/25; price plausibility 14/20 inferred for an independent site; no published rate and no claim that they accept $50–100,"Independent publisher with an overnight-travel article. Affiliate links, when present, do not make this a booking marketplace."
romantic getaways near Portland,,6,best weekend getaways portland oregon,https://wheatlesswanderlust.com/best-weekend-getaways-portland-oregon/,wheatlesswanderlust.com,,67.2,National,Travel blog,2026-09-27,Paid outreach,outreach_ready,Independent stay article with a contact route. Suggested insertion: “Our Favorite Weekend Getaways from Portland: A Complete Guide”.,58,81,inferred,Our Favorite Weekend Getaways from Portland: A Complete Guide,"In “Our Favorite Weekend Getaways from Portland: A Complete Guide”, HHT’s this destination guide would add a list of hotels that marks private hot tubs separately from shared facilities.",https://wheatlesswanderlust.com/contact-us/,https://hotelhottubs.com/editors-choice,topic 22/35; insertion 25/25; credibility 0/25 (no firsthand; no author byline); ranking 11/15; contact 30/30; openness 12/25; conflict 25/25; price plausibility 14/20 inferred for an independent site; no published rate and no claim that they accept $50–100,"Stay roundup with a contact or about link. Classified as an independent publisher from the page, not from the domain name."
weekend getaways in california,2400,7,weekend getaways in california,https://www.wanderfullyrylie.com/weekend-getaways-in-california/,wanderfullyrylie.com,14,79.6,California,Travel blog,2026-09-11,Paid outreach,outreach_ready,Independent stay article with a contact route. Suggested insertion: “15 Weekend Getaways in California (for Every Vibe)”.,68,81,inferred,15 Weekend Getaways in California (for Every Vibe),"In “15 Weekend Getaways in California (for Every Vibe)”, HHT’s California guide would add a list of hotels that marks private hot tubs separately from shared facilities.",https://www.wanderfullyrylie.com/contact/,https://hotelhottubs.com/california,topic 32/35; insertion 25/25; credibility 0/25 (no firsthand; no author byline); ranking 11/15; contact 30/30; openness 12/25; conflict 25/25; price plausibility 14/20 inferred for an independent site; no published rate and no claim that they accept $50–100,"Stay roundup with a contact or about link. Classified as an independent publisher from the page, not from the domain name."
romantic getaways in south carolina,590,7,romantic getaways in the south,https://planreadygo.com/romantic-getaways-in-the-south/,planreadygo.com,,75.8,South Carolina,Travel blog,2026-09-27,Paid outreach,outreach_ready,Independent stay article with a contact route. Suggested insertion: “Romantic Getaways in the South that Couples Love”.,68,81,observed,Romantic Getaways in the South that Couples Love,"In “Romantic Getaways in the South that Couples Love”, HHT’s South Carolina guide would add a list of hotels that marks private hot tubs separately from shared facilities.",https://planreadygo.com/contact-form/,https://hotelhottubs.com/south-carolina,topic 32/35; insertion 25/25; credibility 0/25 (no firsthand; no author byline); ranking 11/15; contact 30/30; openness 12/25; conflict 25/25; price plausibility 14/20 inferred for an independent site; no published rate and no claim that they accept $50–100,"Independent publisher with an overnight-travel article. Affiliate links, when present, do not make this a booking marketplace."
romantic getaways in South Carolina,,7,romantic getaways in the south,https://planreadygo.com/romantic-getaways-in-the-south/,planreadygo.com,,75.8,National,Travel blog,2026-09-27,Paid outreach,outreach_ready,Independent stay article with a contact route. Suggested insertion: “Romantic Getaways in the South that Couples Love”.,68,81,observed,Romantic Getaways in the South that Couples Love,"In “Romantic Getaways in the South that Couples Love”, HHT’s South Carolina guide would add a list of hotels that marks private hot tubs separately from shared facilities.",https://planreadygo.com/contact-form/,https://hotelhottubs.com/south-carolina,topic 32/35; insertion 25/25; credibility 0/25 (no firsthand; no author byline); ranking 11/15; contact 30/30; openness 12/25; conflict 25/25; price plausibility 14/20 inferred for an independent site; no published rate and no claim that they accept $50–100,"Independent publisher with an overnight-travel article. Affiliate links, when present, do not make this a booking marketplace."
romantic getaways in New England,,7,romantic getaways from boston,https://newenglandwanderlust.com/romantic-getaways-from-boston/,newenglandwanderlust.com,,70.0,National,Travel blog,2026-09-27,Paid outreach,outreach_ready,Independent stay article with a contact route. Suggested insertion: “25 Wonderfully Romantic Getaways From Boston In 2026”.,62,81,inferred,25 Wonderfully Romantic Getaways From Boston In 2026,"In “25 Wonderfully Romantic Getaways From Boston In 2026”, HHT’s this destination guide would add a list of hotels that marks private hot tubs separately from shared facilities.",https://newenglandwanderlust.com/contact-2/,https://hotelhottubs.com/editors-choice,topic 22/35; insertion 25/25; credibility 0/25 (no firsthand; no author byline); ranking 15/15; contact 30/30; openness 12/25; conflict 25/25; price plausibility 14/20 inferred for an independent site; no published rate and no claim that they accept $50–100,"Stay roundup with a contact or about link. Classified as an independent publisher from the page, not from the domain name."
romantic hotels in Charleston SC,,7,super romantic things to do in beautiful charleston,https://www.fueledbywanderlust.com/super-romantic-things-to-do-in-beautiful-charleston/,fueledbywanderlust.com,,68.9,National,Travel blog,2026-09-27,Paid outreach,outreach_ready,Independent stay article with a contact route. Suggested insertion: “4. &#8230;or Stay at an Adorable Bed and Breakfast”.,58,81,observed,4. &#8230;or Stay at an Adorable Bed and Breakfast,"In “4. &#8230;or Stay at an Adorable Bed and Breakfast”, HHT’s this destination guide would add a list of hotels that marks private hot tubs separately from shared facilities.",http://getyourguide.com/fort-sumter-national-monument-l85017/fort-sumter-national-monument-entry-ticket-ferry-t390813/?partner_id=OAC8BRX&amp;utm_medium=online_publisher&amp;placement=content-middle&amp;cmp=Fort-Sumter,https://hotelhottubs.com/editors-choice,topic 22/35; insertion 25/25; credibility 0/25 (no firsthand; no author byline); ranking 11/15; contact 30/30; openness 12/25; conflict 25/25; price plausibility 14/20 inferred for an independent site; no published rate and no claim that they accept $50–100,"Independent publisher with an overnight-travel article. Affiliate links, when present, do not make this a booking marketplace."
romantic getaways near Charlotte,,7,weekend getaways near charlotte nc,https://www.simplyawesometrips.com/weekend-getaways-near-charlotte-nc/,simplyawesometrips.com,34,67.2,National,Travel blog,2026-09-27,Paid outreach,outreach_ready,"Independent stay article with a contact route. Suggested insertion: “7 Weekend Getaways Within 4 hours of Charlotte, NC”.",58,81,observed,"7 Weekend Getaways Within 4 hours of Charlotte, NC","In “7 Weekend Getaways Within 4 hours of Charlotte, NC”, HHT’s this destination guide would add a list of hotels that marks private hot tubs separately from shared facilities.",https://www.simplyawesometrips.com/contact-us/,https://hotelhottubs.com/editors-choice,topic 22/35; insertion 25/25; credibility 0/25 (no firsthand; no author byline); ranking 11/15; contact 30/30; openness 12/25; conflict 25/25; price plausibility 14/20 inferred for an independent site; no published rate and no claim that they accept $50–100,"Independent publisher with an overnight-travel article. Affiliate links, when present, do not make this a booking marketplace."
couples getaways in florida,880,8,romantic florida getaways for couples,https://thefloridatravelgirl.com/romantic-florida-getaways-for-couples/,thefloridatravelgirl.com,24,81.1,Florida,Travel blog,2026-09-11,Paid outreach,outreach_ready,Independent stay article with a contact route. Suggested insertion: “7 Romantic Florida Getaways for Couples to Take in 2025”.,87,81,observed,7 Romantic Florida Getaways for Couples to Take in 2025,"In “7 Romantic Florida Getaways for Couples to Take in 2025”, HHT’s Florida guide would add a list of hotels that marks private hot tubs separately from shared facilities.",https://thefloridatravelgirl.com/contact/subscribe-to-my-newsletter/,https://hotelhottubs.com/florida,topic 32/35; insertion 25/25; credibility 15/25 (firsthand; no author byline); ranking 15/15; contact 30/30; openness 12/25; conflict 25/25; price plausibility 14/20 inferred for an independent site; no published rate and no claim that they accept $50–100,"Independent publisher with an overnight-travel article. Affiliate links, when present, do not make this a booking marketplace."
romantic getaways near Seattle,,9,romantic getaways in washington state,https://adventuresofaplusk.com/romantic-getaways-in-washington-state/,adventuresofaplusk.com,43,77.6,National,Travel blog,2026-09-11,Paid outreach,outreach_ready,Independent stay article with a contact route. Suggested insertion: “19+ Romantic Getaways in Washington State: From Locals!”.,75,81,observed,19+ Romantic Getaways in Washington State: From Locals!,"In “19+ Romantic Getaways in Washington State: From Locals!”, HHT’s Washington guide would add a list of hotels that marks private hot tubs separately from shared facilities.",https://adventuresofaplusk.com/work-with-us/,https://hotelhottubs.com/washington,topic 32/35; insertion 25/25; credibility 10/25 (no firsthand; author); ranking 8/15; contact 30/30; openness 12/25; conflict 25/25; price plausibility 14/20 inferred for an independent site; no published rate and no claim that they accept $50–100,"Independent publisher with an overnight-travel article. Affiliate links, when present, do not make this a booking marketplace."
romantic getaways in arizona,720,9,the perfect arizona honeymoon itinerary romantic resorts epic adventures more,https://whimsysoul.com/the-perfect-arizona-honeymoon-itinerary-romantic-resorts-epic-adventures-more/,whimsysoul.com,46,76.0,Arizona,Travel blog,2026-09-27,Paid outreach,outreach_ready,Independent stay article with a contact route. Suggested insertion: “body mention of where to stay”.,83,81,observed,body mention of where to stay,"In “body mention of where to stay”, HHT’s Arizona guide would add a list of hotels that marks private hot tubs separately from shared facilities.",https://whimsysoul.com/work-with-whimsy-soul/,https://hotelhottubs.com/arizona,topic 32/35; insertion 25/25; credibility 15/25 (firsthand; no author byline); ranking 11/15; contact 30/30; openness 12/25; conflict 25/25; price plausibility 14/20 inferred for an independent site; no published rate and no claim that they accept $50–100,"Independent publisher with an overnight-travel article. Affiliate links, when present, do not make this a booking marketplace."
weekend getaways in colorado,1000,9,best weekend trips from denver for nature culture and fun,https://whimsysoul.com/best-weekend-trips-from-denver-for-nature-culture-and-fun/,whimsysoul.com,46,74.8,Colorado,Travel blog,2026-09-11,Paid outreach,outreach_ready,Independent stay article with a contact route. Suggested insertion: “body mention of where to stay”.,83,81,observed,body mention of where to stay,"In “body mention of where to stay”, HHT’s Colorado guide would add a list of hotels that marks private hot tubs separately from shared facilities.",https://whimsysoul.com/work-with-whimsy-soul/,https://hotelhottubs.com/colorado,topic 32/35; insertion 25/25; credibility 15/25 (firsthand; no author byline); ranking 11/15; contact 30/30; openness 12/25; conflict 25/25; price plausibility 14/20 inferred for an independent site; no published rate and no claim that they accept $50–100,"Independent publisher with an overnight-travel article. Affiliate links, when present, do not make this a booking marketplace."
best anniversary trip ideas,,9,best anniversary trip ideas,https://celebrateagain.org/best-anniversary-trip-ideas/,celebrateagain.org,,54.8,National,Tourism,2026-09-27,Paid outreach,outreach_ready,Independent stay article with a contact route. Suggested insertion: “body mention of where to stay”.,58,81,inferred,body mention of where to stay,"In “body mention of where to stay”, HHT’s this destination guide would add a list of hotels that marks private hot tubs separately from shared facilities.",https://celebrateagain.org/contact/,https://hotelhottubs.com/editors-choice,topic 22/35; insertion 25/25; credibility 0/25 (no firsthand; no author byline); ranking 11/15; contact 30/30; openness 12/25; conflict 25/25; price plausibility 14/20 inferred for an independent site; no published rate and no claim that they accept $50–100,"Stay roundup with a contact or about link. Classified as an independent publisher from the page, not from the domain name."
romantic getaways in florida,2400,11,romantic florida getaways for couples,https://thefloridatravelgirl.com/romantic-florida-getaways-for-couples/,thefloridatravelgirl.com,24,81.1,Florida,Travel blog,2026-09-11,Paid outreach,outreach_ready,Independent stay article with a contact route. Suggested insertion: “7 Romantic Florida Getaways for Couples to Take in 2025”.,87,81,observed,7 Romantic Florida Getaways for Couples to Take in 2025,"In “7 Romantic Florida Getaways for Couples to Take in 2025”, HHT’s Florida guide would add a list of hotels that marks private hot tubs separately from shared facilities.",https://thefloridatravelgirl.com/contact/subscribe-to-my-newsletter/,https://hotelhottubs.com/florida,topic 32/35; insertion 25/25; credibility 15/25 (firsthand; no author byline); ranking 15/15; contact 30/30; openness 12/25; conflict 25/25; price plausibility 14/20 inferred for an independent site; no published rate and no claim that they accept $50–100,"Independent publisher with an overnight-travel article. Affiliate links, when present, do not make this a booking marketplace."
romantic hotels in florida,480,11,romantic florida getaways for couples,https://thefloridatravelgirl.com/romantic-florida-getaways-for-couples/,thefloridatravelgirl.com,24,81.1,Florida,Travel blog,2026-09-11,Paid outreach,outreach_ready,Independent stay article with a contact route. Suggested insertion: “7 Romantic Florida Getaways for Couples to Take in 2025”.,87,81,observed,7 Romantic Florida Getaways for Couples to Take in 2025,"In “7 Romantic Florida Getaways for Couples to Take in 2025”, HHT’s Florida guide would add a list of hotels that marks private hot tubs separately from shared facilities.",https://thefloridatravelgirl.com/contact/subscribe-to-my-newsletter/,https://hotelhottubs.com/florida,topic 32/35; insertion 25/25; credibility 15/25 (firsthand; no author byline); ranking 15/15; contact 30/30; openness 12/25; conflict 25/25; price plausibility 14/20 inferred for an independent site; no published rate and no claim that they accept $50–100,"Independent publisher with an overnight-travel article. Affiliate links, when present, do not make this a booking marketplace."
romantic getaways near Los Angeles,,11,weekend getaways from los angeles,https://seatosequoia.com/weekend-getaways-from-los-angeles/,seatosequoia.com,27,77.4,National,Travel blog,2026-09-11,Paid outreach,outreach_ready,Independent stay article with a contact route. Suggested insertion: “14 Best Weekend Getaways from Los Angeles (Within Driving Distance!)”.,80,81,observed,14 Best Weekend Getaways from Los Angeles (Within Driving Distance!),"In “14 Best Weekend Getaways from Los Angeles (Within Driving Distance!)”, HHT’s California guide would add a list of hotels that marks private hot tubs separately from shared facilities.",https://seatosequoia.com/contact/,https://hotelhottubs.com/california,topic 32/35; insertion 25/25; credibility 15/25 (firsthand; no author byline); ranking 8/15; contact 30/30; openness 12/25; conflict 25/25; price plausibility 14/20 inferred for an independent site; no published rate and no claim that they accept $50–100,"Independent publisher with an overnight-travel article. Affiliate links, when present, do not make this a booking marketplace."
romantic getaways in Maryland,,11,30 surprisingly romantic getaways in maryland dc and virginia,https://www.getawaymavens.com/30-surprisingly-romantic-getaways-in-maryland-dc-and-virginia/,getawaymavens.com,30,73.4,National,Travel blog,2026-09-27,Paid outreach,outreach_ready,"Independent stay article with a contact route. Suggested insertion: “37 Surprisingly Romantic Getaways in Maryland, DC, and Virginia”.",65,81,inferred,"37 Surprisingly Romantic Getaways in Maryland, DC, and Virginia","In “37 Surprisingly Romantic Getaways in Maryland, DC, and Virginia”, HHT’s Virginia guide would add a list of hotels that marks private hot tubs separately from shared facilities.",https://www.getawaymavens.com/work-with-us/,https://hotelhottubs.com/virginia,topic 32/35; insertion 25/25; credibility 0/25 (no firsthand; no author byline); ranking 8/15; contact 30/30; openness 12/25; conflict 25/25; price plausibility 14/20 inferred for an independent site; no published rate and no claim that they accept $50–100,"Stay roundup with a contact or about link. Classified as an independent publisher from the page, not from the domain name."
romantic getaways from Washington DC,,11,30 surprisingly romantic getaways in maryland dc and virginia,https://www.getawaymavens.com/30-surprisingly-romantic-getaways-in-maryland-dc-and-virginia/,getawaymavens.com,30,73.4,National,Travel blog,2026-09-27,Paid outreach,outreach_ready,"Independent stay article with a contact route. Suggested insertion: “37 Surprisingly Romantic Getaways in Maryland, DC, and Virginia”.",65,81,inferred,"37 Surprisingly Romantic Getaways in Maryland, DC, and Virginia","In “37 Surprisingly Romantic Getaways in Maryland, DC, and Virginia”, HHT’s Virginia guide would add a list of hotels that marks private hot tubs separately from shared facilities.",https://www.getawaymavens.com/work-with-us/,https://hotelhottubs.com/virginia,topic 32/35; insertion 25/25; credibility 0/25 (no firsthand; no author byline); ranking 8/15; contact 30/30; openness 12/25; conflict 25/25; price plausibility 14/20 inferred for an independent site; no published rate and no claim that they accept $50–100,"Stay roundup with a contact or about link. Classified as an independent publisher from the page, not from the domain name."
romantic getaways in washington state,1000,12,romantic getaways in washington state,https://adventuresofaplusk.com/romantic-getaways-in-washington-state/,adventuresofaplusk.com,43,77.6,Washington,Travel blog,2026-09-11,Paid outreach,outreach_ready,Independent stay article with a contact route. Suggested insertion: “19+ Romantic Getaways in Washington State: From Locals!”.,75,81,observed,19+ Romantic Getaways in Washington State: From Locals!,"In “19+ Romantic Getaways in Washington State: From Locals!”, HHT’s Washington guide would add a list of hotels that marks private hot tubs separately from shared facilities.",https://adventuresofaplusk.com/work-with-us/,https://hotelhottubs.com/washington,topic 32/35; insertion 25/25; credibility 10/25 (no firsthand; author); ranking 8/15; contact 30/30; openness 12/25; conflict 25/25; price plausibility 14/20 inferred for an independent site; no published rate and no claim that they accept $50–100,"Independent publisher with an overnight-travel article. Affiliate links, when present, do not make this a booking marketplace."
romantic getaways near Washington DC,,12,30 surprisingly romantic getaways in maryland dc and virginia,https://www.getawaymavens.com/30-surprisingly-romantic-getaways-in-maryland-dc-and-virginia/,getawaymavens.com,30,73.4,National,Travel blog,2026-09-27,Paid outreach,outreach_ready,"Independent stay article with a contact route. Suggested insertion: “37 Surprisingly Romantic Getaways in Maryland, DC, and Virginia”.",65,81,inferred,"37 Surprisingly Romantic Getaways in Maryland, DC, and Virginia","In “37 Surprisingly Romantic Getaways in Maryland, DC, and Virginia”, HHT’s Virginia guide would add a list of hotels that marks private hot tubs separately from shared facilities.",https://www.getawaymavens.com/work-with-us/,https://hotelhottubs.com/virginia,topic 32/35; insertion 25/25; credibility 0/25 (no firsthand; no author byline); ranking 8/15; contact 30/30; openness 12/25; conflict 25/25; price plausibility 14/20 inferred for an independent site; no published rate and no claim that they accept $50–100,"Stay roundup with a contact or about link. Classified as an independent publisher from the page, not from the domain name."
romantic getaways in Connecticut,,12,best romantic getaways in connecticut,https://www.getawaymavens.com/best-romantic-getaways-in-connecticut/,getawaymavens.com,30,65.5,National,Travel blog,2026-09-27,Paid outreach,outreach_ready,Independent stay article with a contact route. Suggested insertion: “20+ Spellbinding Romantic Getaways in CT”.,51,81,inferred,20+ Spellbinding Romantic Getaways in CT,"In “20+ Spellbinding Romantic Getaways in CT”, HHT’s this destination guide would add a list of hotels that marks private hot tubs separately from shared facilities.",https://www.getawaymavens.com/work-with-us/,https://hotelhottubs.com/editors-choice,topic 22/35; insertion 25/25; credibility 0/25 (no firsthand; no author byline); ranking 4/15; contact 30/30; openness 12/25; conflict 25/25; price plausibility 14/20 inferred for an independent site; no published rate and no claim that they accept $50–100,"Stay roundup with a contact or about link. Classified as an independent publisher from the page, not from the domain name."
romantic getaways near Seattle,,12,unforgettable weekend getaways seattle,https://wheatlesswanderlust.com/unforgettable-weekend-getaways-seattle/,wheatlesswanderlust.com,,63.8,National,Travel blog,2026-09-27,Paid outreach,outreach_ready,Independent stay article with a contact route. Suggested insertion: “The Best Weekend Getaways from Seattle: A Complete Guide”.,51,81,inferred,The Best Weekend Getaways from Seattle: A Complete Guide,"In “The Best Weekend Getaways from Seattle: A Complete Guide”, HHT’s this destination guide would add a list of hotels that marks private hot tubs separately from shared facilities.",https://wheatlesswanderlust.com/contact-us/,https://hotelhottubs.com/editors-choice,topic 22/35; insertion 25/25; credibility 0/25 (no firsthand; no author byline); ranking 4/15; contact 30/30; openness 12/25; conflict 25/25; price plausibility 14/20 inferred for an independent site; no published rate and no claim that they accept $50–100,"Stay roundup with a contact or about link. Classified as an independent publisher from the page, not from the domain name."
romantic places to stay in Napa,,12,where to stay in napa valley,https://discoveroverthere.com/where-to-stay-in-napa-valley/,discoveroverthere.com,,62.6,National,Travel blog,2026-09-27,Paid outreach,outreach_ready,Independent stay article with a contact route. Suggested insertion: “A Local’s Guide to Where to Stay in Napa Valley: Best Boutique Hotels”.,51,81,inferred,A Local’s Guide to Where to Stay in Napa Valley: Best Boutique Hotels,"In “A Local’s Guide to Where to Stay in Napa Valley: Best Boutique Hotels”, HHT’s this destination guide would add a list of hotels that marks private hot tubs separately from shared facilities.",https://discoveroverthere.com/contact,https://hotelhottubs.com/editors-choice,topic 22/35; insertion 25/25; credibility 0/25 (no firsthand; no author byline); ranking 4/15; contact 30/30; openness 12/25; conflict 25/25; price plausibility 14/20 inferred for an independent site; no published rate and no claim that they accept $50–100,"Stay roundup with a contact or about link. Classified as an independent publisher from the page, not from the domain name."
romantic places to stay in Key West,,12,where to stay in key west,https://www.wandertooth.com/where-to-stay-in-key-west/,wandertooth.com,,62.1,National,Travel blog,2026-09-27,Paid outreach,outreach_ready,Independent stay article with a contact route. Suggested insertion: “Where to Stay in Key West: Best Areas & Hotels for Every Type of Trip”.,51,81,observed,Where to Stay in Key West: Best Areas & Hotels for Every Type of Trip,"In “Where to Stay in Key West: Best Areas & Hotels for Every Type of Trip”, HHT’s this destination guide would add a list of hotels that marks private hot tubs separately from shared facilities.",https://www.wandertooth.com/contact,https://hotelhottubs.com/editors-choice,topic 22/35; insertion 25/25; credibility 0/25 (no firsthand; no author byline); ranking 4/15; contact 30/30; openness 12/25; conflict 25/25; price plausibility 14/20 inferred for an independent site; no published rate and no claim that they accept $50–100,"Independent publisher with an overnight-travel article. Affiliate links, when present, do not make this a booking marketplace."
weekend getaways in california,2400,13,weekend getaways from los angeles,https://seatosequoia.com/weekend-getaways-from-los-angeles/,seatosequoia.com,27,77.4,California,Travel blog,2026-09-11,Paid outreach,outreach_ready,Independent stay article with a contact route. Suggested insertion: “14 Best Weekend Getaways from Los Angeles (Within Driving Distance!)”.,80,81,observed,14 Best Weekend Getaways from Los Angeles (Within Driving Distance!),"In “14 Best Weekend Getaways from Los Angeles (Within Driving Distance!)”, HHT’s California guide would add a list of hotels that marks private hot tubs separately from shared facilities.",https://seatosequoia.com/contact/,https://hotelhottubs.com/california,topic 32/35; insertion 25/25; credibility 15/25 (firsthand; no author byline); ranking 8/15; contact 30/30; openness 12/25; conflict 25/25; price plausibility 14/20 inferred for an independent site; no published rate and no claim that they accept $50–100,"Independent publisher with an overnight-travel article. Affiliate links, when present, do not make this a booking marketplace."
romantic getaways in north carolina,1900,13,weekend getaways in north carolina,https://www.nctripping.com/weekend-getaways-in-north-carolina/,nctripping.com,37,75.4,North Carolina,Travel blog,2026-09-11,Paid outreach,outreach_ready,"Independent stay article with a contact route. Suggested insertion: “25 Wonderful Weekend Getaways in North Carolina (For Families, Couples, or Just Yourself!)”.",80,81,observed,"25 Wonderful Weekend Getaways in North Carolina (For Families, Couples, or Just Yourself!)","In “25 Wonderful Weekend Getaways in North Carolina (For Families, Couples, or Just Yourself!)”, HHT’s North Carolina guide would add a list of hotels that marks private hot tubs separately from shared facilities.",https://www.nctripping.com/contact/,https://hotelhottubs.com/north-carolina,topic 32/35; insertion 25/25; credibility 15/25 (firsthand; no author byline); ranking 8/15; contact 30/30; openness 12/25; conflict 25/25; price plausibility 14/20 inferred for an independent site; no published rate and no claim that they accept $50–100,"Independent publisher with an overnight-travel article. Affiliate links, when present, do not make this a booking marketplace."
weekend getaways in arkansas,590,13,romantic getaways in arkansas,https://thehappinessfxn.com/romantic-getaways-in-arkansas/,thehappinessfxn.com,,70.7,Arkansas,Travel blog,2026-09-27,Paid outreach,outreach_ready,Independent stay article with a contact route. Suggested insertion: “8 Romantic Getaways in Arkansas That Will Sweep You Off Your Feet”.,80,81,observed,8 Romantic Getaways in Arkansas That Will Sweep You Off Your Feet,"In “8 Romantic Getaways in Arkansas That Will Sweep You Off Your Feet”, HHT’s Arkansas guide would add a list of hotels that marks private hot tubs separately from shared facilities.",https://thehappinessfxn.com/contact-us/,https://hotelhottubs.com/arkansas,topic 32/35; insertion 25/25; credibility 15/25 (firsthand; no author byline); ranking 8/15; contact 30/30; openness 12/25; conflict 25/25; price plausibility 14/20 inferred for an independent site; no published rate and no claim that they accept $50–100,"Independent publisher with an overnight-travel article. Affiliate links, when present, do not make this a booking marketplace."
romantic getaways in kentucky,720,14,weekend getaways in kentucky trips you will never forget,https://www.roadiscalling.com/weekend-getaways-in-kentucky-trips-you-will-never-forget/,roadiscalling.com,40,73.9,Kentucky,Travel blog,2026-09-11,Paid outreach,outreach_ready,Independent stay article with a contact route. Suggested insertion: “9 Incredible Weekend Getaways in Kentucky”.,65,81,inferred,9 Incredible Weekend Getaways in Kentucky,"In “9 Incredible Weekend Getaways in Kentucky”, HHT’s Kentucky guide would add a list of hotels that marks private hot tubs separately from shared facilities.",https://www.roadiscalling.com/contact-us/,https://hotelhottubs.com/kentucky,topic 32/35; insertion 25/25; credibility 0/25 (no firsthand; no author byline); ranking 8/15; contact 30/30; openness 12/25; conflict 25/25; price plausibility 14/20 inferred for an independent site; no published rate and no claim that they accept $50–100,"Stay roundup with a contact or about link. Classified as an independent publisher from the page, not from the domain name."
romantic getaways near Charlotte,,14,romantic things to do in charlotte nc for couples,https://www.inspiredbackpacker.com/romantic-things-to-do-in-charlotte-nc-for-couples/,inspiredbackpacker.com,,63.3,National,Travel blog,2026-09-27,Paid outreach,outreach_ready,Independent stay article with a contact route. Suggested insertion: “body mention of where to stay”.,51,81,observed,body mention of where to stay,"In “body mention of where to stay”, HHT’s this destination guide would add a list of hotels that marks private hot tubs separately from shared facilities.",https://www.inspiredbackpacker.com/contact/,https://hotelhottubs.com/editors-choice,topic 22/35; insertion 25/25; credibility 0/25 (no firsthand; no author byline); ranking 4/15; contact 30/30; openness 12/25; conflict 25/25; price plausibility 14/20 inferred for an independent site; no published rate and no claim that they accept $50–100,"Independent publisher with an overnight-travel article. Affiliate links, when present, do not make this a booking marketplace."
romantic getaways in kansas,260,14,romantic getaways in kansas,https://honeymoonbackpackers.com/romantic-getaways-in-kansas/,honeymoonbackpackers.com,,60.0,Kansas,Wedding / honeymoon,2026-09-27,Paid outreach,outreach_ready,Independent stay article with a contact route. Suggested insertion: “Romantic Getaways in Kansas”.,65,81,inferred,Romantic Getaways in Kansas,"In “Romantic Getaways in Kansas”, HHT’s Kansas guide would add a list of hotels that marks private hot tubs separately from shared facilities.",https://www.getyourguide.com/kauai-l659/sightseeing-flight-over-kauai-t15685/?partner_id=1CF16XR&amp;utm_medium=online_publisher&amp;placement=content-middle&amp;cmp=Hawaii,https://hotelhottubs.com/kansas,topic 32/35; insertion 25/25; credibility 0/25 (no firsthand; no author byline); ranking 8/15; contact 30/30; openness 12/25; conflict 25/25; price plausibility 14/20 inferred for an independent site; no published rate and no claim that they accept $50–100,"Stay roundup with a contact or about link. Classified as an independent publisher from the page, not from the domain name."
romantic getaways near Washington DC,,15,romantic getaways an easy drive from dc,https://washingtonian.com/2026/02/04/romantic-getaways-an-easy-drive-from-dc/,washingtonian.com,,68.3,National,Travel blog,2026-09-27,Paid outreach,outreach_ready,Independent stay article with a contact route. Suggested insertion: “5 Romantic Getaways an Easy Drive From DC”.,72,81,observed,5 Romantic Getaways an Easy Drive From DC,"In “5 Romantic Getaways an Easy Drive From DC”, HHT’s this destination guide would add a list of hotels that marks private hot tubs separately from shared facilities.",https://washingtonian.com/advertise-with-washingtonian/,https://hotelhottubs.com/editors-choice,topic 22/35; insertion 25/25; credibility 10/25 (no firsthand; author); ranking 15/15; contact 30/30; openness 12/25; conflict 25/25; price plausibility 14/20 inferred for an independent site; no published rate and no claim that they accept $50–100,"Independent publisher with an overnight-travel article. Affiliate links, when present, do not make this a booking marketplace."
romantic getaways in tennessee,880,16,best romantic getaways in tennessee,https://blueridgemountainstravelguide.com/best-romantic-getaways-in-tennessee/,blueridgemountainstravelguide.com,,73.1,Tennessee,Travel blog,2026-09-27,Paid outreach,outreach_ready,Independent stay article with a contact route. Suggested insertion: “The 10 Best Romantic Getaways in Tennessee”.,65,81,observed,The 10 Best Romantic Getaways in Tennessee,"In “The 10 Best Romantic Getaways in Tennessee”, HHT’s Tennessee guide would add a list of hotels that marks private hot tubs separately from shared facilities.",https://blueridgemountainstravelguide.com/partnerships-sponsorships/,https://hotelhottubs.com/tennessee,topic 32/35; insertion 25/25; credibility 0/25 (no firsthand; no author byline); ranking 8/15; contact 30/30; openness 12/25; conflict 25/25; price plausibility 14/20 inferred for an independent site; no published rate and no claim that they accept $50–100,"Independent publisher with an overnight-travel article. Affiliate links, when present, do not make this a booking marketplace."
romantic getaways in new jersey,1000,16,romantic getaways in nj,https://www.getawaymavens.com/romantic-getaways-in-nj/,getawaymavens.com,30,70.3,New Jersey,Travel blog,2026-09-11,Paid outreach,outreach_ready,Independent stay article with a contact route. Suggested insertion: “16 Surprisingly Romantic Getaways In New Jersey”.,65,81,inferred,16 Surprisingly Romantic Getaways In New Jersey,"In “16 Surprisingly Romantic Getaways In New Jersey”, HHT’s New Jersey guide would add a list of hotels that marks private hot tubs separately from shared facilities.",https://www.getawaymavens.com/work-with-us/,https://hotelhottubs.com/new-jersey,topic 32/35; insertion 25/25; credibility 0/25 (no firsthand; no author byline); ranking 8/15; contact 30/30; openness 12/25; conflict 25/25; price plausibility 14/20 inferred for an independent site; no published rate and no claim that they accept $50–100,"Stay roundup with a contact or about link. Classified as an independent publisher from the page, not from the domain name."
romantic getaways in south dakota,70,16,romantic getaways in south dakota,https://www.craftymotherfather.com/romantic-getaways-in-south-dakota/,craftymotherfather.com,,70.2,South Dakota,Travel blog,2026-09-27,Paid outreach,outreach_ready,Independent stay article with a contact route. Suggested insertion: “30+ Romantic Getaways In South Dakota”.,65,81,observed,30+ Romantic Getaways In South Dakota,"In “30+ Romantic Getaways In South Dakota”, HHT’s South Dakota guide would add a list of hotels that marks private hot tubs separately from shared facilities.",https://www.craftymotherfather.com/contact-us/,https://hotelhottubs.com/south-dakota,topic 32/35; insertion 25/25; credibility 0/25 (no firsthand; no author byline); ranking 8/15; contact 30/30; openness 12/25; conflict 25/25; price plausibility 14/20 inferred for an independent site; no published rate and no claim that they accept $50–100,"Independent publisher with an overnight-travel article. Affiliate links, when present, do not make this a booking marketplace."
romantic getaways near San Diego,,16,romantic getaways from san diego,https://cheerfultrails.com/romantic-getaways-from-san-diego/,cheerfultrails.com,,64.2,National,Travel blog,2026-09-27,Paid outreach,outreach_ready,Independent stay article with a contact route. Suggested insertion: “7 Easily Driveable Romantic Getaways from San Diego”.,51,81,observed,7 Easily Driveable Romantic Getaways from San Diego,"In “7 Easily Driveable Romantic Getaways from San Diego”, HHT’s this destination guide would add a list of hotels that marks private hot tubs separately from shared facilities.",https://cheerfultrails.com/contact/,https://hotelhottubs.com/editors-choice,topic 22/35; insertion 25/25; credibility 0/25 (no firsthand; no author byline); ranking 4/15; contact 30/30; openness 12/25; conflict 25/25; price plausibility 14/20 inferred for an independent site; no published rate and no claim that they accept $50–100,"Independent publisher with an overnight-travel article. Affiliate links, when present, do not make this a booking marketplace."
couples getaways in north carolina,480,17,weekend getaways in north carolina,https://www.nctripping.com/weekend-getaways-in-north-carolina/,nctripping.com,37,75.4,North Carolina,Travel blog,2026-09-11,Paid outreach,outreach_ready,"Independent stay article with a contact route. Suggested insertion: “25 Wonderful Weekend Getaways in North Carolina (For Families, Couples, or Just Yourself!)”.",80,81,observed,"25 Wonderful Weekend Getaways in North Carolina (For Families, Couples, or Just Yourself!)","In “25 Wonderful Weekend Getaways in North Carolina (For Families, Couples, or Just Yourself!)”, HHT’s North Carolina guide would add a list of hotels that marks private hot tubs separately from shared facilities.",https://www.nctripping.com/contact/,https://hotelhottubs.com/north-carolina,topic 32/35; insertion 25/25; credibility 15/25 (firsthand; no author byline); ranking 8/15; contact 30/30; openness 12/25; conflict 25/25; price plausibility 14/20 inferred for an independent site; no published rate and no claim that they accept $50–100,"Independent publisher with an overnight-travel article. Affiliate links, when present, do not make this a booking marketplace."
romantic getaways in tennessee,880,17,best romantic getaways in tennessee,https://southerntrippers.com/best-romantic-getaways-in-tennessee/,southerntrippers.com,,72.5,Tennessee,Travel blog,2026-09-27,Paid outreach,outreach_ready,Independent stay article with a contact route. Suggested insertion: “15 Best Romantic Getaways In Tennessee You Must Try”.,65,81,inferred,15 Best Romantic Getaways In Tennessee You Must Try,"In “15 Best Romantic Getaways In Tennessee You Must Try”, HHT’s Tennessee guide would add a list of hotels that marks private hot tubs separately from shared facilities.",https://southerntrippers.com/contact-us/,https://hotelhottubs.com/tennessee,topic 32/35; insertion 25/25; credibility 0/25 (no firsthand; no author byline); ranking 8/15; contact 30/30; openness 12/25; conflict 25/25; price plausibility 14/20 inferred for an independent site; no published rate and no claim that they accept $50–100,"Stay roundup with a contact or about link. Classified as an independent publisher from the page, not from the domain name."
romantic getaways in arkansas,880,17,romantic getaways in arkansas,https://www.allaboutglamping.com/romantic-getaways-in-arkansas/,allaboutglamping.com,17,72.3,Arkansas,Travel blog,2026-09-11,Paid outreach,outreach_ready,Independent stay article with a contact route. Suggested insertion: “Romantic Getaways in Arkansas to Keep the Love Fresh”.,65,81,inferred,Romantic Getaways in Arkansas to Keep the Love Fresh,"In “Romantic Getaways in Arkansas to Keep the Love Fresh”, HHT’s Arkansas guide would add a list of hotels that marks private hot tubs separately from shared facilities.",https://www.allaboutglamping.com/contact-us/,https://hotelhottubs.com/arkansas,topic 32/35; insertion 25/25; credibility 0/25 (no firsthand; no author byline); ranking 8/15; contact 30/30; openness 12/25; conflict 25/25; price plausibility 14/20 inferred for an independent site; no published rate and no claim that they accept $50–100,"Stay roundup with a contact or about link. Classified as an independent publisher from the page, not from the domain name."
romantic getaways near Chicago,,17,romantic cabin getaways near chicago,https://travelsandtreasures.com/romantic-cabin-getaways-near-chicago/,travelsandtreasures.com,,59.3,National,Travel blog,2026-09-27,Paid outreach,outreach_ready,Independent stay article with a contact route. Suggested insertion: “5 Dreamy Romantic Cabin Getaways Near Chicago”.,66,81,observed,5 Dreamy Romantic Cabin Getaways Near Chicago,"In “5 Dreamy Romantic Cabin Getaways Near Chicago”, HHT’s this destination guide would add a list of hotels that marks private hot tubs separately from shared facilities.",https://travelsandtreasures.com/contact/,https://hotelhottubs.com/editors-choice,topic 22/35; insertion 25/25; credibility 15/25 (firsthand; no author byline); ranking 4/15; contact 30/30; openness 12/25; conflict 25/25; price plausibility 14/20 inferred for an independent site; no published rate and no claim that they accept $50–100,"Independent publisher with an overnight-travel article. Affiliate links, when present, do not make this a booking marketplace."
romantic resorts in kentucky,720,18,weekend getaways in kentucky trips you will never forget,https://www.roadiscalling.com/weekend-getaways-in-kentucky-trips-you-will-never-forget/,roadiscalling.com,40,73.9,Kentucky,Travel blog,2026-09-11,Paid outreach,outreach_ready,Independent stay article with a contact route. Suggested insertion: “9 Incredible Weekend Getaways in Kentucky”.,65,81,inferred,9 Incredible Weekend Getaways in Kentucky,"In “9 Incredible Weekend Getaways in Kentucky”, HHT’s Kentucky guide would add a list of hotels that marks private hot tubs separately from shared facilities.",https://www.roadiscalling.com/contact-us/,https://hotelhottubs.com/kentucky,topic 32/35; insertion 25/25; credibility 0/25 (no firsthand; no author byline); ranking 8/15; contact 30/30; openness 12/25; conflict 25/25; price plausibility 14/20 inferred for an independent site; no published rate and no claim that they accept $50–100,"Stay roundup with a contact or about link. Classified as an independent publisher from the page, not from the domain name."
romantic getaways in virginia,880,18,30 surprisingly romantic getaways in maryland dc and virginia,https://www.getawaymavens.com/30-surprisingly-romantic-getaways-in-maryland-dc-and-virginia/,getawaymavens.com,30,73.4,Virginia,Travel blog,2026-09-27,Paid outreach,outreach_ready,"Independent stay article with a contact route. Suggested insertion: “37 Surprisingly Romantic Getaways in Maryland, DC, and Virginia”.",65,81,inferred,"37 Surprisingly Romantic Getaways in Maryland, DC, and Virginia","In “37 Surprisingly Romantic Getaways in Maryland, DC, and Virginia”, HHT’s Virginia guide would add a list of hotels that marks private hot tubs separately from shared facilities.",https://www.getawaymavens.com/work-with-us/,https://hotelhottubs.com/virginia,topic 32/35; insertion 25/25; credibility 0/25 (no firsthand; no author byline); ranking 8/15; contact 30/30; openness 12/25; conflict 25/25; price plausibility 14/20 inferred for an independent site; no published rate and no claim that they accept $50–100,"Stay roundup with a contact or about link. Classified as an independent publisher from the page, not from the domain name."
romantic getaways in nebraska,140,18,things to do in nebraska city,https://parttimetourists.com/things-to-do-in-nebraska-city/,parttimetourists.com,,70.3,Nebraska,Travel blog,2026-09-27,Paid outreach,outreach_ready,Independent stay article with a contact route. Suggested insertion: “Hotels in Nebraska City”.,65,81,inferred,Hotels in Nebraska City,"In “Hotels in Nebraska City”, HHT’s Nebraska guide would add a list of hotels that marks private hot tubs separately from shared facilities.",https://parttimetourists.com/work-with-us,https://hotelhottubs.com/nebraska,topic 32/35; insertion 25/25; credibility 0/25 (no firsthand; no author byline); ranking 8/15; contact 30/30; openness 12/25; conflict 25/25; price plausibility 14/20 inferred for an independent site; no published rate and no claim that they accept $50–100,"Stay roundup with a contact or about link. Classified as an independent publisher from the page, not from the domain name."
romantic getaways near Houston,,18,romantic getaways in houston,https://www.usacoupletravel.com/romantic-getaways-in-houston/,usacoupletravel.com,,62.3,National,Travel blog,2026-09-27,Paid outreach,outreach_ready,Independent stay article with a contact route. Suggested insertion: “17 Romantic Getaways in Houston (And Nearby!)”.,51,81,observed,17 Romantic Getaways in Houston (And Nearby!),"In “17 Romantic Getaways in Houston (And Nearby!)”, HHT’s this destination guide would add a list of hotels that marks private hot tubs separately from shared facilities.",https://www.usacoupletravel.com/contact/,https://hotelhottubs.com/editors-choice,topic 22/35; insertion 25/25; credibility 0/25 (no firsthand; no author byline); ranking 4/15; contact 30/30; openness 12/25; conflict 25/25; price plausibility 14/20 inferred for an independent site; no published rate and no claim that they accept $50–100,"Independent publisher with an overnight-travel article. Affiliate links, when present, do not make this a booking marketplace."
romantic getaways in tennessee,880,19,romantic getaways in tn,https://365atlantatraveler.com/romantic-getaways-in-tn/,365atlantatraveler.com,,71.4,Tennessee,Travel blog,2026-09-27,Paid outreach,outreach_ready,Independent stay article with a contact route. Suggested insertion: “9+ Amazing Romantic Getaways in TN Couples Will Love”.,65,81,inferred,9+ Amazing Romantic Getaways in TN Couples Will Love,"In “9+ Amazing Romantic Getaways in TN Couples Will Love”, HHT’s Tennessee guide would add a list of hotels that marks private hot tubs separately from shared facilities.",https://365atlantatraveler.com/delta-braves-partnership/,https://hotelhottubs.com/tennessee,topic 32/35; insertion 25/25; credibility 0/25 (no firsthand; no author byline); ranking 8/15; contact 30/30; openness 12/25; conflict 25/25; price plausibility 14/20 inferred for an independent site; no published rate and no claim that they accept $50–100,"Stay roundup with a contact or about link. Classified as an independent publisher from the page, not from the domain name."
romantic getaways in Door County,,19,why door county wi is the perfect romantic escape,https://lafamilytravel.com/why-door-county-wi-is-the-perfect-romantic-escape/,lafamilytravel.com,,61.6,National,Travel blog,2026-09-27,Paid outreach,outreach_ready,Independent stay article with a contact route. Suggested insertion: “Where to Stay”.,66,81,inferred,Where to Stay,"In “Where to Stay”, HHT’s this destination guide would add a list of hotels that marks private hot tubs separately from shared facilities.",https://partner.shareaholic.com/,https://hotelhottubs.com/editors-choice,topic 22/35; insertion 25/25; credibility 15/25 (firsthand; no author byline); ranking 4/15; contact 30/30; openness 12/25; conflict 25/25; price plausibility 14/20 inferred for an independent site; no published rate and no claim that they accept $50–100,"Stay roundup with a contact or about link. Classified as an independent publisher from the page, not from the domain name."
best romantic getaways in the us,,19,romantic getaways in the us,https://planreadygo.com/romantic-getaways-in-the-us/,planreadygo.com,,59.6,National,Travel blog,2026-09-27,Paid outreach,outreach_ready,Independent stay article with a contact route. Suggested insertion: “5 Romantic Getaways in the U.S. (in Picturesque Settings)”.,51,81,observed,5 Romantic Getaways in the U.S. (in Picturesque Settings),"In “5 Romantic Getaways in the U.S. (in Picturesque Settings)”, HHT’s this destination guide would add a list of hotels that marks private hot tubs separately from shared facilities.",https://planreadygo.com/contact-form/,https://hotelhottubs.com/editors-choice,topic 22/35; insertion 25/25; credibility 0/25 (no firsthand; no author byline); ranking 4/15; contact 30/30; openness 12/25; conflict 25/25; price plausibility 14/20 inferred for an independent site; no published rate and no claim that they accept $50–100,"Independent publisher with an overnight-travel article. Affiliate links, when present, do not make this a booking marketplace."
romantic getaways near Seattle,,16,best romantic weekend getaways from seattle,https://www.marcieinmommyland.com/best-romantic-weekend-getaways-from-seattle/,marcieinmommyland.com,,61.6,National,Travel blog,2026-09-27,Paid outreach,outreach_ready,Independent stay article with a contact route. Suggested insertion: “Romantic Weekend Getaways from Seattle You Need to Book ASAP”.,76,77,observed,Romantic Weekend Getaways from Seattle You Need to Book ASAP,"In “Romantic Weekend Getaways from Seattle You Need to Book ASAP”, HHT’s this destination guide would add a list of hotels that marks private hot tubs separately from shared facilities.",https://www.marcieinmommyland.com/work-with-me/,https://hotelhottubs.com/editors-choice,topic 22/35; insertion 25/25; credibility 25/25 (firsthand; author); ranking 4/15; contact 30/30; openness 25/25; conflict 8/25; price plausibility 14/20 inferred for an independent site; no published rate and no claim that they accept $50–100,"Independent publisher with an overnight-travel article. Affiliate links, when present, do not make this a booking marketplace."
romantic getaways in northern California,,1,northern california weekend getaways summer,https://wheresjessieb.com/blog/northern-california-weekend-getaways-summer,wheresjessieb.com,30,83.0,National,Travel blog,2026-09-11,Paid outreach,outreach_ready,Independent stay article with a contact route. Suggested insertion: “Where to stay in Guerneville”.,82,69,observed,Where to stay in Guerneville,"In “Where to stay in Guerneville”, HHT’s California guide would add a list of hotels that marks private hot tubs separately from shared facilities.",https://booking.tp.st/sA8plzfG?journey_id=HDLzK1UyVf6WNDIihnI85&amp;trace_id=Zzc9345cc69c9742ba86af77c-540524&amp;promo_kind=tp_short&amp;page_url=https%3A%2F%2Fjessie-beck-fkrk.squarespace.com%2Fblog%2Fhow-to-spend-a-weekend-in-paso-robles-california&amp;trs=314976&amp;product_type=tp_manual&amp;install_type=partner,https://hotelhottubs.com/california,topic 32/35; insertion 25/25; credibility 10/25 (no firsthand; author); ranking 15/15; contact 30/30; sponsorship unknown; conflict 25/25; price plausibility 14/20 inferred for an independent site; no published rate and no claim that they accept $50–100,"Independent publisher with an overnight-travel article. Affiliate links, when present, do not make this a booking marketplace."
weekend getaways in california,2400,1,northern california weekend getaways summer,https://wheresjessieb.com/blog/northern-california-weekend-getaways-summer,wheresjessieb.com,30,83.0,California,Travel blog,2026-09-11,Paid outreach,outreach_ready,Independent stay article with a contact route. Suggested insertion: “Where to stay in Guerneville”.,82,69,observed,Where to stay in Guerneville,"In “Where to stay in Guerneville”, HHT’s California guide would add a list of hotels that marks private hot tubs separately from shared facilities.",https://booking.tp.st/sA8plzfG?journey_id=HDLzK1UyVf6WNDIihnI85&amp;trace_id=Zzc9345cc69c9742ba86af77c-540524&amp;promo_kind=tp_short&amp;page_url=https%3A%2F%2Fjessie-beck-fkrk.squarespace.com%2Fblog%2Fhow-to-spend-a-weekend-in-paso-robles-california&amp;trs=314976&amp;product_type=tp_manual&amp;install_type=partner,https://hotelhottubs.com/california,topic 32/35; insertion 25/25; credibility 10/25 (no firsthand; author); ranking 15/15; contact 30/30; sponsorship unknown; conflict 25/25; price plausibility 14/20 inferred for an independent site; no published rate and no claim that they accept $50–100,"Independent publisher with an overnight-travel article. Affiliate links, when present, do not make this a booking marketplace."
romantic getaways in utah,480,1,couples getaways in utah,https://www.utahsadventurefamily.com/couples-getaways-in-utah/,utahsadventurefamily.com,45,82.6,Utah,Travel blog,2026-09-11,Paid outreach,outreach_ready,Independent stay article with a contact route. Suggested insertion: “Couples Getaways in Utah”.,97,69,observed,Couples Getaways in Utah,"In “Couples Getaways in Utah”, HHT’s Utah guide would add a list of hotels that marks private hot tubs separately from shared facilities.",https://www.utahsadventurefamily.com/contact,https://hotelhottubs.com/utah/salt-lake-city,topic 32/35; insertion 25/25; credibility 25/25 (firsthand; author); ranking 15/15; contact 30/30; sponsorship unknown; conflict 25/25; price plausibility 14/20 inferred for an independent site; no published rate and no claim that they accept $50–100,"Independent publisher with an overnight-travel article. Affiliate links, when present, do not make this a booking marketplace."
romantic resorts in utah,480,1,couples getaways in utah,https://www.utahsadventurefamily.com/couples-getaways-in-utah/,utahsadventurefamily.com,45,82.6,Utah,Travel blog,2026-09-11,Paid outreach,outreach_ready,Independent stay article with a contact route. Suggested insertion: “Couples Getaways in Utah”.,97,69,observed,Couples Getaways in Utah,"In “Couples Getaways in Utah”, HHT’s Utah guide would add a list of hotels that marks private hot tubs separately from shared facilities.",https://www.utahsadventurefamily.com/contact,https://hotelhottubs.com/utah/salt-lake-city,topic 32/35; insertion 25/25; credibility 25/25 (firsthand; author); ranking 15/15; contact 30/30; sponsorship unknown; conflict 25/25; price plausibility 14/20 inferred for an independent site; no published rate and no claim that they accept $50–100,"Independent publisher with an overnight-travel article. Affiliate links, when present, do not make this a booking marketplace."
romantic getaways in new york state,70,1,653abd158c99a714d7138bd8,https://www.iloveny.com/blog/category/romantic-getaways/653abd158c99a714d7138bd8/,iloveny.com,,78.1,New York,Travel blog,2026-09-27,Paid outreach,outreach_ready,Independent stay article with a contact route. Suggested insertion: “Category - Romantic Getaways”.,62,69,inferred,Category - Romantic Getaways,"In “Category - Romantic Getaways”, HHT’s this destination guide would add a list of hotels that marks private hot tubs separately from shared facilities.",https://www.iloveny.com/travel-tools/contact-us/,https://hotelhottubs.com/new-york,topic 22/35; insertion 25/25; credibility 0/25 (no firsthand; no author byline); ranking 15/15; contact 30/30; sponsorship unknown; conflict 25/25; price plausibility 14/20 inferred for an independent site; no published rate and no claim that they accept $50–100,"Stay roundup with a contact or about link. Classified as an independent publisher from the page, not from the domain name."
romantic getaways near San Diego,,1,romantic cabin getaways san diego california,https://glampinghub.com/rentalsearch/romantic-cabin-getaways-san-diego-california/,glampinghub.com,38,72.7,National,Travel blog,2026-09-27,Paid outreach,outreach_ready,Independent stay article with a contact route. Suggested insertion: “Romantic Cabin Getaways from San Diego”.,62,69,observed,Romantic Cabin Getaways from San Diego,"In “Romantic Cabin Getaways from San Diego”, HHT’s this destination guide would add a list of hotels that marks private hot tubs separately from shared facilities.",https://glampinghub.com/work-with-us,https://hotelhottubs.com/editors-choice,topic 22/35; insertion 25/25; credibility 0/25 (no firsthand; no author byline); ranking 15/15; contact 30/30; sponsorship unknown; conflict 25/25; price plausibility 14/20 inferred for an independent site; no published rate and no claim that they accept $50–100,"Independent publisher with an overnight-travel article. Affiliate links, when present, do not make this a booking marketplace."
romantic hotels in Cape Cod,,1,your dream honeymoon in cape cod,https://www.chathaminn.com/blog/your-dream-honeymoon-in-cape-cod/,chathaminn.com,,71.2,National,Travel blog,2026-09-27,Paid outreach,outreach_ready,Independent stay article with a contact route. Suggested insertion: “A World of Experiences from Noble House Hotels & Resorts”.,62,69,inferred,A World of Experiences from Noble House Hotels & Resorts,"In “A World of Experiences from Noble House Hotels & Resorts”, HHT’s this destination guide would add a list of hotels that marks private hot tubs separately from shared facilities.",https://www.chathaminn.com/contact/,https://hotelhottubs.com/editors-choice,topic 22/35; insertion 25/25; credibility 0/25 (no firsthand; no author byline); ranking 15/15; contact 30/30; sponsorship unknown; conflict 25/25; price plausibility 14/20 inferred for an independent site; no published rate and no claim that they accept $50–100,"Stay roundup with a contact or about link. Classified as an independent publisher from the page, not from the domain name."
romantic getaways in Cape Cod,,1,your dream honeymoon in cape cod,https://www.chathaminn.com/blog/your-dream-honeymoon-in-cape-cod/,chathaminn.com,,71.2,National,Travel blog,2026-09-27,Paid outreach,outreach_ready,Independent stay article with a contact route. Suggested insertion: “A World of Experiences from Noble House Hotels & Resorts”.,62,69,inferred,A World of Experiences from Noble House Hotels & Resorts,"In “A World of Experiences from Noble House Hotels & Resorts”, HHT’s this destination guide would add a list of hotels that marks private hot tubs separately from shared facilities.",https://www.chathaminn.com/contact/,https://hotelhottubs.com/editors-choice,topic 22/35; insertion 25/25; credibility 0/25 (no firsthand; no author byline); ranking 15/15; contact 30/30; sponsorship unknown; conflict 25/25; price plausibility 14/20 inferred for an independent site; no published rate and no claim that they accept $50–100,"Stay roundup with a contact or about link. Classified as an independent publisher from the page, not from the domain name."
weekend getaways in alabama,480,1,rustic romantic getaways in north alabama,https://www.northalabama.org/blog/post/rustic-romantic-getaways-in-north-alabama/,northalabama.org,,69.9,Alabama,Tourism,2026-09-27,Paid outreach,outreach_ready,Independent stay article with a contact route. Suggested insertion: “Rustic Romantic Getaways in North Alabama”.,72,69,inferred,Rustic Romantic Getaways in North Alabama,"In “Rustic Romantic Getaways in North Alabama”, HHT’s Alabama guide would add a list of hotels that marks private hot tubs separately from shared facilities.",https://www.northalabama.org/contact-us/,https://hotelhottubs.com/alabama,topic 32/35; insertion 25/25; credibility 0/25 (no firsthand; no author byline); ranking 15/15; contact 30/30; sponsorship unknown; conflict 25/25; price plausibility 14/20 inferred for an independent site; no published rate and no claim that they accept $50–100,"Stay roundup with a contact or about link. Classified as an independent publisher from the page, not from the domain name."
best spa weekend getaways,,1,best spa weekend getaways from nyc,https://thespaatnorwichinn.com/best-spa-weekend-getaways-from-nyc/,thespaatnorwichinn.com,,69.1,National,Travel blog,2026-09-27,Paid outreach,outreach_ready,Independent stay article with a contact route. Suggested insertion: “Best Spa Weekend Getaways from NYC”.,62,69,inferred,Best Spa Weekend Getaways from NYC,"In “Best Spa Weekend Getaways from NYC”, HHT’s this destination guide would add a list of hotels that marks private hot tubs separately from shared facilities.",https://thespaatnorwichinn.com/contact/,https://hotelhottubs.com/editors-choice,topic 22/35; insertion 25/25; credibility 0/25 (no firsthand; no author byline); ranking 15/15; contact 30/30; sponsorship unknown; conflict 25/25; price plausibility 14/20 inferred for an independent site; no published rate and no claim that they accept $50–100,"Stay roundup with a contact or about link. Classified as an independent publisher from the page, not from the domain name."
romantic hotels in Newport RI,,1,newport rhode island romantic getaway,https://yourtimetofly.com/newport-rhode-island-romantic-getaway/,yourtimetofly.com,32,68.3,National,Travel blog,2026-09-27,Paid outreach,outreach_ready,Independent stay article with a contact route. Suggested insertion: “Romantic Hotels in Newport”.,58,69,inferred,Romantic Hotels in Newport,"In “Romantic Hotels in Newport”, HHT’s this destination guide would add a list of hotels that marks private hot tubs separately from shared facilities.",https://yourtimetofly.com/about/,https://hotelhottubs.com/editors-choice,topic 22/35; insertion 25/25; credibility 0/25 (no firsthand; no author byline); ranking 11/15; contact 18/30; openness 12/25; conflict 25/25; price plausibility 14/20 inferred for an independent site; no published rate and no claim that they accept $50–100,"Stay roundup with a contact or about link. Classified as an independent publisher from the page, not from the domain name."
romantic getaways in alabama,590,2,romantic getaways in alabama why couples love soggy bottom lodge,https://soggybottomlodge.com/blogs/news/romantic-getaways-in-alabama-why-couples-love-soggy-bottom-lodge,soggybottomlodge.com,,80.4,Alabama,Travel blog,2026-09-27,Paid outreach,outreach_ready,Independent stay article with a contact route. Suggested insertion: “Romantic Getaways in Alabama: Why Couples Love Soggy Bottom Lodge”.,72,69,inferred,Romantic Getaways in Alabama: Why Couples Love Soggy Bottom Lodge,"In “Romantic Getaways in Alabama: Why Couples Love Soggy Bottom Lodge”, HHT’s Alabama guide would add a list of hotels that marks private hot tubs separately from shared facilities.",https://soggybottomlodge.com/pages/contact,https://hotelhottubs.com/alabama,topic 32/35; insertion 25/25; credibility 0/25 (no firsthand; no author byline); ranking 15/15; contact 30/30; sponsorship unknown; conflict 25/25; price plausibility 14/20 inferred for an independent site; no published rate and no claim that they accept $50–100,"Stay roundup with a contact or about link. Classified as an independent publisher from the page, not from the domain name."
romantic getaways in the Poconos,,2,escape to skytop lodge the ultimate poconos resort for couples,https://www.skytop.com/news/escape-to-skytop-lodge-the-ultimate-poconos-resort-for-couples/,skytop.com,,68.9,National,Travel blog,2026-09-27,Paid outreach,outreach_ready,Independent stay article with a contact route. Suggested insertion: “Weekend Getaways and Beyond”.,62,69,inferred,Weekend Getaways and Beyond,"In “Weekend Getaways and Beyond”, HHT’s this destination guide would add a list of hotels that marks private hot tubs separately from shared facilities.",https://www.skytop.com/contact-skytop/,https://hotelhottubs.com/editors-choice,topic 22/35; insertion 25/25; credibility 0/25 (no firsthand; no author byline); ranking 15/15; contact 30/30; sponsorship unknown; conflict 25/25; price plausibility 14/20 inferred for an independent site; no published rate and no claim that they accept $50–100,"Stay roundup with a contact or about link. Classified as an independent publisher from the page, not from the domain name."
romantic getaways in arkansas,880,3,honeymoon cabins hot tubs arkansas,https://glampinghub.com/rentalsearch/honeymoon-cabins-hot-tubs-arkansas/,glampinghub.com,38,80.2,Arkansas,Travel blog,2026-09-11,Paid outreach,outreach_ready,"Independent stay article with a contact route. Suggested insertion: “Honeymoon cabins in Arkansas with private hot tubs! Book your romantic getaways, Arkansas style today!”.",72,69,observed,"Honeymoon cabins in Arkansas with private hot tubs! Book your romantic getaways, Arkansas style today!","In “Honeymoon cabins in Arkansas with private hot tubs! Book your romantic getaways, Arkansas style today!”, HHT’s Arkansas guide would add a list of hotels that marks private hot tubs separately from shared facilities.",https://glampinghub.com/work-with-us,https://hotelhottubs.com/arkansas,topic 32/35; insertion 25/25; credibility 0/25 (no firsthand; no author byline); ranking 15/15; contact 30/30; sponsorship unknown; conflict 25/25; price plausibility 14/20 inferred for an independent site; no published rate and no claim that they accept $50–100,"Independent publisher with an overnight-travel article. Affiliate links, when present, do not make this a booking marketplace."
romantic getaways in idaho,210,3,romantic idaho getaways for couples,https://smokejumperidaho.com/romantic-idaho-getaways-for-couples/,smokejumperidaho.com,,79.8,Idaho,Travel blog,2026-09-27,Paid outreach,outreach_ready,Independent stay article with a contact route. Suggested insertion: “Romantic Idaho Getaways for Couples”.,87,69,observed,Romantic Idaho Getaways for Couples,"In “Romantic Idaho Getaways for Couples”, HHT’s Idaho guide would add a list of hotels that marks private hot tubs separately from shared facilities.",https://smokejumperidaho.com/contact,https://hotelhottubs.com/idaho,topic 32/35; insertion 25/25; credibility 15/25 (firsthand; no author byline); ranking 15/15; contact 30/30; sponsorship unknown; conflict 25/25; price plausibility 14/20 inferred for an independent site; no published rate and no claim that they accept $50–100,"Independent publisher with an overnight-travel article. Affiliate links, when present, do not make this a booking marketplace."
romantic resorts in utah,480,3,romantic getaways in utah,https://www.visitutah.com/articles/romantic-getaways-in-utah,visitutah.com,55,70.5,Utah,Tourism,2026-09-11,Paid outreach,outreach_ready,Independent stay article with a contact route. Suggested insertion: “Romantic Getaways in Utah”.,82,69,observed,Romantic Getaways in Utah,"In “Romantic Getaways in Utah”, HHT’s Utah guide would add a list of hotels that marks private hot tubs separately from shared facilities.",https://www.visitutah.com/Contact,https://hotelhottubs.com/utah/salt-lake-city,topic 32/35; insertion 25/25; credibility 10/25 (no firsthand; author); ranking 15/15; contact 30/30; sponsorship unknown; conflict 25/25; price plausibility 14/20 inferred for an independent site; no published rate and no claim that they accept $50–100,"Independent publisher with an overnight-travel article. Affiliate links, when present, do not make this a booking marketplace."
romantic getaways in Massachusetts,,3,romantic getaways in massachusetts,https://yourtimetofly.com/romantic-getaways-in-massachusetts/,yourtimetofly.com,32,70.0,National,Travel blog,2026-09-27,Paid outreach,outreach_ready,Independent stay article with a contact route. Suggested insertion: “17 Cozy Romantic Getaways in Massachusetts for Couples”.,62,69,inferred,17 Cozy Romantic Getaways in Massachusetts for Couples,"In “17 Cozy Romantic Getaways in Massachusetts for Couples”, HHT’s this destination guide would add a list of hotels that marks private hot tubs separately from shared facilities.",https://yourtimetofly.com/about/,https://hotelhottubs.com/editors-choice,topic 22/35; insertion 25/25; credibility 0/25 (no firsthand; no author byline); ranking 15/15; contact 18/30; openness 12/25; conflict 25/25; price plausibility 14/20 inferred for an independent site; no published rate and no claim that they accept $50–100,"Stay roundup with a contact or about link. Classified as an independent publisher from the page, not from the domain name."
romantic getaways in New England,,3,romantic getaways in new england valentines day,https://shannonshipman.com/romantic-getaways-in-new-england-valentines-day/,shannonshipman.com,,69.5,National,Travel blog,2026-09-27,Paid outreach,outreach_ready,Independent stay article with a contact route. Suggested insertion: “5 Romantic Getaways in New England Perfect for Valentine&#8217;s Day”.,62,69,inferred,5 Romantic Getaways in New England Perfect for Valentine&#8217;s Day,"In “5 Romantic Getaways in New England Perfect for Valentine&#8217;s Day”, HHT’s this destination guide would add a list of hotels that marks private hot tubs separately from shared facilities.",https://shannonshipman.com/contact-sunny-coastlines-blog/,https://hotelhottubs.com/editors-choice,topic 22/35; insertion 25/25; credibility 0/25 (no firsthand; no author byline); ranking 15/15; contact 30/30; sponsorship unknown; conflict 25/25; price plausibility 14/20 inferred for an independent site; no published rate and no claim that they accept $50–100,"Stay roundup with a contact or about link. Classified as an independent publisher from the page, not from the domain name."
couples getaways in north carolina,480,4,romantic getaways north carolina,https://www.innerbanksinn.com/romantic-getaways-north-carolina,innerbanksinn.com,30,81.8,North Carolina,Travel blog,2026-09-11,Paid outreach,outreach_ready,Independent stay article with a contact route. Suggested insertion: “Romantic Getaways in North Carolina”.,72,69,inferred,Romantic Getaways in North Carolina,"In “Romantic Getaways in North Carolina”, HHT’s North Carolina guide would add a list of hotels that marks private hot tubs separately from shared facilities.",https://lp.constantcontactpages.com/sl/6T8gAjz/signup,https://hotelhottubs.com/north-carolina,topic 32/35; insertion 25/25; credibility 0/25 (no firsthand; no author byline); ranking 15/15; contact 30/30; sponsorship unknown; conflict 25/25; price plausibility 14/20 inferred for an independent site; no published rate and no claim that they accept $50–100,"Stay roundup with a contact or about link. Classified as an independent publisher from the page, not from the domain name."
weekend getaways in california,2400,4,12 weekend getaways from bay area,https://rosecampau.com/12-weekend-getaways-from-bay-area/,rosecampau.com,28,81.3,California,Travel blog,2026-09-11,Paid outreach,outreach_ready,Independent stay article with a contact route. Suggested insertion: “Weekend Getaways from the Bay Area: 12 Places Worth Packing an Overnight Bag For”.,72,69,inferred,Weekend Getaways from the Bay Area: 12 Places Worth Packing an Overnight Bag For,"In “Weekend Getaways from the Bay Area: 12 Places Worth Packing an Overnight Bag For”, HHT’s California guide would add a list of hotels that marks private hot tubs separately from shared facilities.",https://rosecampau.com/wp-content/plugins/contact-form-7/includes/css/styles.css?ver=6.1.7,https://hotelhottubs.com/california,topic 32/35; insertion 25/25; credibility 0/25 (no firsthand; no author byline); ranking 15/15; contact 30/30; sponsorship unknown; conflict 25/25; price plausibility 14/20 inferred for an independent site; no published rate and no claim that they accept $50–100,"Stay roundup with a contact or about link. Classified as an independent publisher from the page, not from the domain name."
weekend getaways in georgia,1000,4,weekend getaways near atlanta,https://www.simplyawesometrips.com/weekend-getaways-near-atlanta/,simplyawesometrips.com,34,79.8,Georgia,Travel blog,2026-09-11,Paid outreach,outreach_ready,Independent stay article with a contact route. Suggested insertion: “7 Weekend Getaways Within 4 hours of Atlanta”.,72,69,inferred,7 Weekend Getaways Within 4 hours of Atlanta,"In “7 Weekend Getaways Within 4 hours of Atlanta”, HHT’s Georgia guide would add a list of hotels that marks private hot tubs separately from shared facilities.",https://www.simplyawesometrips.com/contact-us/,https://hotelhottubs.com/georgia,topic 32/35; insertion 25/25; credibility 0/25 (no firsthand; no author byline); ranking 15/15; contact 30/30; sponsorship unknown; conflict 25/25; price plausibility 14/20 inferred for an independent site; no published rate and no claim that they accept $50–100,"Independent publisher with an overnight-travel article. Affiliate links, when present, do not make this a booking marketplace."
romantic getaways in utah,480,4,romantic getaways in utah,https://www.visitutah.com/articles/romantic-getaways-in-utah,visitutah.com,55,70.5,Utah,Tourism,2026-09-11,Paid outreach,outreach_ready,Independent stay article with a contact route. Suggested insertion: “Romantic Getaways in Utah”.,82,69,observed,Romantic Getaways in Utah,"In “Romantic Getaways in Utah”, HHT’s Utah guide would add a list of hotels that marks private hot tubs separately from shared facilities.",https://www.visitutah.com/Contact,https://hotelhottubs.com/utah/salt-lake-city,topic 32/35; insertion 25/25; credibility 10/25 (no firsthand; author); ranking 15/15; contact 30/30; sponsorship unknown; conflict 25/25; price plausibility 14/20 inferred for an independent site; no published rate and no claim that they accept $50–100,"Independent publisher with an overnight-travel article. Affiliate links, when present, do not make this a booking marketplace."
romantic getaways near Los Angeles,,4,romantic cabin getaways los angeles california,https://glampinghub.com/rentalsearch/romantic-cabin-getaways-los-angeles-california/,glampinghub.com,38,69.4,National,Travel blog,2026-09-27,Paid outreach,outreach_ready,Independent stay article with a contact route. Suggested insertion: “Romantic Cabin Getaways from Los Angeles”.,62,69,observed,Romantic Cabin Getaways from Los Angeles,"In “Romantic Cabin Getaways from Los Angeles”, HHT’s this destination guide would add a list of hotels that marks private hot tubs separately from shared facilities.",https://glampinghub.com/work-with-us,https://hotelhottubs.com/editors-choice,topic 22/35; insertion 25/25; credibility 0/25 (no firsthand; no author byline); ranking 15/15; contact 30/30; sponsorship unknown; conflict 25/25; price plausibility 14/20 inferred for an independent site; no published rate and no claim that they accept $50–100,"Independent publisher with an overnight-travel article. Affiliate links, when present, do not make this a booking marketplace."
romantic places to stay in Palm Springs,,4,fun and romantic date ideas in greater palm springs,https://www.visitgreaterpalmsprings.com/blog/post/fun-and-romantic-date-ideas-in-greater-palm-springs/,visitgreaterpalmsprings.com,,56.2,National,Tourism,2026-09-27,Paid outreach,outreach_ready,Independent stay article with a contact route. Suggested insertion: “Romantic Hotels in Greater Palm Springs&#xA0;”.,62,69,inferred,Romantic Hotels in Greater Palm Springs&#xA0;,"In “Romantic Hotels in Greater Palm Springs&#xA0;”, HHT’s this destination guide would add a list of hotels that marks private hot tubs separately from shared facilities.",https://www.visitgreaterpalmsprings.com/partnerportal/,https://hotelhottubs.com/editors-choice,topic 22/35; insertion 25/25; credibility 0/25 (no firsthand; no author byline); ranking 15/15; contact 30/30; sponsorship unknown; conflict 25/25; price plausibility 14/20 inferred for an independent site; no published rate and no claim that they accept $50–100,"Stay roundup with a contact or about link. Classified as an independent publisher from the page, not from the domain name."
romantic getaways in salt lake city,,5,couples getaways in utah,https://www.utahsadventurefamily.com/couples-getaways-in-utah/,utahsadventurefamily.com,45,82.6,Salt Lake City,Travel blog,2026-09-11,Paid outreach,outreach_ready,Independent stay article with a contact route. Suggested insertion: “Couples Getaways in Utah”.,97,69,observed,Couples Getaways in Utah,"In “Couples Getaways in Utah”, HHT’s Utah guide would add a list of hotels that marks private hot tubs separately from shared facilities.",https://www.utahsadventurefamily.com/contact,https://hotelhottubs.com/utah/salt-lake-city,topic 32/35; insertion 25/25; credibility 25/25 (firsthand; author); ranking 15/15; contact 30/30; sponsorship unknown; conflict 25/25; price plausibility 14/20 inferred for an independent site; no published rate and no claim that they accept $50–100,"Independent publisher with an overnight-travel article. Affiliate links, when present, do not make this a booking marketplace."
romantic getaways in north carolina,1900,5,romantic getaways north carolina,https://www.innerbanksinn.com/romantic-getaways-north-carolina,innerbanksinn.com,30,81.8,North Carolina,Travel blog,2026-09-11,Paid outreach,outreach_ready,Independent stay article with a contact route. Suggested insertion: “Romantic Getaways in North Carolina”.,72,69,inferred,Romantic Getaways in North Carolina,"In “Romantic Getaways in North Carolina”, HHT’s North Carolina guide would add a list of hotels that marks private hot tubs separately from shared facilities.",https://lp.constantcontactpages.com/sl/6T8gAjz/signup,https://hotelhottubs.com/north-carolina,topic 32/35; insertion 25/25; credibility 0/25 (no firsthand; no author byline); ranking 15/15; contact 30/30; sponsorship unknown; conflict 25/25; price plausibility 14/20 inferred for an independent site; no published rate and no claim that they accept $50–100,"Stay roundup with a contact or about link. Classified as an independent publisher from the page, not from the domain name."
weekend getaways in florida,3600,5,weekend getaways in florida with kids,https://treasurecoastmom.com/weekend-getaways-in-florida-with-kids/,treasurecoastmom.com,23,80.0,Florida,Travel blog,2026-09-11,Paid outreach,outreach_ready,Independent stay article with a contact route. Suggested insertion: “7 Weekend Getaways in Florida with Kids”.,87,69,observed,7 Weekend Getaways in Florida with Kids,"In “7 Weekend Getaways in Florida with Kids”, HHT’s Florida guide would add a list of hotels that marks private hot tubs separately from shared facilities.",https://treasurecoastmom.com/contact/,https://hotelhottubs.com/florida,topic 32/35; insertion 25/25; credibility 15/25 (firsthand; no author byline); ranking 15/15; contact 30/30; sponsorship unknown; conflict 25/25; price plausibility 14/20 inferred for an independent site; no published rate and no claim that they accept $50–100,"Independent publisher with an overnight-travel article. Affiliate links, when present, do not make this a booking marketplace."
romantic getaways in the Hudson Valley,,5,653abd158c99a714d7138bd8,https://www.iloveny.com/blog/category/romantic-getaways/653abd158c99a714d7138bd8/,iloveny.com,,78.1,National,Travel blog,2026-09-27,Paid outreach,outreach_ready,Independent stay article with a contact route. Suggested insertion: “Category - Romantic Getaways”.,62,69,inferred,Category - Romantic Getaways,"In “Category - Romantic Getaways”, HHT’s this destination guide would add a list of hotels that marks private hot tubs separately from shared facilities.",https://www.iloveny.com/travel-tools/contact-us/,https://hotelhottubs.com/new-york,topic 22/35; insertion 25/25; credibility 0/25 (no firsthand; no author byline); ranking 15/15; contact 30/30; sponsorship unknown; conflict 25/25; price plausibility 14/20 inferred for an independent site; no published rate and no claim that they accept $50–100,"Stay roundup with a contact or about link. Classified as an independent publisher from the page, not from the domain name."
romantic getaways in new york state,70,5,romantic getaways in upstate new york couples resorts,https://glampinghub.com/rentalsearch/romantic-getaways-in-upstate-new-york-couples-resorts/,glampinghub.com,38,75.9,New York,Travel blog,2026-09-27,Paid outreach,outreach_ready,Independent stay article with a contact route. Suggested insertion: “Romantic Getaways in Upstate New York”.,72,69,observed,Romantic Getaways in Upstate New York,"In “Romantic Getaways in Upstate New York”, HHT’s New York guide would add a list of hotels that marks private hot tubs separately from shared facilities.",https://glampinghub.com/work-with-us,https://hotelhottubs.com/new-york,topic 32/35; insertion 25/25; credibility 0/25 (no firsthand; no author byline); ranking 15/15; contact 30/30; sponsorship unknown; conflict 25/25; price plausibility 14/20 inferred for an independent site; no published rate and no claim that they accept $50–100,"Independent publisher with an overnight-travel article. Affiliate links, when present, do not make this a booking marketplace."
romantic getaways in mississippi,260,5,best romantic getaway date night ideas in coastal mississippi,https://www.coastalmississippi.com/blog/best-romantic-getaway-date-night-ideas-in-coastal-mississippi/,coastalmississippi.com,,75.8,Mississippi,Travel blog,2026-09-27,Paid outreach,outreach_ready,Independent stay article with a contact route. Suggested insertion: “body mention of where to stay”.,72,69,inferred,body mention of where to stay,"In “body mention of where to stay”, HHT’s Mississippi guide would add a list of hotels that marks private hot tubs separately from shared facilities.",https://www.coastalmississippi.com/partners/,https://hotelhottubs.com/mississippi,topic 32/35; insertion 25/25; credibility 0/25 (no firsthand; no author byline); ranking 15/15; contact 30/30; sponsorship unknown; conflict 25/25; price plausibility 14/20 inferred for an independent site; no published rate and no claim that they accept $50–100,"Stay roundup with a contact or about link. Classified as an independent publisher from the page, not from the domain name."
romantic getaways in san antonio,,5,romantic cabin getaways san antonio texas,https://glampinghub.com/rentalsearch/romantic-cabin-getaways-san-antonio-texas/,glampinghub.com,38,70.9,San Antonio,Travel blog,2026-09-27,Paid outreach,outreach_ready,Independent stay article with a contact route. Suggested insertion: “Most popular accommodations”.,72,69,observed,Most popular accommodations,"In “Most popular accommodations”, HHT’s San Antonio guide would add a list of hotels that marks private hot tubs separately from shared facilities.",https://glampinghub.com/work-with-us,https://hotelhottubs.com/texas/san-antonio,topic 32/35; insertion 25/25; credibility 0/25 (no firsthand; no author byline); ranking 15/15; contact 30/30; sponsorship unknown; conflict 25/25; price plausibility 14/20 inferred for an independent site; no published rate and no claim that they accept $50–100,"Independent publisher with an overnight-travel article. Affiliate links, when present, do not make this a booking marketplace."
romantic getaways near San Diego,,5,romantic getaways in san diego 5 blissful ideas for lovers,https://www.whimstay.com/blog/romantic-getaways-in-san-diego-5-blissful-ideas-for-lovers/,whimstay.com,34,70.4,National,Travel blog,2026-09-27,Paid outreach,outreach_ready,Independent stay article with a contact route. Suggested insertion: “Romantic Getaways in San Diego: 5 Blissful Ideas for Lovers”.,62,69,inferred,Romantic Getaways in San Diego: 5 Blissful Ideas for Lovers,"In “Romantic Getaways in San Diego: 5 Blissful Ideas for Lovers”, HHT’s this destination guide would add a list of hotels that marks private hot tubs separately from shared facilities.",https://www.whimstay.com/contact-us,https://hotelhottubs.com/editors-choice,topic 22/35; insertion 25/25; credibility 0/25 (no firsthand; no author byline); ranking 15/15; contact 30/30; sponsorship unknown; conflict 25/25; price plausibility 14/20 inferred for an independent site; no published rate and no claim that they accept $50–100,"Stay roundup with a contact or about link. Classified as an independent publisher from the page, not from the domain name."
romantic getaways in the Smoky Mountains,,5,for couples,https://cms.smokymountains.com/park/blog/for-couples/,smokymountains.com,,70.1,National,Travel blog,2026-09-27,Paid outreach,outreach_ready,Independent stay article with a contact route. Suggested insertion: “For Couples: The Most Romantic Stays in the Smoky Mountains”.,62,69,inferred,For Couples: The Most Romantic Stays in the Smoky Mountains,"In “For Couples: The Most Romantic Stays in the Smoky Mountains”, HHT’s this destination guide would add a list of hotels that marks private hot tubs separately from shared facilities.",https://cms.smokymountains.com/contact-us/,https://hotelhottubs.com/editors-choice,topic 22/35; insertion 25/25; credibility 0/25 (no firsthand; no author byline); ranking 15/15; contact 30/30; sponsorship unknown; conflict 25/25; price plausibility 14/20 inferred for an independent site; no published rate and no claim that they accept $50–100,"Stay roundup with a contact or about link. Classified as an independent publisher from the page, not from the domain name."
romantic getaways near Boston,,5,romantic getaways in massachusetts,https://yourtimetofly.com/romantic-getaways-in-massachusetts/,yourtimetofly.com,32,70.0,National,Travel blog,2026-09-27,Paid outreach,outreach_ready,Independent stay article with a contact route. Suggested insertion: “17 Cozy Romantic Getaways in Massachusetts for Couples”.,62,69,inferred,17 Cozy Romantic Getaways in Massachusetts for Couples,"In “17 Cozy Romantic Getaways in Massachusetts for Couples”, HHT’s this destination guide would add a list of hotels that marks private hot tubs separately from shared facilities.",https://yourtimetofly.com/about/,https://hotelhottubs.com/editors-choice,topic 22/35; insertion 25/25; credibility 0/25 (no firsthand; no author byline); ranking 15/15; contact 18/30; openness 12/25; conflict 25/25; price plausibility 14/20 inferred for an independent site; no published rate and no claim that they accept $50–100,"Stay roundup with a contact or about link. Classified as an independent publisher from the page, not from the domain name."
romantic getaways in alabama,590,5,rustic romantic getaways in north alabama,https://www.northalabama.org/blog/post/rustic-romantic-getaways-in-north-alabama/,northalabama.org,,69.9,Alabama,Tourism,2026-09-27,Paid outreach,outreach_ready,Independent stay article with a contact route. Suggested insertion: “Rustic Romantic Getaways in North Alabama”.,72,69,inferred,Rustic Romantic Getaways in North Alabama,"In “Rustic Romantic Getaways in North Alabama”, HHT’s Alabama guide would add a list of hotels that marks private hot tubs separately from shared facilities.",https://www.northalabama.org/contact-us/,https://hotelhottubs.com/alabama,topic 32/35; insertion 25/25; credibility 0/25 (no firsthand; no author byline); ranking 15/15; contact 30/30; sponsorship unknown; conflict 25/25; price plausibility 14/20 inferred for an independent site; no published rate and no claim that they accept $50–100,"Stay roundup with a contact or about link. Classified as an independent publisher from the page, not from the domain name."
romantic getaways near Cincinnati,,5,romantic getaways in cincinnati,https://genesisdiamonds.com/blogs/all-blog/romantic-getaways-in-cincinnati,genesisdiamonds.com,,66.7,National,Travel blog,2026-09-27,Paid outreach,outreach_ready,"Independent stay article with a contact route. Suggested insertion: “Romantic Getaways in Cincinnati: Hotels, Spas, and Experiences for Couples”.",62,69,inferred,"Romantic Getaways in Cincinnati: Hotels, Spas, and Experiences for Couples","In “Romantic Getaways in Cincinnati: Hotels, Spas, and Experiences for Couples”, HHT’s this destination guide would add a list of hotels that marks private hot tubs separately from shared facilities.",https://genesisdiamonds.com/pages/contact,https://hotelhottubs.com/editors-choice,topic 22/35; insertion 25/25; credibility 0/25 (no firsthand; no author byline); ranking 15/15; contact 30/30; sponsorship unknown; conflict 25/25; price plausibility 14/20 inferred for an independent site; no published rate and no claim that they accept $50–100,"Stay roundup with a contact or about link. Classified as an independent publisher from the page, not from the domain name."
romantic getaways in washington state,1000,6,20 best weekend getaways in washington state,https://culturalfoodies.com/20-best-weekend-getaways-in-washington-state/,culturalfoodies.com,31,79.3,Washington,Travel blog,2026-09-11,Paid outreach,outreach_ready,Independent stay article with a contact route. Suggested insertion: “20 Best Weekend Getaways in Washington State”.,68,69,inferred,20 Best Weekend Getaways in Washington State,"In “20 Best Weekend Getaways in Washington State”, HHT’s Washington guide would add a list of hotels that marks private hot tubs separately from shared facilities.",https://culturalfoodies.com/contact/,https://hotelhottubs.com/washington,topic 32/35; insertion 25/25; credibility 0/25 (no firsthand; no author byline); ranking 11/15; contact 30/30; sponsorship unknown; conflict 25/25; price plausibility 14/20 inferred for an independent site; no published rate and no claim that they accept $50–100,"Stay roundup with a contact or about link. Classified as an independent publisher from the page, not from the domain name."
romantic hotels in new jersey,720,6,great romantic hotels in nj,https://www.getawaymavens.com/great-romantic-hotels-in-nj/,getawaymavens.com,30,76.8,New Jersey,Travel blog,2026-09-11,Paid outreach,outreach_ready,Independent stay article with a contact route. Suggested insertion: “10 Great Romantic Hotels in NJ”.,68,69,inferred,10 Great Romantic Hotels in NJ,"In “10 Great Romantic Hotels in NJ”, HHT’s New Jersey guide would add a list of hotels that marks private hot tubs separately from shared facilities.",https://www.getawaymavens.com/work-with-us/,https://hotelhottubs.com/new-jersey,topic 32/35; insertion 25/25; credibility 0/25 (no firsthand; no author byline); ranking 11/15; contact 30/30; sponsorship unknown; conflict 25/25; price plausibility 14/20 inferred for an independent site; no published rate and no claim that they accept $50–100,"Stay roundup with a contact or about link. Classified as an independent publisher from the page, not from the domain name."
romantic getaways in louisiana,320,6,day trips and weekend getaways in south louisiana,https://www.travelingmamas.com/destinations/day-trips-and-weekend-getaways-in-south-louisiana/,travelingmamas.com,,75.2,Louisiana,Travel blog,2026-09-27,Paid outreach,outreach_ready,Independent stay article with a contact route. Suggested insertion: “Day Trips and Weekend Getaways in South Louisiana”.,93,69,observed,Day Trips and Weekend Getaways in South Louisiana,"In “Day Trips and Weekend Getaways in South Louisiana”, HHT’s Louisiana guide would add a list of hotels that marks private hot tubs separately from shared facilities.",https://www.travelingmamas.com/contact/,https://hotelhottubs.com/louisiana,topic 32/35; insertion 25/25; credibility 25/25 (firsthand; author); ranking 11/15; contact 30/30; sponsorship unknown; conflict 25/25; price plausibility 14/20 inferred for an independent site; no published rate and no claim that they accept $50–100,"Independent publisher with an overnight-travel article. Affiliate links, when present, do not make this a booking marketplace."
romantic getaways in Rhode Island,,6,newport rhode island romantic getaway,https://yourtimetofly.com/newport-rhode-island-romantic-getaway/,yourtimetofly.com,32,68.3,National,Travel blog,2026-09-27,Paid outreach,outreach_ready,Independent stay article with a contact route. Suggested insertion: “Romantic Hotels in Newport”.,58,69,inferred,Romantic Hotels in Newport,"In “Romantic Hotels in Newport”, HHT’s this destination guide would add a list of hotels that marks private hot tubs separately from shared facilities.",https://yourtimetofly.com/about/,https://hotelhottubs.com/editors-choice,topic 22/35; insertion 25/25; credibility 0/25 (no firsthand; no author byline); ranking 11/15; contact 18/30; openness 12/25; conflict 25/25; price plausibility 14/20 inferred for an independent site; no published rate and no claim that they accept $50–100,"Stay roundup with a contact or about link. Classified as an independent publisher from the page, not from the domain name."
romantic getaways near Washington DC,,6,washington dc,https://www.fivestaralliance.com/luxury-hotels-worldwide/type/romantic-getaways/303/north-america/united-states-south/washington-dc,fivestaralliance.com,,67.0,National,Local media,2026-09-27,Paid outreach,outreach_ready,Independent stay article with a contact route. Suggested insertion: “body mention of where to stay”.,51,69,inferred,body mention of where to stay,"In “body mention of where to stay”, HHT’s this destination guide would add a list of hotels that marks private hot tubs separately from shared facilities.",https://www.fivestaralliance.com/luxury-hotel-experts/contact-us,https://hotelhottubs.com/editors-choice,topic 22/35; insertion 25/25; credibility 0/25 (no firsthand; no author byline); ranking 4/15; contact 30/30; sponsorship unknown; conflict 25/25; price plausibility 14/20 inferred for an independent site; no published rate and no claim that they accept $50–100,"Stay roundup with a contact or about link. Classified as an independent publisher from the page, not from the domain name."
romantic places to stay in New Orleans,,6,romantic getaway in new orleans,https://thatcouplewhotravels.com/romantic-getaway-in-new-orleans/,thatcouplewhotravels.com,,66.7,National,Travel blog,2026-09-27,Paid outreach,outreach_ready,"Independent stay article with a contact route. Suggested insertion: “Philadelphia Weekend Getaway for Couples: Where to Stay, Eat & Explore in 2026”.",73,69,observed,"Philadelphia Weekend Getaway for Couples: Where to Stay, Eat & Explore in 2026","In “Philadelphia Weekend Getaway for Couples: Where to Stay, Eat & Explore in 2026”, HHT’s this destination guide would add a list of hotels that marks private hot tubs separately from shared facilities.",https://thatcouplewhotravels.com/work-with-us/,https://hotelhottubs.com/editors-choice,topic 22/35; insertion 25/25; credibility 15/25 (firsthand; no author byline); ranking 11/15; contact 30/30; sponsorship unknown; conflict 25/25; price plausibility 14/20 inferred for an independent site; no published rate and no claim that they accept $50–100,"Independent publisher with an overnight-travel article. Affiliate links, when present, do not make this a booking marketplace."
romantic getaways in the Poconos,,6,plan a couples getaway in the poconos at the lodge woodloch,https://www.thelodgeatwoodloch.com/about-us/blog/plan-a-couples-getaway-in-the-poconos-at-the-lodge-woodloch,thelodgeatwoodloch.com,,64.9,National,Travel blog,2026-09-27,Paid outreach,outreach_ready,Independent stay article with a contact route. Suggested insertion: “Poconos Accommodations Perfect for Two”.,58,69,inferred,Poconos Accommodations Perfect for Two,"In “Poconos Accommodations Perfect for Two”, HHT’s this destination guide would add a list of hotels that marks private hot tubs separately from shared facilities.",https://www.thelodgeatwoodloch.com/contact-us,https://hotelhottubs.com/editors-choice,topic 22/35; insertion 25/25; credibility 0/25 (no firsthand; no author byline); ranking 11/15; contact 30/30; sponsorship unknown; conflict 25/25; price plausibility 14/20 inferred for an independent site; no published rate and no claim that they accept $50–100,"Stay roundup with a contact or about link. Classified as an independent publisher from the page, not from the domain name."
romantic getaways in california,1300,7,california weekend getaways for couples,https://leilaslist.com/california-weekend-getaways-for-couples/,leilaslist.com,25,78.5,California,Travel blog,2026-09-11,Paid outreach,outreach_ready,Independent stay article with a contact route. Suggested insertion: “California Weekend Getaways for Couples”.,68,69,inferred,California Weekend Getaways for Couples,"In “California Weekend Getaways for Couples”, HHT’s California guide would add a list of hotels that marks private hot tubs separately from shared facilities.",https://leilaslist.com/contact/,https://hotelhottubs.com/california,topic 32/35; insertion 25/25; credibility 0/25 (no firsthand; no author byline); ranking 11/15; contact 30/30; sponsorship unknown; conflict 25/25; price plausibility 14/20 inferred for an independent site; no published rate and no claim that they accept $50–100,"Stay roundup with a contact or about link. Classified as an independent publisher from the page, not from the domain name."
romantic getaways in maine,590,7,romantic getaways in maine,https://themainebeaches.com/romantic-getaways-in-maine/,themainebeaches.com,,78.0,Maine,Travel blog,2026-09-27,Paid outreach,outreach_ready,Independent stay article with a contact route. Suggested insertion: “Romantic Getaways in Maine: A Coastal Escape Guide”.,68,69,inferred,Romantic Getaways in Maine: A Coastal Escape Guide,"In “Romantic Getaways in Maine: A Coastal Escape Guide”, HHT’s Maine guide would add a list of hotels that marks private hot tubs separately from shared facilities.",https://themainebeaches.com/contact/,https://hotelhottubs.com/maine,topic 32/35; insertion 25/25; credibility 0/25 (no firsthand; no author byline); ranking 11/15; contact 30/30; sponsorship unknown; conflict 25/25; price plausibility 14/20 inferred for an independent site; no published rate and no claim that they accept $50–100,"Stay roundup with a contact or about link. Classified as an independent publisher from the page, not from the domain name."
romantic getaways in Maine,,7,romantic getaways in maine,https://themainebeaches.com/romantic-getaways-in-maine/,themainebeaches.com,,78.0,National,Travel blog,2026-09-27,Paid outreach,outreach_ready,Independent stay article with a contact route. Suggested insertion: “Romantic Getaways in Maine: A Coastal Escape Guide”.,68,69,inferred,Romantic Getaways in Maine: A Coastal Escape Guide,"In “Romantic Getaways in Maine: A Coastal Escape Guide”, HHT’s Maine guide would add a list of hotels that marks private hot tubs separately from shared facilities.",https://themainebeaches.com/contact/,https://hotelhottubs.com/maine,topic 32/35; insertion 25/25; credibility 0/25 (no firsthand; no author byline); ranking 11/15; contact 30/30; sponsorship unknown; conflict 25/25; price plausibility 14/20 inferred for an independent site; no published rate and no claim that they accept $50–100,"Stay roundup with a contact or about link. Classified as an independent publisher from the page, not from the domain name."
romantic getaways in wisconsin,1900,7,romantic getaways in wisconsin,https://thelocaltourist.com/romantic-getaways-in-wisconsin/,thelocaltourist.com,33,77.1,Wisconsin,Travel blog,2026-09-11,Paid outreach,outreach_ready,Independent stay article with a contact route. Suggested insertion: “Romantic Getaways in Wisconsin: Ideal Destinations to Celebrate Your Love”.,83,69,observed,Romantic Getaways in Wisconsin: Ideal Destinations to Celebrate Your Love,"In “Romantic Getaways in Wisconsin: Ideal Destinations to Celebrate Your Love”, HHT’s Wisconsin guide would add a list of hotels that marks private hot tubs separately from shared facilities.",https://thelocaltourist.com/work-with-the-local-tourist/,https://hotelhottubs.com/wisconsin,topic 32/35; insertion 25/25; credibility 15/25 (firsthand; no author byline); ranking 11/15; contact 30/30; sponsorship unknown; conflict 25/25; price plausibility 14/20 inferred for an independent site; no published rate and no claim that they accept $50–100,"Independent publisher with an overnight-travel article. Affiliate links, when present, do not make this a booking marketplace."
romantic getaways in arizona,720,7,romantic glamping getaways arizona,https://glampinghub.com/rentalsearch/romantic-glamping-getaways-arizona/,glampinghub.com,38,77.1,Arizona,Travel blog,2026-09-27,Paid outreach,outreach_ready,Independent stay article with a contact route. Suggested insertion: “Romantic Glamping Getaways in Arizona”.,68,69,observed,Romantic Glamping Getaways in Arizona,"In “Romantic Glamping Getaways in Arizona”, HHT’s Arizona guide would add a list of hotels that marks private hot tubs separately from shared facilities.",https://glampinghub.com/work-with-us,https://hotelhottubs.com/arizona,topic 32/35; insertion 25/25; credibility 0/25 (no firsthand; no author byline); ranking 11/15; contact 30/30; sponsorship unknown; conflict 25/25; price plausibility 14/20 inferred for an independent site; no published rate and no claim that they accept $50–100,"Independent publisher with an overnight-travel article. Affiliate links, when present, do not make this a booking marketplace."
romantic getaways in New Hampshire,,7,top romantic getaways in new hampshire,https://www.thewentworth.com/top-romantic-getaways-in-new-hampshire/,thewentworth.com,,76.4,National,Travel blog,2026-09-27,Paid outreach,outreach_ready,Independent stay article with a contact route. Suggested insertion: “Top Romantic Getaways in New Hampshire”.,68,69,inferred,Top Romantic Getaways in New Hampshire,"In “Top Romantic Getaways in New Hampshire”, HHT’s New Hampshire guide would add a list of hotels that marks private hot tubs separately from shared facilities.",https://thewentworth.com/contact-us/,https://hotelhottubs.com/new-hampshire,topic 32/35; insertion 25/25; credibility 0/25 (no firsthand; no author byline); ranking 11/15; contact 30/30; sponsorship unknown; conflict 25/25; price plausibility 14/20 inferred for an independent site; no published rate and no claim that they accept $50–100,"Stay roundup with a contact or about link. Classified as an independent publisher from the page, not from the domain name."
romantic getaways in new hampshire,590,7,top romantic getaways in new hampshire,https://www.thewentworth.com/top-romantic-getaways-in-new-hampshire/,thewentworth.com,,76.4,New Hampshire,Travel blog,2026-09-27,Paid outreach,outreach_ready,Independent stay article with a contact route. Suggested insertion: “Top Romantic Getaways in New Hampshire”.,68,69,inferred,Top Romantic Getaways in New Hampshire,"In “Top Romantic Getaways in New Hampshire”, HHT’s New Hampshire guide would add a list of hotels that marks private hot tubs separately from shared facilities.",https://thewentworth.com/contact-us/,https://hotelhottubs.com/new-hampshire,topic 32/35; insertion 25/25; credibility 0/25 (no firsthand; no author byline); ranking 11/15; contact 30/30; sponsorship unknown; conflict 25/25; price plausibility 14/20 inferred for an independent site; no published rate and no claim that they accept $50–100,"Stay roundup with a contact or about link. Classified as an independent publisher from the page, not from the domain name."
romantic getaways in northern California,,7,romantic redwoods getaways northern california,https://glampinghub.com/rentalsearch/romantic-redwoods-getaways-northern-california/,glampinghub.com,38,68.4,National,Travel blog,2026-09-27,Paid outreach,outreach_ready,Independent stay article with a contact route. Suggested insertion: “Romantic Redwoods Getaways Northern California”.,58,69,observed,Romantic Redwoods Getaways Northern California,"In “Romantic Redwoods Getaways Northern California”, HHT’s this destination guide would add a list of hotels that marks private hot tubs separately from shared facilities.",https://glampinghub.com/work-with-us,https://hotelhottubs.com/editors-choice,topic 22/35; insertion 25/25; credibility 0/25 (no firsthand; no author byline); ranking 11/15; contact 30/30; sponsorship unknown; conflict 25/25; price plausibility 14/20 inferred for an independent site; no published rate and no claim that they accept $50–100,"Independent publisher with an overnight-travel article. Affiliate links, when present, do not make this a booking marketplace."
romantic getaways in missouri,880,7,missouri has a romantic escape for you,https://www.visitmo.com/articles/missouri-has-a-romantic-escape-for-you,visitmo.com,,66.9,Missouri,Tourism,2026-09-27,Paid outreach,outreach_ready,Independent stay article with a contact route. Suggested insertion: “Romantic Getaways in Missouri”.,68,69,inferred,Romantic Getaways in Missouri,"In “Romantic Getaways in Missouri”, HHT’s Missouri guide would add a list of hotels that marks private hot tubs separately from shared facilities.",https://www.visitmo.com/contact-us,https://hotelhottubs.com/missouri,topic 32/35; insertion 25/25; credibility 0/25 (no firsthand; no author byline); ranking 11/15; contact 30/30; sponsorship unknown; conflict 25/25; price plausibility 14/20 inferred for an independent site; no published rate and no claim that they accept $50–100,"Stay roundup with a contact or about link. Classified as an independent publisher from the page, not from the domain name."
romantic getaways from Chicago,,7,weekend getaways from chicago,https://jesskeys.com/weekend-getaways-from-chicago/,jesskeys.com,,66.1,National,Travel blog,2026-09-27,Paid outreach,outreach_ready,Independent stay article with a contact route. Suggested insertion: “Best Day &#038; Weekend Getaways from Chicago”.,73,69,observed,Best Day &#038; Weekend Getaways from Chicago,"In “Best Day &#038; Weekend Getaways from Chicago”, HHT’s this destination guide would add a list of hotels that marks private hot tubs separately from shared facilities.",https://jesskeys.com/contact/,https://hotelhottubs.com/editors-choice,topic 22/35; insertion 25/25; credibility 15/25 (firsthand; no author byline); ranking 11/15; contact 30/30; sponsorship unknown; conflict 25/25; price plausibility 14/20 inferred for an independent site; no published rate and no claim that they accept $50–100,"Independent publisher with an overnight-travel article. Affiliate links, when present, do not make this a booking marketplace."
romantic hotels in Eureka Springs,,7,quick getaway this summer to downtown eureka springs,https://www.traveleurekasprings.com/quick-getaway-this-summer-to-downtown-eureka-springs/,traveleurekasprings.com,,64.9,National,Travel blog,2026-09-27,Paid outreach,outreach_ready,Independent stay article with a contact route. Suggested insertion: “body mention of where to stay”.,58,69,inferred,body mention of where to stay,"In “body mention of where to stay”, HHT’s this destination guide would add a list of hotels that marks private hot tubs separately from shared facilities.",https://www.traveleurekasprings.com/contact/,https://hotelhottubs.com/editors-choice,topic 22/35; insertion 25/25; credibility 0/25 (no firsthand; no author byline); ranking 11/15; contact 30/30; sponsorship unknown; conflict 25/25; price plausibility 14/20 inferred for an independent site; no published rate and no claim that they accept $50–100,"Stay roundup with a contact or about link. Classified as an independent publisher from the page, not from the domain name."
romantic resorts in north carolina,1900,8,romantic getaways north carolina,https://www.innerbanksinn.com/romantic-getaways-north-carolina,innerbanksinn.com,30,81.8,North Carolina,Travel blog,2026-09-11,Paid outreach,outreach_ready,Independent stay article with a contact route. Suggested insertion: “Romantic Getaways in North Carolina”.,72,69,inferred,Romantic Getaways in North Carolina,"In “Romantic Getaways in North Carolina”, HHT’s North Carolina guide would add a list of hotels that marks private hot tubs separately from shared facilities.",https://lp.constantcontactpages.com/sl/6T8gAjz/signup,https://hotelhottubs.com/north-carolina,topic 32/35; insertion 25/25; credibility 0/25 (no firsthand; no author byline); ranking 15/15; contact 30/30; sponsorship unknown; conflict 25/25; price plausibility 14/20 inferred for an independent site; no published rate and no claim that they accept $50–100,"Stay roundup with a contact or about link. Classified as an independent publisher from the page, not from the domain name."
romantic getaways in arizona,720,8,royal palms resort romantic getaway in arizona,https://www.wanderwithwonder.com/royal-palms-resort-romantic-getaway-in-arizona/,wanderwithwonder.com,,76.6,Arizona,Travel blog,2026-09-27,Paid outreach,outreach_ready,Independent stay article with a contact route. Suggested insertion: “Accommodations at Royal Palms”.,93,69,observed,Accommodations at Royal Palms,"In “Accommodations at Royal Palms”, HHT’s Arizona guide would add a list of hotels that marks private hot tubs separately from shared facilities.",https://www.wanderwithwonder.com/about/contact-us/,https://hotelhottubs.com/arizona,topic 32/35; insertion 25/25; credibility 25/25 (firsthand; author); ranking 11/15; contact 18/30; openness 12/25; conflict 25/25; price plausibility 14/20 inferred for an independent site; no published rate and no claim that they accept $50–100,"Independent publisher with an overnight-travel article. Affiliate links, when present, do not make this a booking marketplace."
romantic getaways in new mexico,210,8,romantic mountain getaways new mexico usa,https://glampinghub.com/rentalsearch/romantic-mountain-getaways-new-mexico-usa/,glampinghub.com,38,74.1,New Mexico,Travel blog,2026-09-27,Paid outreach,outreach_ready,Independent stay article with a contact route. Suggested insertion: “Romantic Mountain Getaways in New Mexico”.,68,69,observed,Romantic Mountain Getaways in New Mexico,"In “Romantic Mountain Getaways in New Mexico”, HHT’s New Mexico guide would add a list of hotels that marks private hot tubs separately from shared facilities.",https://glampinghub.com/work-with-us,https://hotelhottubs.com/new-mexico,topic 32/35; insertion 25/25; credibility 0/25 (no firsthand; no author byline); ranking 11/15; contact 30/30; sponsorship unknown; conflict 25/25; price plausibility 14/20 inferred for an independent site; no published rate and no claim that they accept $50–100,"Independent publisher with an overnight-travel article. Affiliate links, when present, do not make this a booking marketplace."
romantic getaways in louisiana,320,8,romantic cabin getaways louisiana,https://glampinghub.com/rentalsearch/romantic-cabin-getaways-louisiana/,glampinghub.com,38,74.1,Louisiana,Travel blog,2026-09-27,Paid outreach,outreach_ready,Independent stay article with a contact route. Suggested insertion: “Romantic Cabin Getaways in Louisiana”.,68,69,observed,Romantic Cabin Getaways in Louisiana,"In “Romantic Cabin Getaways in Louisiana”, HHT’s Louisiana guide would add a list of hotels that marks private hot tubs separately from shared facilities.",https://glampinghub.com/work-with-us,https://hotelhottubs.com/louisiana,topic 32/35; insertion 25/25; credibility 0/25 (no firsthand; no author byline); ranking 11/15; contact 30/30; sponsorship unknown; conflict 25/25; price plausibility 14/20 inferred for an independent site; no published rate and no claim that they accept $50–100,"Independent publisher with an overnight-travel article. Affiliate links, when present, do not make this a booking marketplace."
romantic getaways in salt lake city,,8,romantic getaways in utah,https://www.visitutah.com/articles/romantic-getaways-in-utah,visitutah.com,55,70.5,Salt Lake City,Tourism,2026-09-11,Paid outreach,outreach_ready,Independent stay article with a contact route. Suggested insertion: “Romantic Getaways in Utah”.,82,69,observed,Romantic Getaways in Utah,"In “Romantic Getaways in Utah”, HHT’s Utah guide would add a list of hotels that marks private hot tubs separately from shared facilities.",https://www.visitutah.com/Contact,https://hotelhottubs.com/utah/salt-lake-city,topic 32/35; insertion 25/25; credibility 10/25 (no firsthand; author); ranking 15/15; contact 30/30; sponsorship unknown; conflict 25/25; price plausibility 14/20 inferred for an independent site; no published rate and no claim that they accept $50–100,"Independent publisher with an overnight-travel article. Affiliate links, when present, do not make this a booking marketplace."
romantic places to stay in Eureka Springs,,8,quick getaway this summer to downtown eureka springs,https://www.traveleurekasprings.com/quick-getaway-this-summer-to-downtown-eureka-springs/,traveleurekasprings.com,,64.9,National,Travel blog,2026-09-27,Paid outreach,outreach_ready,Independent stay article with a contact route. Suggested insertion: “body mention of where to stay”.,58,69,inferred,body mention of where to stay,"In “body mention of where to stay”, HHT’s this destination guide would add a list of hotels that marks private hot tubs separately from shared facilities.",https://www.traveleurekasprings.com/contact/,https://hotelhottubs.com/editors-choice,topic 22/35; insertion 25/25; credibility 0/25 (no firsthand; no author byline); ranking 11/15; contact 30/30; sponsorship unknown; conflict 25/25; price plausibility 14/20 inferred for an independent site; no published rate and no claim that they accept $50–100,"Stay roundup with a contact or about link. Classified as an independent publisher from the page, not from the domain name."
romantic hotels in michigan,390,10,4 romantic getaways in michigan,https://long-weekends.com/articles/weekend-guides/4-romantic-getaways-in-michigan/,long-weekends.com,29,77.3,Michigan,Travel blog,2026-09-11,Paid outreach,outreach_ready,Independent stay article with a contact route. Suggested insertion: “4 Romantic Getaways in Michigan”.,68,69,inferred,4 Romantic Getaways in Michigan,"In “4 Romantic Getaways in Michigan”, HHT’s Michigan guide would add a list of hotels that marks private hot tubs separately from shared facilities.",https://long-weekends.com/more/contact-us/,https://hotelhottubs.com/michigan,topic 32/35; insertion 25/25; credibility 0/25 (no firsthand; no author byline); ranking 11/15; contact 30/30; sponsorship unknown; conflict 25/25; price plausibility 14/20 inferred for an independent site; no published rate and no claim that they accept $50–100,"Stay roundup with a contact or about link. Classified as an independent publisher from the page, not from the domain name."
romantic getaways in south dakota,70,10,15 best romantic weekend getaways south dakota,https://www.thecrazytourist.com/15-best-romantic-weekend-getaways-south-dakota/,thecrazytourist.com,,73.6,South Dakota,Travel blog,2026-09-27,Paid outreach,outreach_ready,Independent stay article with a contact route. Suggested insertion: “15 Best Romantic (Weekend) Getaways in South Dakota”.,78,69,observed,15 Best Romantic (Weekend) Getaways in South Dakota,"In “15 Best Romantic (Weekend) Getaways in South Dakota”, HHT’s South Dakota guide would add a list of hotels that marks private hot tubs separately from shared facilities.",https://www.thecrazytourist.com/contact/,https://hotelhottubs.com/south-dakota,topic 32/35; insertion 25/25; credibility 10/25 (no firsthand; author); ranking 11/15; contact 30/30; sponsorship unknown; conflict 25/25; price plausibility 14/20 inferred for an independent site; no published rate and no claim that they accept $50–100,"Independent publisher with an overnight-travel article. Affiliate links, when present, do not make this a booking marketplace."
romantic getaways near San Diego,,10,romantic getaways in san diego,https://www.gondolacompany.com/blog/romantic-getaways-in-san-diego/,gondolacompany.com,,67.6,National,Travel blog,2026-09-27,Paid outreach,outreach_ready,Independent stay article with a contact route. Suggested insertion: “Romantic Getaways In San Diego”.,68,69,observed,Romantic Getaways In San Diego,"In “Romantic Getaways In San Diego”, HHT’s this destination guide would add a list of hotels that marks private hot tubs separately from shared facilities.",https://www.gondolacompany.com/contact/,https://hotelhottubs.com/editors-choice,topic 22/35; insertion 25/25; credibility 10/25 (no firsthand; author); ranking 11/15; contact 30/30; sponsorship unknown; conflict 25/25; price plausibility 14/20 inferred for an independent site; no published rate and no claim that they accept $50–100,"Independent publisher with an overnight-travel article. Affiliate links, when present, do not make this a booking marketplace."
romantic weekend getaways in New England,,10,couples retreat new england,https://www.thepreserveri.com/resort-spa/news-press/tags/couples-retreat-new-england/,thepreserveri.com,,65.6,National,Travel blog,2026-09-27,Paid outreach,outreach_ready,"Independent stay article with a contact route. Suggested insertion: “Parade: 35 Soothing Spa Getaways That&#039;ll Help You Relax, Recharge and Reset”.",51,69,inferred,"Parade: 35 Soothing Spa Getaways That&#039;ll Help You Relax, Recharge and Reset","In “Parade: 35 Soothing Spa Getaways That&#039;ll Help You Relax, Recharge and Reset”, HHT’s this destination guide would add a list of hotels that marks private hot tubs separately from shared facilities.",https://www.thepreserveri.com/contact/,https://hotelhottubs.com/editors-choice,topic 22/35; insertion 25/25; credibility 0/25 (no firsthand; no author byline); ranking 4/15; contact 30/30; sponsorship unknown; conflict 25/25; price plausibility 14/20 inferred for an independent site; no published rate and no claim that they accept $50–100,"Independent publisher with an overnight-travel article. Affiliate links, when present, do not make this a booking marketplace."
romantic places to stay in Santa Barbara,,10,the ultimate guide to planning the perfect romantic santa barbara getaway,https://www.johnnie-o.com/blog-blue-room/the-ultimate-guide-to-planning-the-perfect-romantic-santa-barbara-getaway,johnnie-o.com,,63.8,National,Travel blog,2026-09-27,Paid outreach,outreach_ready,Independent stay article with a contact route. Suggested insertion: “body mention of where to stay”.,58,69,inferred,body mention of where to stay,"In “body mention of where to stay”, HHT’s this destination guide would add a list of hotels that marks private hot tubs separately from shared facilities.",https://www.johnnie-o.com/contact-us,https://hotelhottubs.com/editors-choice,topic 22/35; insertion 25/25; credibility 0/25 (no firsthand; no author byline); ranking 11/15; contact 30/30; sponsorship unknown; conflict 25/25; price plausibility 14/20 inferred for an independent site; no published rate and no claim that they accept $50–100,"Stay roundup with a contact or about link. Classified as an independent publisher from the page, not from the domain name."
romantic getaways in the Catskills,,10,stylish catskills hotels couples 2026,https://www.the-leeway.com/guides/stylish-catskills-hotels-couples-2026,the-leeway.com,,63.2,National,Travel blog,2026-09-27,Paid outreach,outreach_ready,Independent stay article with a contact route. Suggested insertion: “The 2026 Guide to the Most Stylish Catskills Hotels for Couples”.,58,69,inferred,The 2026 Guide to the Most Stylish Catskills Hotels for Couples,"In “The 2026 Guide to the Most Stylish Catskills Hotels for Couples”, HHT’s this destination guide would add a list of hotels that marks private hot tubs separately from shared facilities.",https://www.the-leeway.com/contact,https://hotelhottubs.com/editors-choice,topic 22/35; insertion 25/25; credibility 0/25 (no firsthand; no author byline); ranking 11/15; contact 30/30; sponsorship unknown; conflict 25/25; price plausibility 14/20 inferred for an independent site; no published rate and no claim that they accept $50–100,"Stay roundup with a contact or about link. Classified as an independent publisher from the page, not from the domain name."
romantic resorts in michigan,2400,11,4 romantic getaways in michigan,https://long-weekends.com/articles/weekend-guides/4-romantic-getaways-in-michigan/,long-weekends.com,29,77.3,Michigan,Travel blog,2026-09-11,Paid outreach,outreach_ready,Independent stay article with a contact route. Suggested insertion: “4 Romantic Getaways in Michigan”.,68,69,inferred,4 Romantic Getaways in Michigan,"In “4 Romantic Getaways in Michigan”, HHT’s Michigan guide would add a list of hotels that marks private hot tubs separately from shared facilities.",https://long-weekends.com/more/contact-us/,https://hotelhottubs.com/michigan,topic 32/35; insertion 25/25; credibility 0/25 (no firsthand; no author byline); ranking 11/15; contact 30/30; sponsorship unknown; conflict 25/25; price plausibility 14/20 inferred for an independent site; no published rate and no claim that they accept $50–100,"Stay roundup with a contact or about link. Classified as an independent publisher from the page, not from the domain name."
romantic getaways in utah,480,11,romantic getaways in utah,https://www.mountaineventrental.com/post/romantic-getaways-in-utah,mountaineventrental.com,,75.7,Utah,Travel blog,2026-09-27,Paid outreach,outreach_ready,Independent stay article with a contact route. Suggested insertion: “Unforgettable Romantic Getaways in Utah for Couples”.,75,69,observed,Unforgettable Romantic Getaways in Utah for Couples,"In “Unforgettable Romantic Getaways in Utah for Couples”, HHT’s Utah guide would add a list of hotels that marks private hot tubs separately from shared facilities.",https://www.mountaineventrental.com/contact,https://hotelhottubs.com/utah,topic 32/35; insertion 25/25; credibility 10/25 (no firsthand; author); ranking 8/15; contact 30/30; sponsorship unknown; conflict 25/25; price plausibility 14/20 inferred for an independent site; no published rate and no claim that they accept $50–100,"Independent publisher with an overnight-travel article. Affiliate links, when present, do not make this a booking marketplace."
romantic getaways in New Hampshire,,11,romantic getaways in new hampshire,https://yourtimetofly.com/romantic-getaways-in-new-hampshire/,yourtimetofly.com,32,74.1,National,Travel blog,2026-09-27,Paid outreach,outreach_ready,Independent stay article with a contact route. Suggested insertion: “16 Off-the-Beaten-Path Romantic Getaways in New Hampshire”.,65,69,inferred,16 Off-the-Beaten-Path Romantic Getaways in New Hampshire,"In “16 Off-the-Beaten-Path Romantic Getaways in New Hampshire”, HHT’s New Hampshire guide would add a list of hotels that marks private hot tubs separately from shared facilities.",https://yourtimetofly.com/about/,https://hotelhottubs.com/new-hampshire,topic 32/35; insertion 25/25; credibility 0/25 (no firsthand; no author byline); ranking 8/15; contact 18/30; openness 12/25; conflict 25/25; price plausibility 14/20 inferred for an independent site; no published rate and no claim that they accept $50–100,"Stay roundup with a contact or about link. Classified as an independent publisher from the page, not from the domain name."
romantic getaways in new hampshire,590,11,romantic getaways in new hampshire,https://yourtimetofly.com/romantic-getaways-in-new-hampshire/,yourtimetofly.com,32,74.1,New Hampshire,Travel blog,2026-09-27,Paid outreach,outreach_ready,Independent stay article with a contact route. Suggested insertion: “16 Off-the-Beaten-Path Romantic Getaways in New Hampshire”.,65,69,inferred,16 Off-the-Beaten-Path Romantic Getaways in New Hampshire,"In “16 Off-the-Beaten-Path Romantic Getaways in New Hampshire”, HHT’s New Hampshire guide would add a list of hotels that marks private hot tubs separately from shared facilities.",https://yourtimetofly.com/about/,https://hotelhottubs.com/new-hampshire,topic 32/35; insertion 25/25; credibility 0/25 (no firsthand; no author byline); ranking 8/15; contact 18/30; openness 12/25; conflict 25/25; price plausibility 14/20 inferred for an independent site; no published rate and no claim that they accept $50–100,"Stay roundup with a contact or about link. Classified as an independent publisher from the page, not from the domain name."
romantic getaways in New England,,11,couples retreat new england,https://www.thepreserveri.com/resort-spa/news-press/tags/couples-retreat-new-england/,thepreserveri.com,,65.6,National,Travel blog,2026-09-27,Paid outreach,outreach_ready,"Independent stay article with a contact route. Suggested insertion: “Parade: 35 Soothing Spa Getaways That&#039;ll Help You Relax, Recharge and Reset”.",51,69,inferred,"Parade: 35 Soothing Spa Getaways That&#039;ll Help You Relax, Recharge and Reset","In “Parade: 35 Soothing Spa Getaways That&#039;ll Help You Relax, Recharge and Reset”, HHT’s this destination guide would add a list of hotels that marks private hot tubs separately from shared facilities.",https://www.thepreserveri.com/contact/,https://hotelhottubs.com/editors-choice,topic 22/35; insertion 25/25; credibility 0/25 (no firsthand; no author byline); ranking 4/15; contact 30/30; sponsorship unknown; conflict 25/25; price plausibility 14/20 inferred for an independent site; no published rate and no claim that they accept $50–100,"Independent publisher with an overnight-travel article. Affiliate links, when present, do not make this a booking marketplace."
romantic getaways near Nashville,,11,romantic getaways in and around nashville,https://genesisdiamonds.com/blogs/all-blog/romantic-getaways-in-and-around-nashville,genesisdiamonds.com,,64.4,National,Travel blog,2026-09-27,Paid outreach,outreach_ready,Independent stay article with a contact route. Suggested insertion: “Romantic Getaways in and Around Nashville”.,51,69,inferred,Romantic Getaways in and Around Nashville,"In “Romantic Getaways in and Around Nashville”, HHT’s this destination guide would add a list of hotels that marks private hot tubs separately from shared facilities.",https://genesisdiamonds.com/pages/contact,https://hotelhottubs.com/editors-choice,topic 22/35; insertion 25/25; credibility 0/25 (no firsthand; no author byline); ranking 4/15; contact 30/30; sponsorship unknown; conflict 25/25; price plausibility 14/20 inferred for an independent site; no published rate and no claim that they accept $50–100,"Stay roundup with a contact or about link. Classified as an independent publisher from the page, not from the domain name."
romantic getaways in missouri,880,12,romantic destinations in missouri,https://glampinghub.com/rentalsearch/romantic-destinations-in-missouri/,glampinghub.com,38,75.1,Missouri,Travel blog,2026-09-27,Paid outreach,outreach_ready,Independent stay article with a contact route. Suggested insertion: “Find the best Valentine&#x27;s weekend getaways in Missouri! Check out these places to stay in Missouri for couples”.,65,69,observed,Find the best Valentine&#x27;s weekend getaways in Missouri! Check out these places to stay in Missouri for couples,"In “Find the best Valentine&#x27;s weekend getaways in Missouri! Check out these places to stay in Missouri for couples”, HHT’s Missouri guide would add a list of hotels that marks private hot tubs separately from shared facilities.",https://glampinghub.com/work-with-us,https://hotelhottubs.com/missouri,topic 32/35; insertion 25/25; credibility 0/25 (no firsthand; no author byline); ranking 8/15; contact 30/30; sponsorship unknown; conflict 25/25; price plausibility 14/20 inferred for an independent site; no published rate and no claim that they accept $50–100,"Independent publisher with an overnight-travel article. Affiliate links, when present, do not make this a booking marketplace."
romantic getaways in oregon,880,12,most romantic lodging,https://www.eugenecascadescoast.org/blog/post/most-romantic-lodging/,eugenecascadescoast.org,,64.2,Oregon,Tourism,2026-09-27,Paid outreach,outreach_ready,Independent stay article with a contact route. Suggested insertion: “14 Romantic Places to Stay”.,65,69,inferred,14 Romantic Places to Stay,"In “14 Romantic Places to Stay”, HHT’s Oregon guide would add a list of hotels that marks private hot tubs separately from shared facilities.",https://www.eugenecascadescoast.org/partners/,https://hotelhottubs.com/oregon,topic 32/35; insertion 25/25; credibility 0/25 (no firsthand; no author byline); ranking 8/15; contact 30/30; sponsorship unknown; conflict 25/25; price plausibility 14/20 inferred for an independent site; no published rate and no claim that they accept $50–100,"Stay roundup with a contact or about link. Classified as an independent publisher from the page, not from the domain name."
romantic getaways in the Finger Lakes,,12,3 romantic stays in new yorks finger lakes region,https://long-weekends.com/articles/weekend-guides/3-romantic-stays-in-new-yorks-finger-lakes-region/,long-weekends.com,29,62.7,National,Travel blog,2026-09-27,Paid outreach,outreach_ready,Independent stay article with a contact route. Suggested insertion: “3 Romantic Stays in New York&#x27;s Finger Lakes Region”.,51,69,inferred,3 Romantic Stays in New York&#x27;s Finger Lakes Region,"In “3 Romantic Stays in New York&#x27;s Finger Lakes Region”, HHT’s this destination guide would add a list of hotels that marks private hot tubs separately from shared facilities.",https://long-weekends.com/more/contact-us/,https://hotelhottubs.com/editors-choice,topic 22/35; insertion 25/25; credibility 0/25 (no firsthand; no author byline); ranking 4/15; contact 30/30; sponsorship unknown; conflict 25/25; price plausibility 14/20 inferred for an independent site; no published rate and no claim that they accept $50–100,"Stay roundup with a contact or about link. Classified as an independent publisher from the page, not from the domain name."
romantic places to stay in Sedona,,12,hotels motels resorts,https://visitsedona.com/where-to-stay/hotels-motels-resorts/,visitsedona.com,,50.5,National,Tourism,2026-09-27,Paid outreach,outreach_ready,"Independent stay article with a contact route. Suggested insertion: “Hotels, Motels & Resorts”.",51,69,inferred,"Hotels, Motels & Resorts","In “Hotels, Motels & Resorts”, HHT’s this destination guide would add a list of hotels that marks private hot tubs separately from shared facilities.",http://pubads.g.doubleclick.net/gampad/clk?id=6407909036&iu=/76691750/VS:PlatinumPartner-ArroyoPinion,https://hotelhottubs.com/editors-choice,topic 22/35; insertion 25/25; credibility 0/25 (no firsthand; no author byline); ranking 4/15; contact 30/30; sponsorship unknown; conflict 25/25; price plausibility 14/20 inferred for an independent site; no published rate and no claim that they accept $50–100,"Stay roundup with a contact or about link. Classified as an independent publisher from the page, not from the domain name."
romantic getaways in michigan,2400,13,4 romantic getaways in michigan,https://long-weekends.com/articles/weekend-guides/4-romantic-getaways-in-michigan/,long-weekends.com,29,77.3,Michigan,Travel blog,2026-09-11,Paid outreach,outreach_ready,Independent stay article with a contact route. Suggested insertion: “4 Romantic Getaways in Michigan”.,68,69,inferred,4 Romantic Getaways in Michigan,"In “4 Romantic Getaways in Michigan”, HHT’s Michigan guide would add a list of hotels that marks private hot tubs separately from shared facilities.",https://long-weekends.com/more/contact-us/,https://hotelhottubs.com/michigan,topic 32/35; insertion 25/25; credibility 0/25 (no firsthand; no author byline); ranking 11/15; contact 30/30; sponsorship unknown; conflict 25/25; price plausibility 14/20 inferred for an independent site; no published rate and no claim that they accept $50–100,"Stay roundup with a contact or about link. Classified as an independent publisher from the page, not from the domain name."
romantic getaways in tennessee,880,13,couples weekend getaway tennessee,https://hemlockhillscabinrentals.com/blog/couples-weekend-getaway-tennessee/,hemlockhillscabinrentals.com,,74.8,Tennessee,Travel blog,2026-09-27,Paid outreach,outreach_ready,Independent stay article with a contact route. Suggested insertion: “What Makes the Smoky Mountains Perfect for Romantic Weekend Getaways?”.,65,69,inferred,What Makes the Smoky Mountains Perfect for Romantic Weekend Getaways?,"In “What Makes the Smoky Mountains Perfect for Romantic Weekend Getaways?”, HHT’s Tennessee guide would add a list of hotels that marks private hot tubs separately from shared facilities.",https://hemlockhillscabinrentals.com/contact-us/,https://hotelhottubs.com/tennessee,topic 32/35; insertion 25/25; credibility 0/25 (no firsthand; no author byline); ranking 8/15; contact 30/30; sponsorship unknown; conflict 25/25; price plausibility 14/20 inferred for an independent site; no published rate and no claim that they accept $50–100,"Stay roundup with a contact or about link. Classified as an independent publisher from the page, not from the domain name."
romantic getaways in illinois,880,13,romantic getaways in illinois,https://trespot.com/romantic-getaways-in-illinois.html,trespot.com,,73.9,Illinois,Travel blog,2026-09-27,Paid outreach,outreach_ready,Independent stay article with a contact route. Suggested insertion: “Romantic Getaways in Illinois: 15 Dreamy Escapes”.,65,69,inferred,Romantic Getaways in Illinois: 15 Dreamy Escapes,"In “Romantic Getaways in Illinois: 15 Dreamy Escapes”, HHT’s Illinois guide would add a list of hotels that marks private hot tubs separately from shared facilities.",https://trespot.com/contact.html,https://hotelhottubs.com/illinois,topic 32/35; insertion 25/25; credibility 0/25 (no firsthand; no author byline); ranking 8/15; contact 30/30; sponsorship unknown; conflict 25/25; price plausibility 14/20 inferred for an independent site; no published rate and no claim that they accept $50–100,"Stay roundup with a contact or about link. Classified as an independent publisher from the page, not from the domain name."
romantic getaways in wisconsin,1900,13,romantic getaway for couples,https://cedarlodgedells.com/romantic-getaway-for-couples/,cedarlodgedells.com,26,73.7,Wisconsin,Travel blog,2026-09-11,Paid outreach,outreach_ready,Independent stay article with a contact route. Suggested insertion: “2. Exclusive Accommodations”.,65,69,inferred,2. Exclusive Accommodations,"In “2. Exclusive Accommodations”, HHT’s Wisconsin guide would add a list of hotels that marks private hot tubs separately from shared facilities.",https://cedarlodgedells.com/contact/,https://hotelhottubs.com/wisconsin,topic 32/35; insertion 25/25; credibility 0/25 (no firsthand; no author byline); ranking 8/15; contact 30/30; sponsorship unknown; conflict 25/25; price plausibility 14/20 inferred for an independent site; no published rate and no claim that they accept $50–100,"Stay roundup with a contact or about link. Classified as an independent publisher from the page, not from the domain name."
romantic getaways in Pennsylvania,,13,escape to skytop lodge the ultimate poconos resort for couples,https://www.skytop.com/news/escape-to-skytop-lodge-the-ultimate-poconos-resort-for-couples/,skytop.com,,68.9,National,Travel blog,2026-09-27,Paid outreach,outreach_ready,Independent stay article with a contact route. Suggested insertion: “Weekend Getaways and Beyond”.,62,69,inferred,Weekend Getaways and Beyond,"In “Weekend Getaways and Beyond”, HHT’s this destination guide would add a list of hotels that marks private hot tubs separately from shared facilities.",https://www.skytop.com/contact-skytop/,https://hotelhottubs.com/editors-choice,topic 22/35; insertion 25/25; credibility 0/25 (no firsthand; no author byline); ranking 15/15; contact 30/30; sponsorship unknown; conflict 25/25; price plausibility 14/20 inferred for an independent site; no published rate and no claim that they accept $50–100,"Stay roundup with a contact or about link. Classified as an independent publisher from the page, not from the domain name."
romantic getaways in northern Michigan,,13,northern michigan weekend getaways,https://www.northernmichigantravelguide.tips/northern-michigan-weekend-getaways,northernmichigantravelguide.tips,,62.2,National,Travel blog,2026-09-27,Paid outreach,outreach_ready,Independent stay article with a contact route. Suggested insertion: “Northern Michigan Weekend Getaways”.,51,69,observed,Northern Michigan Weekend Getaways,"In “Northern Michigan Weekend Getaways”, HHT’s this destination guide would add a list of hotels that marks private hot tubs separately from shared facilities.",https://www.northernmichigantravelguide.tips/contact,https://hotelhottubs.com/editors-choice,topic 22/35; insertion 25/25; credibility 0/25 (no firsthand; no author byline); ranking 4/15; contact 30/30; sponsorship unknown; conflict 25/25; price plausibility 14/20 inferred for an independent site; no published rate and no claim that they accept $50–100,"Independent publisher with an overnight-travel article. Affiliate links, when present, do not make this a booking marketplace."
hotels with fireplaces in the room,,13,what type of fireplaces is best for an exclusive hotel room,https://earthcore.com/news/what-type-of-fireplaces-is-best-for-an-exclusive-hotel-room/,earthcore.com,,60.1,National,Travel blog,2026-09-27,Paid outreach,outreach_ready,Independent stay article with a contact route. Suggested insertion: “Hotels Offering Luxurious Rooms”.,51,69,inferred,Hotels Offering Luxurious Rooms,"In “Hotels Offering Luxurious Rooms”, HHT’s this destination guide would add a list of hotels that marks private hot tubs separately from shared facilities.",https://earthcore.com/contact/who-we-are/,https://hotelhottubs.com/editors-choice,topic 22/35; insertion 25/25; credibility 0/25 (no firsthand; no author byline); ranking 4/15; contact 30/30; sponsorship unknown; conflict 25/25; price plausibility 14/20 inferred for an independent site; no published rate and no claim that they accept $50–100,"Stay roundup with a contact or about link. Classified as an independent publisher from the page, not from the domain name."
romantic hotels in Hot Springs AR,,13,romantic getaway ideas hot springs arkansas,https://glampinghub.com/rentalsearch/romantic-getaway-ideas-hot-springs-arkansas/,glampinghub.com,38,59.3,National,Travel blog,2026-09-27,Paid outreach,outreach_ready,"Independent stay article with a contact route. Suggested insertion: “Book a weekend getaway in Hot Springs, Arkansas: Vacations with your special someone await: The best romantic places to stay in Hot Springs, Arkansas here!”.",51,69,observed,"Book a weekend getaway in Hot Springs, Arkansas: Vacations with your special someone await: The best romantic places to stay in Hot Springs, Arkansas here!","In “Book a weekend getaway in Hot Springs, Arkansas: Vacations with your special someone await: The best romantic places to stay in Hot Springs, Arkansas here!”, HHT’s this destination guide would add a list of hotels that marks private hot tubs separately from shared facilities.",https://glampinghub.com/work-with-us,https://hotelhottubs.com/editors-choice,topic 22/35; insertion 25/25; credibility 0/25 (no firsthand; no author byline); ranking 4/15; contact 30/30; sponsorship unknown; conflict 25/25; price plausibility 14/20 inferred for an independent site; no published rate and no claim that they accept $50–100,"Independent publisher with an overnight-travel article. Affiliate links, when present, do not make this a booking marketplace."
romantic places to stay in Napa,,13,most romantic places stay napa valley,https://www.visitnapavalley.com/blog/post/most-romantic-places-stay-napa-valley/,visitnapavalley.com,,51.1,National,Tourism,2026-09-27,Paid outreach,outreach_ready,Independent stay article with a contact route. Suggested insertion: “Most Romantic Places to Stay in Napa Valley”.,51,69,inferred,Most Romantic Places to Stay in Napa Valley,"In “Most Romantic Places to Stay in Napa Valley”, HHT’s this destination guide would add a list of hotels that marks private hot tubs separately from shared facilities.",https://www.visitnapavalley.com/partners/,https://hotelhottubs.com/editors-choice,topic 22/35; insertion 25/25; credibility 0/25 (no firsthand; no author byline); ranking 4/15; contact 30/30; sponsorship unknown; conflict 25/25; price plausibility 14/20 inferred for an independent site; no published rate and no claim that they accept $50–100,"Stay roundup with a contact or about link. Classified as an independent publisher from the page, not from the domain name."
romantic hotels in Napa,,13,most romantic places stay napa valley,https://www.visitnapavalley.com/blog/post/most-romantic-places-stay-napa-valley/,visitnapavalley.com,,51.1,National,Tourism,2026-09-27,Paid outreach,outreach_ready,Independent stay article with a contact route. Suggested insertion: “Most Romantic Places to Stay in Napa Valley”.,51,69,inferred,Most Romantic Places to Stay in Napa Valley,"In “Most Romantic Places to Stay in Napa Valley”, HHT’s this destination guide would add a list of hotels that marks private hot tubs separately from shared facilities.",https://www.visitnapavalley.com/partners/,https://hotelhottubs.com/editors-choice,topic 22/35; insertion 25/25; credibility 0/25 (no firsthand; no author byline); ranking 4/15; contact 30/30; sponsorship unknown; conflict 25/25; price plausibility 14/20 inferred for an independent site; no published rate and no claim that they accept $50–100,"Stay roundup with a contact or about link. Classified as an independent publisher from the page, not from the domain name."
romantic getaways in texas,2900,14,romantic getaways in texas,https://www.sandkeyvacationrentals.com/romantic-getaways-in-texas,sandkeyvacationrentals.com,16,76.9,Texas,Travel blog,2026-09-11,Paid outreach,outreach_ready,Independent stay article with a contact route. Suggested insertion: “Romantic Getaways in Texas”.,65,69,inferred,Romantic Getaways in Texas,"In “Romantic Getaways in Texas”, HHT’s Texas guide would add a list of hotels that marks private hot tubs separately from shared facilities.",https://www.sandkeyvacationrentals.com/contact,https://hotelhottubs.com/texas,topic 32/35; insertion 25/25; credibility 0/25 (no firsthand; no author byline); ranking 8/15; contact 30/30; sponsorship unknown; conflict 25/25; price plausibility 14/20 inferred for an independent site; no published rate and no claim that they accept $50–100,"Stay roundup with a contact or about link. Classified as an independent publisher from the page, not from the domain name."
romantic getaways in oregon,880,14,plan the perfect romantic getaway any time of year on oregon s adventure coast,https://www.oregonsadventurecoast.com/blog/plan-the-perfect-romantic-getaway-any-time-of-year-on-oregon-s-adventure-coast/,oregonsadventurecoast.com,,74.0,Oregon,Travel blog,2026-09-27,Paid outreach,outreach_ready,Independent stay article with a contact route. Suggested insertion: “Where to Stay”.,80,69,observed,Where to Stay,"In “Where to Stay”, HHT’s Oregon guide would add a list of hotels that marks private hot tubs separately from shared facilities.",https://www.oregonsadventurecoast.com/contact,https://hotelhottubs.com/oregon,topic 32/35; insertion 25/25; credibility 15/25 (firsthand; no author byline); ranking 8/15; contact 30/30; sponsorship unknown; conflict 25/25; price plausibility 14/20 inferred for an independent site; no published rate and no claim that they accept $50–100,"Independent publisher with an overnight-travel article. Affiliate links, when present, do not make this a booking marketplace."
romantic hotels in kansas,590,14,romantic hotels kansas city anniversary getaway guide,https://southmoreland.com/romantic-hotels-kansas-city-anniversary-getaway-guide/,southmoreland.com,27,73.4,Kansas,Travel blog,2026-09-11,Paid outreach,outreach_ready,Independent stay article with a contact route. Suggested insertion: “2.1 Boutique vs. Traditional Hotels”.,65,69,inferred,2.1 Boutique vs. Traditional Hotels,"In “2.1 Boutique vs. Traditional Hotels”, HHT’s Kansas guide would add a list of hotels that marks private hot tubs separately from shared facilities.",https://southmoreland.com/wp-content/plugins/contact-form-7/includes/css/styles.css?ver=6.1.7,https://hotelhottubs.com/kansas,topic 32/35; insertion 25/25; credibility 0/25 (no firsthand; no author byline); ranking 8/15; contact 30/30; sponsorship unknown; conflict 25/25; price plausibility 14/20 inferred for an independent site; no published rate and no claim that they accept $50–100,"Stay roundup with a contact or about link. Classified as an independent publisher from the page, not from the domain name."
romantic getaways in louisiana,320,14,Why Louisianas Northshore is the Perfect Anniversary Destination,https://www.delableau.com/Blog/Why-Louisianas-Northshore-is-the-Perfect-Anniversary-Destination.html,delableau.com,,70.7,Louisiana,Travel blog,2026-09-27,Paid outreach,outreach_ready,Independent stay article with a contact route. Suggested insertion: “4. Romantic Accommodations”.,65,69,inferred,4. Romantic Accommodations,"In “4. Romantic Accommodations”, HHT’s Louisiana guide would add a list of hotels that marks private hot tubs separately from shared facilities.",https://www.delableau.com/Contact.html,https://hotelhottubs.com/louisiana,topic 32/35; insertion 25/25; credibility 0/25 (no firsthand; no author byline); ranking 8/15; contact 30/30; sponsorship unknown; conflict 25/25; price plausibility 14/20 inferred for an independent site; no published rate and no claim that they accept $50–100,"Stay roundup with a contact or about link. Classified as an independent publisher from the page, not from the domain name."
romantic getaways in Connecticut,,14,romantic getaways in connecticut,https://wheninyourstate.com/connecticut/romantic-getaways-in-connecticut/,wheninyourstate.com,,64.4,National,Travel blog,2026-09-27,Paid outreach,outreach_ready,Independent stay article with a contact route. Suggested insertion: “18 Romantic Getaways in Connecticut That Can Add Spice and Everything Nice Into Your Relationship”.,51,69,inferred,18 Romantic Getaways in Connecticut That Can Add Spice and Everything Nice Into Your Relationship,"In “18 Romantic Getaways in Connecticut That Can Add Spice and Everything Nice Into Your Relationship”, HHT’s this destination guide would add a list of hotels that marks private hot tubs separately from shared facilities.",https://wheninyourstate.com/contact/,https://hotelhottubs.com/editors-choice,topic 22/35; insertion 25/25; credibility 0/25 (no firsthand; no author byline); ranking 4/15; contact 30/30; sponsorship unknown; conflict 25/25; price plausibility 14/20 inferred for an independent site; no published rate and no claim that they accept $50–100,"Stay roundup with a contact or about link. Classified as an independent publisher from the page, not from the domain name."
romantic getaways in las vegas,,14,romantic hotels in las vegas,https://www.emptynestershittheroad.com/romantic-hotels-in-las-vegas/,emptynestershittheroad.com,,63.1,Las Vegas,Travel blog,2026-09-27,Paid outreach,outreach_ready,Independent stay article with a contact route. Suggested insertion: “The 6 Most Romantic Hotels In Las Vegas”.,76,69,observed,The 6 Most Romantic Hotels In Las Vegas,"In “The 6 Most Romantic Hotels In Las Vegas”, HHT’s Las Vegas guide would add a list of hotels that marks private hot tubs separately from shared facilities.",https://www.emptynestershittheroad.com/contact/,https://hotelhottubs.com/nevada/las-vegas,topic 32/35; insertion 25/25; credibility 15/25 (firsthand; no author byline); ranking 4/15; contact 30/30; sponsorship unknown; conflict 25/25; price plausibility 14/20 inferred for an independent site; no published rate and no claim that they accept $50–100,"Independent publisher with an overnight-travel article. Affiliate links, when present, do not make this a booking marketplace."
romantic getaways in missouri,880,14,plan your romantic getaway in st louis,https://explorestlouis.com/whats-new/plan-your-romantic-getaway-in-st-louis/,explorestlouis.com,,63.0,Missouri,Tourism,2026-09-27,Paid outreach,outreach_ready,Independent stay article with a contact route. Suggested insertion: “body mention of where to stay”.,65,69,inferred,body mention of where to stay,"In “body mention of where to stay”, HHT’s Missouri guide would add a list of hotels that marks private hot tubs separately from shared facilities.",https://advertiser-conversion.clicktripz.com/,https://hotelhottubs.com/missouri,topic 32/35; insertion 25/25; credibility 0/25 (no firsthand; no author byline); ranking 8/15; contact 30/30; sponsorship unknown; conflict 25/25; price plausibility 14/20 inferred for an independent site; no published rate and no claim that they accept $50–100,"Stay roundup with a contact or about link. Classified as an independent publisher from the page, not from the domain name."
romantic getaways in Pennsylvania,,14,honeymoon in pennsylvania hidden gems,https://roughcutlodge.com/honeymoon-in-pennsylvania-hidden-gems/,roughcutlodge.com,,62.2,National,Travel blog,2026-09-27,Paid outreach,outreach_ready,Independent stay article with a contact route. Suggested insertion: “4. What makes romantic getaways in Pennsylvania special”.,61,69,observed,4. What makes romantic getaways in Pennsylvania special,"In “4. What makes romantic getaways in Pennsylvania special”, HHT’s this destination guide would add a list of hotels that marks private hot tubs separately from shared facilities.",https://roughcutlodge.com/contact/,https://hotelhottubs.com/editors-choice,topic 22/35; insertion 25/25; credibility 10/25 (no firsthand; author); ranking 4/15; contact 30/30; sponsorship unknown; conflict 25/25; price plausibility 14/20 inferred for an independent site; no published rate and no claim that they accept $50–100,"Independent publisher with an overnight-travel article. Affiliate links, when present, do not make this a booking marketplace."
romantic getaways in hawaii,140,14,romantic getaways in hawaii honeymoon,https://honeymoonbackpackers.com/romantic-getaways-in-hawaii-honeymoon/,honeymoonbackpackers.com,,60.9,Hawaii,Wedding / honeymoon,2026-09-27,Paid outreach,outreach_ready,Independent stay article with a contact route. Suggested insertion: “The Most Romantic Getaways In Hawaii”.,65,69,inferred,The Most Romantic Getaways In Hawaii,"In “The Most Romantic Getaways In Hawaii”, HHT’s Hawaii guide would add a list of hotels that marks private hot tubs separately from shared facilities.",https://www.getyourguide.com/kauai-l659/sightseeing-flight-over-kauai-t15685/?partner_id=1CF16XR&amp;utm_medium=online_publisher&amp;placement=content-middle&amp;cmp=Hawaii,https://hotelhottubs.com/hawaii,topic 32/35; insertion 25/25; credibility 0/25 (no firsthand; no author byline); ranking 8/15; contact 30/30; sponsorship unknown; conflict 25/25; price plausibility 14/20 inferred for an independent site; no published rate and no claim that they accept $50–100,"Stay roundup with a contact or about link. Classified as an independent publisher from the page, not from the domain name."
romantic getaways in san antonio,,14,romantic getaway,https://www.visitsanantonio.com/plan-your-trip/itineraries/romantic-getaway/,visitsanantonio.com,,54.9,San Antonio,Tourism,2026-09-27,Paid outreach,outreach_ready,Independent stay article with a contact route. Suggested insertion: “Where to Stay”.,61,69,inferred,Where to Stay,"In “Where to Stay”, HHT’s San Antonio guide would add a list of hotels that marks private hot tubs separately from shared facilities.",https://www.visitsanantonio.com/contact-visit-san-antonio/,https://hotelhottubs.com/texas/san-antonio,topic 32/35; insertion 25/25; credibility 0/25 (no firsthand; no author byline); ranking 4/15; contact 30/30; sponsorship unknown; conflict 25/25; price plausibility 14/20 inferred for an independent site; no published rate and no claim that they accept $50–100,"Stay roundup with a contact or about link. Classified as an independent publisher from the page, not from the domain name."
weekend getaways in california,2400,15,weekend getaways from sf bay area,https://acharmingescape.com/weekend-getaways-from-sf-bay-area/,acharmingescape.com,27,75.1,California,Travel blog,2026-09-11,Paid outreach,outreach_ready,Independent stay article with a contact route. Suggested insertion: “15 Amazing Weekend Getaways From SF Bay Area”.,80,69,observed,15 Amazing Weekend Getaways From SF Bay Area,"In “15 Amazing Weekend Getaways From SF Bay Area”, HHT’s California guide would add a list of hotels that marks private hot tubs separately from shared facilities.",https://acharmingescape.com/about/,https://hotelhottubs.com/california,topic 32/35; insertion 25/25; credibility 15/25 (firsthand; no author byline); ranking 8/15; contact 18/30; openness 12/25; conflict 25/25; price plausibility 14/20 inferred for an independent site; no published rate and no claim that they accept $50–100,"Independent publisher with an overnight-travel article. Affiliate links, when present, do not make this a booking marketplace."
romantic hotels in wisconsin,320,15,romantic getaway for couples,https://cedarlodgedells.com/romantic-getaway-for-couples/,cedarlodgedells.com,26,73.7,Wisconsin,Travel blog,2026-09-11,Paid outreach,outreach_ready,Independent stay article with a contact route. Suggested insertion: “2. Exclusive Accommodations”.,65,69,inferred,2. Exclusive Accommodations,"In “2. Exclusive Accommodations”, HHT’s Wisconsin guide would add a list of hotels that marks private hot tubs separately from shared facilities.",https://cedarlodgedells.com/contact/,https://hotelhottubs.com/wisconsin,topic 32/35; insertion 25/25; credibility 0/25 (no firsthand; no author byline); ranking 8/15; contact 30/30; sponsorship unknown; conflict 25/25; price plausibility 14/20 inferred for an independent site; no published rate and no claim that they accept $50–100,"Stay roundup with a contact or about link. Classified as an independent publisher from the page, not from the domain name."
romantic getaways in tennessee,880,15,tennessee two top 5 romantic getaways tn,https://glampinghub.com/blog/tennessee-two-top-5-romantic-getaways-tn/,glampinghub.com,38,73.6,Tennessee,Travel blog,2026-09-27,Paid outreach,outreach_ready,"Independent stay article with a contact route. Suggested insertion: “Tennessee for two: Top 5 romantic getaways, TN”.",65,69,observed,"Tennessee for two: Top 5 romantic getaways, TN","In “Tennessee for two: Top 5 romantic getaways, TN”, HHT’s Tennessee guide would add a list of hotels that marks private hot tubs separately from shared facilities.",https://glampinghub.com/work-with-us,https://hotelhottubs.com/tennessee,topic 32/35; insertion 25/25; credibility 0/25 (no firsthand; no author byline); ranking 8/15; contact 30/30; sponsorship unknown; conflict 25/25; price plausibility 14/20 inferred for an independent site; no published rate and no claim that they accept $50–100,"Independent publisher with an overnight-travel article. Affiliate links, when present, do not make this a booking marketplace."
romantic getaways in new hampshire,590,15,romantic cabins new hampshire usa,https://glampinghub.com/rentalsearch/romantic-cabins-new-hampshire-usa/,glampinghub.com,38,71.9,New Hampshire,Travel blog,2026-09-27,Paid outreach,outreach_ready,Independent stay article with a contact route. Suggested insertion: “Romantic weekend cabin getaways in NH! Enjoy the best romantic cabins in NH for the perfect vacation: the best weekend getaways in NH rentals await”.,65,69,observed,Romantic weekend cabin getaways in NH! Enjoy the best romantic cabins in NH for the perfect vacation: the best weekend getaways in NH rentals await,"In “Romantic weekend cabin getaways in NH! Enjoy the best romantic cabins in NH for the perfect vacation: the best weekend getaways in NH rentals await”, HHT’s New Hampshire guide would add a list of hotels that marks private hot tubs separately from shared facilities.",https://glampinghub.com/work-with-us,https://hotelhottubs.com/new-hampshire,topic 32/35; insertion 25/25; credibility 0/25 (no firsthand; no author byline); ranking 8/15; contact 30/30; sponsorship unknown; conflict 25/25; price plausibility 14/20 inferred for an independent site; no published rate and no claim that they accept $50–100,"Independent publisher with an overnight-travel article. Affiliate links, when present, do not make this a booking marketplace."
romantic getaways in New Hampshire,,15,romantic cabins new hampshire usa,https://glampinghub.com/rentalsearch/romantic-cabins-new-hampshire-usa/,glampinghub.com,38,71.9,National,Travel blog,2026-09-27,Paid outreach,outreach_ready,Independent stay article with a contact route. Suggested insertion: “Romantic weekend cabin getaways in NH! Enjoy the best romantic cabins in NH for the perfect vacation: the best weekend getaways in NH rentals await”.,65,69,observed,Romantic weekend cabin getaways in NH! Enjoy the best romantic cabins in NH for the perfect vacation: the best weekend getaways in NH rentals await,"In “Romantic weekend cabin getaways in NH! Enjoy the best romantic cabins in NH for the perfect vacation: the best weekend getaways in NH rentals await”, HHT’s New Hampshire guide would add a list of hotels that marks private hot tubs separately from shared facilities.",https://glampinghub.com/work-with-us,https://hotelhottubs.com/new-hampshire,topic 32/35; insertion 25/25; credibility 0/25 (no firsthand; no author byline); ranking 8/15; contact 30/30; sponsorship unknown; conflict 25/25; price plausibility 14/20 inferred for an independent site; no published rate and no claim that they accept $50–100,"Independent publisher with an overnight-travel article. Affiliate links, when present, do not make this a booking marketplace."
romantic getaways in kansas,260,15,top 10 romantic getaways in kansas,https://www.greenvacationdeals.com/savings/hotel-deals/top-10-romantic-getaways-in-kansas/,greenvacationdeals.com,,70.9,Kansas,Travel blog,2026-09-27,Paid outreach,outreach_ready,Independent stay article with a contact route. Suggested insertion: “Discounts on Disney Hotels &#8211; Saratoga Springs &#038; Old Key West Resort Deals”.,65,69,inferred,Discounts on Disney Hotels &#8211; Saratoga Springs &#038; Old Key West Resort Deals,"In “Discounts on Disney Hotels &#8211; Saratoga Springs &#038; Old Key West Resort Deals”, HHT’s Kansas guide would add a list of hotels that marks private hot tubs separately from shared facilities.",http://www.greenvacationdeals.com/contact/,https://hotelhottubs.com/kansas,topic 32/35; insertion 25/25; credibility 0/25 (no firsthand; no author byline); ranking 8/15; contact 30/30; sponsorship unknown; conflict 25/25; price plausibility 14/20 inferred for an independent site; no published rate and no claim that they accept $50–100,"Stay roundup with a contact or about link. Classified as an independent publisher from the page, not from the domain name."
romantic getaways in florida,2400,15,romantic gulf coast getaways,https://www.visitfloridabeaches.com/blog/romantic-gulf-coast-getaways,visitfloridabeaches.com,30,61.9,Florida,Tourism,2026-09-11,Paid outreach,outreach_ready,Independent stay article with a contact route. Suggested insertion: “Romantic Gulf Coast Getaways: Planning the Perfect Escape”.,65,69,inferred,Romantic Gulf Coast Getaways: Planning the Perfect Escape,"In “Romantic Gulf Coast Getaways: Planning the Perfect Escape”, HHT’s Florida guide would add a list of hotels that marks private hot tubs separately from shared facilities.",https://www.visitfloridabeaches.com/contact-us,https://hotelhottubs.com/florida,topic 32/35; insertion 25/25; credibility 0/25 (no firsthand; no author byline); ranking 8/15; contact 30/30; sponsorship unknown; conflict 25/25; price plausibility 14/20 inferred for an independent site; no published rate and no claim that they accept $50–100,"Stay roundup with a contact or about link. Classified as an independent publisher from the page, not from the domain name."
couples getaways in florida,880,15,romantic gulf coast getaways,https://www.visitfloridabeaches.com/blog/romantic-gulf-coast-getaways,visitfloridabeaches.com,30,61.9,Florida,Tourism,2026-09-11,Paid outreach,outreach_ready,Independent stay article with a contact route. Suggested insertion: “Romantic Gulf Coast Getaways: Planning the Perfect Escape”.,65,69,inferred,Romantic Gulf Coast Getaways: Planning the Perfect Escape,"In “Romantic Gulf Coast Getaways: Planning the Perfect Escape”, HHT’s Florida guide would add a list of hotels that marks private hot tubs separately from shared facilities.",https://www.visitfloridabeaches.com/contact-us,https://hotelhottubs.com/florida,topic 32/35; insertion 25/25; credibility 0/25 (no firsthand; no author byline); ranking 8/15; contact 30/30; sponsorship unknown; conflict 25/25; price plausibility 14/20 inferred for an independent site; no published rate and no claim that they accept $50–100,"Stay roundup with a contact or about link. Classified as an independent publisher from the page, not from the domain name."
romantic places to stay in Santa Barbara,,15,romantic retreats in santa barbara with wine tours,https://www.sustainablewinetours.com/blog/romantic-retreats-in-santa-barbara-with-wine-tours/,sustainablewinetours.com,,61.0,National,Travel blog,2026-09-27,Paid outreach,outreach_ready,Independent stay article with a contact route. Suggested insertion: “body mention of where to stay”.,51,69,inferred,body mention of where to stay,"In “body mention of where to stay”, HHT’s this destination guide would add a list of hotels that marks private hot tubs separately from shared facilities.",https://www.sustainablewinetours.com/contact-us/,https://hotelhottubs.com/editors-choice,topic 22/35; insertion 25/25; credibility 0/25 (no firsthand; no author byline); ranking 4/15; contact 30/30; sponsorship unknown; conflict 25/25; price plausibility 14/20 inferred for an independent site; no published rate and no claim that they accept $50–100,"Stay roundup with a contact or about link. Classified as an independent publisher from the page, not from the domain name."
couples getaways in michigan,1000,16,4 romantic getaways in michigan,https://long-weekends.com/articles/weekend-guides/4-romantic-getaways-in-michigan/,long-weekends.com,29,77.3,Michigan,Travel blog,2026-09-11,Paid outreach,outreach_ready,Independent stay article with a contact route. Suggested insertion: “4 Romantic Getaways in Michigan”.,68,69,inferred,4 Romantic Getaways in Michigan,"In “4 Romantic Getaways in Michigan”, HHT’s Michigan guide would add a list of hotels that marks private hot tubs separately from shared facilities.",https://long-weekends.com/more/contact-us/,https://hotelhottubs.com/michigan,topic 32/35; insertion 25/25; credibility 0/25 (no firsthand; no author byline); ranking 11/15; contact 30/30; sponsorship unknown; conflict 25/25; price plausibility 14/20 inferred for an independent site; no published rate and no claim that they accept $50–100,"Stay roundup with a contact or about link. Classified as an independent publisher from the page, not from the domain name."
romantic getaways in Massachusetts,,16,romantic hotels in ma,https://www.getawaymavens.com/romantic-hotels-in-ma/,getawaymavens.com,30,62.7,National,Travel blog,2026-09-27,Paid outreach,outreach_ready,Independent stay article with a contact route. Suggested insertion: “23 Strikingly Romantic Hotels in MA”.,51,69,inferred,23 Strikingly Romantic Hotels in MA,"In “23 Strikingly Romantic Hotels in MA”, HHT’s this destination guide would add a list of hotels that marks private hot tubs separately from shared facilities.",https://www.getawaymavens.com/work-with-us/,https://hotelhottubs.com/editors-choice,topic 22/35; insertion 25/25; credibility 0/25 (no firsthand; no author byline); ranking 4/15; contact 30/30; sponsorship unknown; conflict 25/25; price plausibility 14/20 inferred for an independent site; no published rate and no claim that they accept $50–100,"Stay roundup with a contact or about link. Classified as an independent publisher from the page, not from the domain name."
romantic places to stay in Galena IL,,16,romantic places to stay in galena illinois,https://bicave.com/romantic-places-to-stay-in-galena-illinois/,bicave.com,,59.3,National,Travel blog,2026-09-27,Paid outreach,outreach_ready,"Independent stay article with a contact route. Suggested insertion: “Romantic Places to Stay in Galena, Illinois: Your Complete Guide to Enchanting Getaways”.",51,69,inferred,"Romantic Places to Stay in Galena, Illinois: Your Complete Guide to Enchanting Getaways","In “Romantic Places to Stay in Galena, Illinois: Your Complete Guide to Enchanting Getaways”, HHT’s this destination guide would add a list of hotels that marks private hot tubs separately from shared facilities.",https://gpsites.co/newsroom/contact/,https://hotelhottubs.com/editors-choice,topic 22/35; insertion 25/25; credibility 0/25 (no firsthand; no author byline); ranking 4/15; contact 30/30; sponsorship unknown; conflict 25/25; price plausibility 14/20 inferred for an independent site; no published rate and no claim that they accept $50–100,"Stay roundup with a contact or about link. Classified as an independent publisher from the page, not from the domain name."
romantic getaways in Lancaster PA,,16,couples trip to lancaster pa,https://www.discoverlancaster.com/blog/couples-trip-to-lancaster-pa/,discoverlancaster.com,,58.7,National,Travel blog,2026-09-27,Paid outreach,outreach_ready,Independent stay article with a contact route. Suggested insertion: “body mention of where to stay”.,51,69,inferred,body mention of where to stay,"In “body mention of where to stay”, HHT’s this destination guide would add a list of hotels that marks private hot tubs separately from shared facilities.",https://www.discoverlancaster.com/partners/,https://hotelhottubs.com/editors-choice,topic 22/35; insertion 25/25; credibility 0/25 (no firsthand; no author byline); ranking 4/15; contact 30/30; sponsorship unknown; conflict 25/25; price plausibility 14/20 inferred for an independent site; no published rate and no claim that they accept $50–100,"Stay roundup with a contact or about link. Classified as an independent publisher from the page, not from the domain name."
romantic getaways in arizona,720,17,the best of the southwest 5 romantic getaways in arizona for the perfect valentines day,https://flagstaff.littleamerica.com/the-best-of-the-southwest-5-romantic-getaways-in-arizona-for-the-perfect-valentines-day/,littleamerica.com,,71.5,Arizona,Travel blog,2026-09-27,Paid outreach,outreach_ready,Independent stay article with a contact route. Suggested insertion: “Accommodations”.,65,69,inferred,Accommodations,"In “Accommodations”, HHT’s Arizona guide would add a list of hotels that marks private hot tubs separately from shared facilities.",https://flagstaff.littleamerica.com/meetings-events/contact-rfp/,https://hotelhottubs.com/arizona,topic 32/35; insertion 25/25; credibility 0/25 (no firsthand; no author byline); ranking 8/15; contact 30/30; sponsorship unknown; conflict 25/25; price plausibility 14/20 inferred for an independent site; no published rate and no claim that they accept $50–100,"Stay roundup with a contact or about link. Classified as an independent publisher from the page, not from the domain name."
romantic getaways in virginia,880,17,romantic getaways in va,https://www.letsroam.com/explorer/romantic-getaways-in-va/,letsroam.com,48,71.5,Virginia,Travel blog,2026-09-11,Paid outreach,outreach_ready,Independent stay article with a contact route. Suggested insertion: “The Most Romantic Getaways in Virginia”.,65,69,inferred,The Most Romantic Getaways in Virginia,"In “The Most Romantic Getaways in Virginia”, HHT’s Virginia guide would add a list of hotels that marks private hot tubs separately from shared facilities.",https://www.letsroam.com/contact_us,https://hotelhottubs.com/virginia,topic 32/35; insertion 25/25; credibility 0/25 (no firsthand; no author byline); ranking 8/15; contact 30/30; sponsorship unknown; conflict 25/25; price plausibility 14/20 inferred for an independent site; no published rate and no claim that they accept $50–100,"Stay roundup with a contact or about link. Classified as an independent publisher from the page, not from the domain name."
romantic getaways in hawaii,140,17,15 best romantic weekend getaways hawaii,https://www.thecrazytourist.com/15-best-romantic-weekend-getaways-hawaii/,thecrazytourist.com,,70.7,Hawaii,Travel blog,2026-09-27,Paid outreach,outreach_ready,Independent stay article with a contact route. Suggested insertion: “15 Best Romantic (Weekend) Getaways in Hawaii”.,75,69,observed,15 Best Romantic (Weekend) Getaways in Hawaii,"In “15 Best Romantic (Weekend) Getaways in Hawaii”, HHT’s Hawaii guide would add a list of hotels that marks private hot tubs separately from shared facilities.",https://www.thecrazytourist.com/contact/,https://hotelhottubs.com/hawaii,topic 32/35; insertion 25/25; credibility 10/25 (no firsthand; author); ranking 8/15; contact 30/30; sponsorship unknown; conflict 25/25; price plausibility 14/20 inferred for an independent site; no published rate and no claim that they accept $50–100,"Independent publisher with an overnight-travel article. Affiliate links, when present, do not make this a booking marketplace."
romantic getaways from Washington DC,,17,washington dc,https://www.fivestaralliance.com/luxury-hotels-worldwide/type/romantic-getaways/303/north-america/united-states-south/washington-dc,fivestaralliance.com,,67.0,National,Local media,2026-09-27,Paid outreach,outreach_ready,Independent stay article with a contact route. Suggested insertion: “body mention of where to stay”.,51,69,inferred,body mention of where to stay,"In “body mention of where to stay”, HHT’s this destination guide would add a list of hotels that marks private hot tubs separately from shared facilities.",https://www.fivestaralliance.com/luxury-hotel-experts/contact-us,https://hotelhottubs.com/editors-choice,topic 22/35; insertion 25/25; credibility 0/25 (no firsthand; no author byline); ranking 4/15; contact 30/30; sponsorship unknown; conflict 25/25; price plausibility 14/20 inferred for an independent site; no published rate and no claim that they accept $50–100,"Stay roundup with a contact or about link. Classified as an independent publisher from the page, not from the domain name."
romantic getaways in kansas city,,17,romantic places to stay in kansas city,https://www.cozyinkc.com/blog/romantic-places-to-stay-in-kansas-city,cozyinkc.com,,63.1,Kansas City,Travel blog,2026-09-27,Paid outreach,outreach_ready,Independent stay article with a contact route. Suggested insertion: “Romantic Places to Stay in Kansas City for Anniversaries and Spontaneous Getaways”.,71,69,observed,Romantic Places to Stay in Kansas City for Anniversaries and Spontaneous Getaways,"In “Romantic Places to Stay in Kansas City for Anniversaries and Spontaneous Getaways”, HHT’s Kansas City guide would add a list of hotels that marks private hot tubs separately from shared facilities.",https://www.cozyinkc.com/community-partners,https://hotelhottubs.com/missouri/kansas-city,topic 32/35; insertion 25/25; credibility 10/25 (no firsthand; author); ranking 4/15; contact 30/30; sponsorship unknown; conflict 25/25; price plausibility 14/20 inferred for an independent site; no published rate and no claim that they accept $50–100,"Independent publisher with an overnight-travel article. Affiliate links, when present, do not make this a booking marketplace."
romantic getaways near Houston,,17,romantic getaways in houston,https://itineraryplans.com/place/romantic-getaways-in-houston/,itineraryplans.com,,62.9,National,Travel blog,2026-09-27,Paid outreach,outreach_ready,Independent stay article with a contact route. Suggested insertion: “13 Romantic Getaways In Houston”.,51,69,inferred,13 Romantic Getaways In Houston,"In “13 Romantic Getaways In Houston”, HHT’s this destination guide would add a list of hotels that marks private hot tubs separately from shared facilities.",https://itineraryplans.com/contact-us/,https://hotelhottubs.com/editors-choice,topic 22/35; insertion 25/25; credibility 0/25 (no firsthand; no author byline); ranking 4/15; contact 30/30; sponsorship unknown; conflict 25/25; price plausibility 14/20 inferred for an independent site; no published rate and no claim that they accept $50–100,"Stay roundup with a contact or about link. Classified as an independent publisher from the page, not from the domain name."
romantic getaways in Connecticut,,17,15 best romantic weekend getaways connecticut,https://www.thecrazytourist.com/15-best-romantic-weekend-getaways-connecticut/,thecrazytourist.com,,62.7,National,Travel blog,2026-09-27,Paid outreach,outreach_ready,Independent stay article with a contact route. Suggested insertion: “15 Best Romantic (Weekend) Getaways in Connecticut”.,61,69,observed,15 Best Romantic (Weekend) Getaways in Connecticut,"In “15 Best Romantic (Weekend) Getaways in Connecticut”, HHT’s this destination guide would add a list of hotels that marks private hot tubs separately from shared facilities.",https://www.thecrazytourist.com/contact/,https://hotelhottubs.com/editors-choice,topic 22/35; insertion 25/25; credibility 10/25 (no firsthand; author); ranking 4/15; contact 30/30; sponsorship unknown; conflict 25/25; price plausibility 14/20 inferred for an independent site; no published rate and no claim that they accept $50–100,"Independent publisher with an overnight-travel article. Affiliate links, when present, do not make this a booking marketplace."
romantic getaways in Lake Tahoe,,17,secluded romantic cabins lake tahoe california,https://glampinghub.com/rentalsearch/secluded-romantic-cabins-lake-tahoe-california/,glampinghub.com,38,61.2,National,Travel blog,2026-09-27,Paid outreach,outreach_ready,Independent stay article with a contact route. Suggested insertion: “Most popular accommodations”.,51,69,observed,Most popular accommodations,"In “Most popular accommodations”, HHT’s this destination guide would add a list of hotels that marks private hot tubs separately from shared facilities.",https://glampinghub.com/work-with-us,https://hotelhottubs.com/editors-choice,topic 22/35; insertion 25/25; credibility 0/25 (no firsthand; no author byline); ranking 4/15; contact 30/30; sponsorship unknown; conflict 25/25; price plausibility 14/20 inferred for an independent site; no published rate and no claim that they accept $50–100,"Independent publisher with an overnight-travel article. Affiliate links, when present, do not make this a booking marketplace."
romantic getaways near Austin,,17,weekend getaway in texas hill country for couples,https://www.flint-flowers.com/post/weekend-getaway-in-texas-hill-country-for-couples,flint-flowers.com,,60.4,National,Travel blog,2026-09-27,Paid outreach,outreach_ready,Independent stay article with a contact route. Suggested insertion: “body mention of where to stay”.,51,69,inferred,body mention of where to stay,"In “body mention of where to stay”, HHT’s this destination guide would add a list of hotels that marks private hot tubs separately from shared facilities.",https://www.flintandflowers.com/contact-us,https://hotelhottubs.com/editors-choice,topic 22/35; insertion 25/25; credibility 0/25 (no firsthand; no author byline); ranking 4/15; contact 30/30; sponsorship unknown; conflict 25/25; price plausibility 14/20 inferred for an independent site; no published rate and no claim that they accept $50–100,"Stay roundup with a contact or about link. Classified as an independent publisher from the page, not from the domain name."
romantic hotels in Sedona,,17,sedona hotels best red rock views,https://www.themostperfectview.com/sedona-hotels-best-red-rock-views,themostperfectview.com,,58.2,National,Travel blog,2026-09-27,Paid outreach,outreach_ready,Independent stay article with a contact route. Suggested insertion: “Sedona Hotels With Views”.,51,69,inferred,Sedona Hotels With Views,"In “Sedona Hotels With Views”, HHT’s this destination guide would add a list of hotels that marks private hot tubs separately from shared facilities.",https://www.themostperfectview.com/contact,https://hotelhottubs.com/editors-choice,topic 22/35; insertion 25/25; credibility 0/25 (no firsthand; no author byline); ranking 4/15; contact 30/30; sponsorship unknown; conflict 25/25; price plausibility 14/20 inferred for an independent site; no published rate and no claim that they accept $50–100,"Stay roundup with a contact or about link. Classified as an independent publisher from the page, not from the domain name."
romantic getaways in kansas,260,18,romantic hotels kansas city anniversary getaway guide,https://southmoreland.com/romantic-hotels-kansas-city-anniversary-getaway-guide/,southmoreland.com,27,73.4,Kansas,Travel blog,2026-09-11,Paid outreach,outreach_ready,Independent stay article with a contact route. Suggested insertion: “2.1 Boutique vs. Traditional Hotels”.,65,69,inferred,2.1 Boutique vs. Traditional Hotels,"In “2.1 Boutique vs. Traditional Hotels”, HHT’s Kansas guide would add a list of hotels that marks private hot tubs separately from shared facilities.",https://southmoreland.com/wp-content/plugins/contact-form-7/includes/css/styles.css?ver=6.1.7,https://hotelhottubs.com/kansas,topic 32/35; insertion 25/25; credibility 0/25 (no firsthand; no author byline); ranking 8/15; contact 30/30; sponsorship unknown; conflict 25/25; price plausibility 14/20 inferred for an independent site; no published rate and no claim that they accept $50–100,"Stay roundup with a contact or about link. Classified as an independent publisher from the page, not from the domain name."
romantic getaways in northern Michigan,,18,the most romantic getaways in northern michigan plan your dream escape to the inn at stonecliffe,https://www.theinnatstonecliffe.com/blog/the-most-romantic-getaways-in-northern-michigan-plan-your-dream-escape-to-the-inn-at-stonecliffe,theinnatstonecliffe.com,36,72.5,National,Travel blog,2026-09-11,Paid outreach,outreach_ready,Independent stay article with a contact route. Suggested insertion: “The Most Romantic Getaways in Northern Michigan: Plan Your Dream Escape to The Inn at Stonecliffe”.,65,69,inferred,The Most Romantic Getaways in Northern Michigan: Plan Your Dream Escape to The Inn at Stonecliffe,"In “The Most Romantic Getaways in Northern Michigan: Plan Your Dream Escape to The Inn at Stonecliffe”, HHT’s Michigan guide would add a list of hotels that marks private hot tubs separately from shared facilities.",https://www.theinnatstonecliffe.com/contact-us,https://hotelhottubs.com/michigan,topic 32/35; insertion 25/25; credibility 0/25 (no firsthand; no author byline); ranking 8/15; contact 30/30; sponsorship unknown; conflict 25/25; price plausibility 14/20 inferred for an independent site; no published rate and no claim that they accept $50–100,"Stay roundup with a contact or about link. Classified as an independent publisher from the page, not from the domain name."
romantic getaways in tennessee,880,18,weekend getaways in tennessee for couples,https://hemlockhillscabinrentals.com/blog/weekend-getaways-in-tennessee-for-couples/,hemlockhillscabinrentals.com,,71.9,Tennessee,Travel blog,2026-09-27,Paid outreach,outreach_ready,Independent stay article with a contact route. Suggested insertion: “Top 8 Weekend Getaways in Tennessee for Couples”.,65,69,inferred,Top 8 Weekend Getaways in Tennessee for Couples,"In “Top 8 Weekend Getaways in Tennessee for Couples”, HHT’s Tennessee guide would add a list of hotels that marks private hot tubs separately from shared facilities.",https://hemlockhillscabinrentals.com/contact-us/,https://hotelhottubs.com/tennessee,topic 32/35; insertion 25/25; credibility 0/25 (no firsthand; no author byline); ranking 8/15; contact 30/30; sponsorship unknown; conflict 25/25; price plausibility 14/20 inferred for an independent site; no published rate and no claim that they accept $50–100,"Stay roundup with a contact or about link. Classified as an independent publisher from the page, not from the domain name."
romantic getaways in New England,,18,romantic getaways in massachusetts,https://yourtimetofly.com/romantic-getaways-in-massachusetts/,yourtimetofly.com,32,70.0,National,Travel blog,2026-09-27,Paid outreach,outreach_ready,Independent stay article with a contact route. Suggested insertion: “17 Cozy Romantic Getaways in Massachusetts for Couples”.,62,69,inferred,17 Cozy Romantic Getaways in Massachusetts for Couples,"In “17 Cozy Romantic Getaways in Massachusetts for Couples”, HHT’s this destination guide would add a list of hotels that marks private hot tubs separately from shared facilities.",https://yourtimetofly.com/about/,https://hotelhottubs.com/editors-choice,topic 22/35; insertion 25/25; credibility 0/25 (no firsthand; no author byline); ranking 15/15; contact 18/30; openness 12/25; conflict 25/25; price plausibility 14/20 inferred for an independent site; no published rate and no claim that they accept $50–100,"Stay roundup with a contact or about link. Classified as an independent publisher from the page, not from the domain name."
romantic getaways in Door County,,18,couples getaway in door county wisconsin,https://www.gliddenlodge.com/2022/07/couples-getaway-in-door-county-wisconsin/,gliddenlodge.com,,62.2,National,Travel blog,2026-09-27,Paid outreach,outreach_ready,Independent stay article with a contact route. Suggested insertion: “Door County Hotels and Resorts”.,51,69,inferred,Door County Hotels and Resorts,"In “Door County Hotels and Resorts”, HHT’s this destination guide would add a list of hotels that marks private hot tubs separately from shared facilities.",https://www.gliddenlodge.com/contact-us/,https://hotelhottubs.com/editors-choice,topic 22/35; insertion 25/25; credibility 0/25 (no firsthand; no author byline); ranking 4/15; contact 30/30; sponsorship unknown; conflict 25/25; price plausibility 14/20 inferred for an independent site; no published rate and no claim that they accept $50–100,"Stay roundup with a contact or about link. Classified as an independent publisher from the page, not from the domain name."
romantic places to stay in Palm Springs,,18,couples getaway guide to palm springs,https://www.crumbkisses.com/couples-getaway-guide-to-palm-springs,crumbkisses.com,,59.3,National,Travel blog,2026-09-27,Paid outreach,outreach_ready,Independent stay article with a contact route. Suggested insertion: “Where to stay”.,66,69,observed,Where to stay,"In “Where to stay”, HHT’s this destination guide would add a list of hotels that marks private hot tubs separately from shared facilities.",https://www.crumbkisses.com/work-with-us,https://hotelhottubs.com/editors-choice,topic 22/35; insertion 25/25; credibility 15/25 (firsthand; no author byline); ranking 4/15; contact 30/30; sponsorship unknown; conflict 25/25; price plausibility 14/20 inferred for an independent site; no published rate and no claim that they accept $50–100,"Independent publisher with an overnight-travel article. Affiliate links, when present, do not make this a booking marketplace."
romantic resorts in virginia,880,19,romantic getaways in va,https://www.letsroam.com/explorer/romantic-getaways-in-va/,letsroam.com,48,71.5,Virginia,Travel blog,2026-09-11,Paid outreach,outreach_ready,Independent stay article with a contact route. Suggested insertion: “The Most Romantic Getaways in Virginia”.,65,69,inferred,The Most Romantic Getaways in Virginia,"In “The Most Romantic Getaways in Virginia”, HHT’s Virginia guide would add a list of hotels that marks private hot tubs separately from shared facilities.",https://www.letsroam.com/contact_us,https://hotelhottubs.com/virginia,topic 32/35; insertion 25/25; credibility 0/25 (no firsthand; no author byline); ranking 8/15; contact 30/30; sponsorship unknown; conflict 25/25; price plausibility 14/20 inferred for an independent site; no published rate and no claim that they accept $50–100,"Stay roundup with a contact or about link. Classified as an independent publisher from the page, not from the domain name."
romantic getaways in new mexico,210,19,romantic accommodations in santa fe nm,https://www.laposadadesantafe.com/blog/romantic-accommodations-in-santa-fe-nm/,laposadadesantafe.com,,68.0,New Mexico,Travel blog,2026-09-27,Paid outreach,outreach_ready,"Independent stay article with a contact route. Suggested insertion: “Romantic Accommodations in Santa Fe, NM”.",65,69,inferred,"Romantic Accommodations in Santa Fe, NM","In “Romantic Accommodations in Santa Fe, NM”, HHT’s New Mexico guide would add a list of hotels that marks private hot tubs separately from shared facilities.",https://www.laposadadesantafe.com/contact-us/,https://hotelhottubs.com/new-mexico,topic 32/35; insertion 25/25; credibility 0/25 (no firsthand; no author byline); ranking 8/15; contact 30/30; sponsorship unknown; conflict 25/25; price plausibility 14/20 inferred for an independent site; no published rate and no claim that they accept $50–100,"Stay roundup with a contact or about link. Classified as an independent publisher from the page, not from the domain name."
romantic getaways in Massachusetts,,19,escape to the bay state dreamy and romantic getaways in massachusetts,https://wequassett.com/press-news/escape-to-the-bay-state-dreamy-and-romantic-getaways-in-massachusetts/,wequassett.com,,61.0,National,Travel blog,2026-09-27,Paid outreach,outreach_ready,Independent stay article with a contact route. Suggested insertion: “Escape to the Bay State—18 Dreamy and Romantic Getaways in Massachusetts”.,51,69,inferred,Escape to the Bay State—18 Dreamy and Romantic Getaways in Massachusetts,"In “Escape to the Bay State—18 Dreamy and Romantic Getaways in Massachusetts”, HHT’s this destination guide would add a list of hotels that marks private hot tubs separately from shared facilities.",https://wequassett.com/contact-us/,https://hotelhottubs.com/editors-choice,topic 22/35; insertion 25/25; credibility 0/25 (no firsthand; no author byline); ranking 4/15; contact 30/30; sponsorship unknown; conflict 25/25; price plausibility 14/20 inferred for an independent site; no published rate and no claim that they accept $50–100,"Stay roundup with a contact or about link. Classified as an independent publisher from the page, not from the domain name."
romantic places to stay in Asheville,,19,romantic asheville getaways north carolina,https://glampinghub.com/rentalsearch/romantic-asheville-getaways-north-carolina/,glampinghub.com,38,60.4,National,Travel blog,2026-09-27,Paid outreach,outreach_ready,Independent stay article with a contact route. Suggested insertion: “Romantic Asheville Getaways”.,51,69,observed,Romantic Asheville Getaways,"In “Romantic Asheville Getaways”, HHT’s this destination guide would add a list of hotels that marks private hot tubs separately from shared facilities.",https://glampinghub.com/work-with-us,https://hotelhottubs.com/editors-choice,topic 22/35; insertion 25/25; credibility 0/25 (no firsthand; no author byline); ranking 4/15; contact 30/30; sponsorship unknown; conflict 25/25; price plausibility 14/20 inferred for an independent site; no published rate and no claim that they accept $50–100,"Independent publisher with an overnight-travel article. Affiliate links, when present, do not make this a booking marketplace."
romantic resorts in michigan,2400,20,the most romantic getaways in northern michigan plan your dream escape to the inn at stonecliffe,https://www.theinnatstonecliffe.com/blog/the-most-romantic-getaways-in-northern-michigan-plan-your-dream-escape-to-the-inn-at-stonecliffe,theinnatstonecliffe.com,36,72.5,Michigan,Travel blog,2026-09-11,Paid outreach,outreach_ready,Independent stay article with a contact route. Suggested insertion: “The Most Romantic Getaways in Northern Michigan: Plan Your Dream Escape to The Inn at Stonecliffe”.,65,69,inferred,The Most Romantic Getaways in Northern Michigan: Plan Your Dream Escape to The Inn at Stonecliffe,"In “The Most Romantic Getaways in Northern Michigan: Plan Your Dream Escape to The Inn at Stonecliffe”, HHT’s Michigan guide would add a list of hotels that marks private hot tubs separately from shared facilities.",https://www.theinnatstonecliffe.com/contact-us,https://hotelhottubs.com/michigan,topic 32/35; insertion 25/25; credibility 0/25 (no firsthand; no author byline); ranking 8/15; contact 30/30; sponsorship unknown; conflict 25/25; price plausibility 14/20 inferred for an independent site; no published rate and no claim that they accept $50–100,"Stay roundup with a contact or about link. Classified as an independent publisher from the page, not from the domain name."
romantic resorts in georgia,2400,20,8 romantic mountain getaways in georgia,https://endlessfamilytravels.com/8-romantic-mountain-getaways-in-georgia/,endlessfamilytravels.com,23,71.0,Georgia,Travel blog,2026-09-11,Paid outreach,outreach_ready,Independent stay article with a contact route. Suggested insertion: “8 Romantic Mountain Getaways in Georgia”.,80,69,inferred,8 Romantic Mountain Getaways in Georgia,"In “8 Romantic Mountain Getaways in Georgia”, HHT’s Georgia guide would add a list of hotels that marks private hot tubs separately from shared facilities.",https://endlessfamilytravels.com/about-us/,https://hotelhottubs.com/georgia,topic 32/35; insertion 25/25; credibility 15/25 (firsthand; no author byline); ranking 8/15; contact 18/30; openness 12/25; conflict 25/25; price plausibility 14/20 inferred for an independent site; no published rate and no claim that they accept $50–100,"Stay roundup with a contact or about link. Classified as an independent publisher from the page, not from the domain name."
weekend getaways in georgia,1000,20,quick getaways from atlanta ideal long weekend road trips,https://theonehundredcollection.com/travel/quick-getaways-from-atlanta-ideal-long-weekend-road-trips,theonehundredcollection.com,36,70.8,Georgia,Travel blog,2026-09-11,Paid outreach,outreach_ready,Independent stay article with a contact route. Suggested insertion: “Quick Getaways from Atlanta: Ideal Long Weekend Road Trips”.,65,69,inferred,Quick Getaways from Atlanta: Ideal Long Weekend Road Trips,"In “Quick Getaways from Atlanta: Ideal Long Weekend Road Trips”, HHT’s Georgia guide would add a list of hotels that marks private hot tubs separately from shared facilities.",https://theonehundredcollection.com/partners,https://hotelhottubs.com/georgia,topic 32/35; insertion 25/25; credibility 0/25 (no firsthand; no author byline); ranking 8/15; contact 30/30; sponsorship unknown; conflict 25/25; price plausibility 14/20 inferred for an independent site; no published rate and no claim that they accept $50–100,"Stay roundup with a contact or about link. Classified as an independent publisher from the page, not from the domain name."
romantic getaways in kentucky,720,20,romantic tree house getaways frankfort kentucky 718,https://glampinghub.com/rentalsearch/romantic-tree-house-getaways-frankfort-kentucky-718/,glampinghub.com,38,69.2,Kentucky,Travel blog,2026-09-27,Paid outreach,outreach_ready,"Independent stay article with a contact route. Suggested insertion: “Romantic Tree House Getaways near Frankfort, Kentucky”.",65,69,observed,"Romantic Tree House Getaways near Frankfort, Kentucky","In “Romantic Tree House Getaways near Frankfort, Kentucky”, HHT’s Kentucky guide would add a list of hotels that marks private hot tubs separately from shared facilities.",https://glampinghub.com/work-with-us,https://hotelhottubs.com/kentucky,topic 32/35; insertion 25/25; credibility 0/25 (no firsthand; no author byline); ranking 8/15; contact 30/30; sponsorship unknown; conflict 25/25; price plausibility 14/20 inferred for an independent site; no published rate and no claim that they accept $50–100,"Independent publisher with an overnight-travel article. Affiliate links, when present, do not make this a booking marketplace."
romantic getaways in south carolina,590,20,best southern vacation spots for couples,https://nobaggagerequired.com/best-southern-vacation-spots-for-couples/,nobaggagerequired.com,,68.5,South Carolina,Travel blog,2026-09-27,Paid outreach,outreach_ready,Independent stay article with a contact route. Suggested insertion: “Charleston Hotels for Couples”.,80,69,observed,Charleston Hotels for Couples,"In “Charleston Hotels for Couples”, HHT’s South Carolina guide would add a list of hotels that marks private hot tubs separately from shared facilities.",https://nobaggagerequired.com/about-us/,https://hotelhottubs.com/south-carolina,topic 32/35; insertion 25/25; credibility 15/25 (firsthand; no author byline); ranking 8/15; contact 18/30; openness 12/25; conflict 25/25; price plausibility 14/20 inferred for an independent site; no published rate and no claim that they accept $50–100,"Independent publisher with an overnight-travel article. Affiliate links, when present, do not make this a booking marketplace."
romantic getaways in South Carolina,,20,best southern vacation spots for couples,https://nobaggagerequired.com/best-southern-vacation-spots-for-couples/,nobaggagerequired.com,,68.5,National,Travel blog,2026-09-27,Paid outreach,outreach_ready,Independent stay article with a contact route. Suggested insertion: “Charleston Hotels for Couples”.,80,69,observed,Charleston Hotels for Couples,"In “Charleston Hotels for Couples”, HHT’s South Carolina guide would add a list of hotels that marks private hot tubs separately from shared facilities.",https://nobaggagerequired.com/about-us/,https://hotelhottubs.com/south-carolina,topic 32/35; insertion 25/25; credibility 15/25 (firsthand; no author byline); ranking 8/15; contact 18/30; openness 12/25; conflict 25/25; price plausibility 14/20 inferred for an independent site; no published rate and no claim that they accept $50–100,"Independent publisher with an overnight-travel article. Affiliate links, when present, do not make this a booking marketplace."
romantic getaways in wyoming,110,20,wyomings hidden gems romantic getaways beyond yellowstone,https://traveldreamsmagazine.com/wyomings-hidden-gems-romantic-getaways-beyond-yellowstone/,traveldreamsmagazine.com,,67.9,Wyoming,Travel blog,2026-09-27,Paid outreach,outreach_ready,Independent stay article with a contact route. Suggested insertion: “Wyoming&#8217;s Hidden Gems: Romantic Getaways Beyond Yellowstone”.,65,69,inferred,Wyoming&#8217;s Hidden Gems: Romantic Getaways Beyond Yellowstone,"In “Wyoming&#8217;s Hidden Gems: Romantic Getaways Beyond Yellowstone”, HHT’s Wyoming guide would add a list of hotels that marks private hot tubs separately from shared facilities.",https://traveldreamsmagazine.com/contact/,https://hotelhottubs.com/wyoming,topic 32/35; insertion 25/25; credibility 0/25 (no firsthand; no author byline); ranking 8/15; contact 30/30; sponsorship unknown; conflict 25/25; price plausibility 14/20 inferred for an independent site; no published rate and no claim that they accept $50–100,"Stay roundup with a contact or about link. Classified as an independent publisher from the page, not from the domain name."
weekend getaways in alabama,480,20,drivable destination guide from birmingham alabama,https://www.abbays-escapes.com/blog/drivable-destination-guide-from-birmingham-alabama,abbays-escapes.com,,67.7,Alabama,Travel blog,2026-09-27,Paid outreach,outreach_ready,Independent stay article with a contact route. Suggested insertion: “body mention of where to stay”.,75,69,observed,body mention of where to stay,"In “body mention of where to stay”, HHT’s Alabama guide would add a list of hotels that marks private hot tubs separately from shared facilities.",https://www.abbays-escapes.com/partners,https://hotelhottubs.com/alabama,topic 32/35; insertion 25/25; credibility 10/25 (no firsthand; author); ranking 8/15; contact 30/30; sponsorship unknown; conflict 25/25; price plausibility 14/20 inferred for an independent site; no published rate and no claim that they accept $50–100,"Independent publisher with an overnight-travel article. Affiliate links, when present, do not make this a booking marketplace."
romantic getaways from Dallas,,20,romantic cabin getaways dallas texas,https://glampinghub.com/rentalsearch/romantic-cabin-getaways-dallas-texas/,glampinghub.com,38,58.8,National,Travel blog,2026-09-27,Paid outreach,outreach_ready,"Independent stay article with a contact route. Suggested insertion: “Romantic Cabin Getaways in Dallas, Texas”.",51,69,observed,"Romantic Cabin Getaways in Dallas, Texas","In “Romantic Cabin Getaways in Dallas, Texas”, HHT’s this destination guide would add a list of hotels that marks private hot tubs separately from shared facilities.",https://glampinghub.com/work-with-us,https://hotelhottubs.com/editors-choice,topic 22/35; insertion 25/25; credibility 0/25 (no firsthand; no author byline); ranking 4/15; contact 30/30; sponsorship unknown; conflict 25/25; price plausibility 14/20 inferred for an independent site; no published rate and no claim that they accept $50–100,"Independent publisher with an overnight-travel article. Affiliate links, when present, do not make this a booking marketplace."
romantic hotels in Cape Cod,,20,discover the most romantic places to stay in cape cod for an unforgettable getaway,https://www.freebirdmotorlodge.com/post/discover-the-most-romantic-places-to-stay-in-cape-cod-for-an-unforgettable-getaway,freebirdmotorlodge.com,,58.2,National,Travel blog,2026-09-27,Paid outreach,outreach_ready,Independent stay article with a contact route. Suggested insertion: “Discover the Most Romantic Places to Stay in Cape Cod for an Unforgettable Getaway”.,61,69,observed,Discover the Most Romantic Places to Stay in Cape Cod for an Unforgettable Getaway,"In “Discover the Most Romantic Places to Stay in Cape Cod for an Unforgettable Getaway”, HHT’s this destination guide would add a list of hotels that marks private hot tubs separately from shared facilities.",https://www.freebirdmotorlodge.com/contact,https://hotelhottubs.com/editors-choice,topic 22/35; insertion 25/25; credibility 10/25 (no firsthand; author); ranking 4/15; contact 30/30; sponsorship unknown; conflict 25/25; price plausibility 14/20 inferred for an independent site; no published rate and no claim that they accept $50–100,"Independent publisher with an overnight-travel article. Affiliate links, when present, do not make this a booking marketplace."
romantic getaways in delaware,110,20,itinerary,https://www.visitdelaware.com/places/southern/itinerary/,visitdelaware.com,,55.1,Delaware,Tourism,2026-09-27,Paid outreach,outreach_ready,Independent stay article with a contact route. Suggested insertion: “body mention of where to stay”.,65,69,inferred,body mention of where to stay,"In “body mention of where to stay”, HHT’s Delaware guide would add a list of hotels that marks private hot tubs separately from shared facilities.",https://www.visitdelaware.com/contact/,https://hotelhottubs.com/delaware,topic 32/35; insertion 25/25; credibility 0/25 (no firsthand; no author byline); ranking 8/15; contact 30/30; sponsorship unknown; conflict 25/25; price plausibility 14/20 inferred for an independent site; no published rate and no claim that they accept $50–100,"Stay roundup with a contact or about link. Classified as an independent publisher from the page, not from the domain name."
romantic getaways in california,1300,12,northern california romantic getaways,https://carriegreenzinn.com/northern-california-romantic-getaways/,carriegreenzinn.com,30,75.7,California,Travel blog,2026-09-11,Paid outreach,outreach_ready,Independent stay article with a contact route. Suggested insertion: “12 Best Northern California Romantic Getaways For Couples (2026)”.,65,65,observed,12 Best Northern California Romantic Getaways For Couples (2026),"In “12 Best Northern California Romantic Getaways For Couples (2026)”, HHT’s California guide would add a list of hotels that marks private hot tubs separately from shared facilities.",https://carriegreenzinn.com/about/,https://hotelhottubs.com/california,topic 32/35; insertion 25/25; credibility 0/25 (no firsthand; no author byline); ranking 8/15; contact 18/30; openness 25/25; conflict 8/25; price plausibility 14/20 inferred for an independent site; no published rate and no claim that they accept $50–100,"Independent publisher with an overnight-travel article. Affiliate links, when present, do not make this a booking marketplace."
romantic getaways in northern California,,13,northern california romantic getaways,https://carriegreenzinn.com/northern-california-romantic-getaways/,carriegreenzinn.com,30,75.7,National,Travel blog,2026-09-11,Paid outreach,outreach_ready,Independent stay article with a contact route. Suggested insertion: “12 Best Northern California Romantic Getaways For Couples (2026)”.,65,65,observed,12 Best Northern California Romantic Getaways For Couples (2026),"In “12 Best Northern California Romantic Getaways For Couples (2026)”, HHT’s California guide would add a list of hotels that marks private hot tubs separately from shared facilities.",https://carriegreenzinn.com/about/,https://hotelhottubs.com/california,topic 32/35; insertion 25/25; credibility 0/25 (no firsthand; no author byline); ranking 8/15; contact 18/30; openness 25/25; conflict 8/25; price plausibility 14/20 inferred for an independent site; no published rate and no claim that they accept $50–100,"Independent publisher with an overnight-travel article. Affiliate links, when present, do not make this a booking marketplace."
romantic getaways near Houston,,15,romantic getaways near houston,https://www.territorysupply.com/romantic-getaways-near-houston,territorysupply.com,,64.0,National,Travel blog,2026-09-27,Paid outreach,outreach_ready,"Independent stay article with a contact route. Suggested insertion: “10 Awesomely Romantic Getaways Near Houston, Texas”.",51,64,observed,"10 Awesomely Romantic Getaways Near Houston, Texas","In “10 Awesomely Romantic Getaways Near Houston, Texas”, HHT’s this destination guide would add a list of hotels that marks private hot tubs separately from shared facilities.",https://www.territorysupply.com/contact,https://hotelhottubs.com/editors-choice,topic 22/35; insertion 25/25; credibility 0/25 (no firsthand; no author byline); ranking 4/15; contact 30/30; openness 12/25; conflict 8/25; price plausibility 14/20 inferred for an independent site; no published rate and no claim that they accept $50–100,"Independent publisher with an overnight-travel article. Affiliate links, when present, do not make this a booking marketplace."
romantic getaways in northern California,,15,10 of the most romantic hotels in california,https://thetravnav.com/10-of-the-most-romantic-hotels-in-california/,thetravnav.com,,63.9,National,Travel blog,2026-09-27,Paid outreach,outreach_ready,Independent stay article with a contact route. Suggested insertion: “10 of the Most Romantic Hotels in California”.,66,64,observed,10 of the Most Romantic Hotels in California,"In “10 of the Most Romantic Hotels in California”, HHT’s this destination guide would add a list of hotels that marks private hot tubs separately from shared facilities.",https://thetravnav.com/contact/,https://hotelhottubs.com/editors-choice,topic 22/35; insertion 25/25; credibility 15/25 (firsthand; no author byline); ranking 4/15; contact 30/30; openness 12/25; conflict 8/25; price plausibility 14/20 inferred for an independent site; no published rate and no claim that they accept $50–100,"Independent publisher with an overnight-travel article. Affiliate links, when present, do not make this a booking marketplace."
romantic resorts in north carolina,1900,1,5 romantic inns in western nc for a lovers weekend getaway,https://imfixintoblog.com/5-romantic-inns-in-western-nc-for-a-lovers-weekend-getaway/,imfixintoblog.com,36,83.5,North Carolina,Travel blog,2026-09-11,Paid outreach,outreach_ready,Independent stay article with a contact route. Suggested insertion: “12 Romantic Inns in Western NC for a Cozy Fall Getaway (2026 Update)”.,87,57,observed,12 Romantic Inns in Western NC for a Cozy Fall Getaway (2026 Update),"In “12 Romantic Inns in Western NC for a Cozy Fall Getaway (2026 Update)”, HHT’s North Carolina guide would add a list of hotels that marks private hot tubs separately from shared facilities.",https://imfixintoblog.com/about,https://hotelhottubs.com/north-carolina,topic 32/35; insertion 25/25; credibility 15/25 (firsthand; no author byline); ranking 15/15; contact 18/30; sponsorship unknown; conflict 25/25; price plausibility 14/20 inferred for an independent site; no published rate and no claim that they accept $50–100,"Independent publisher with an overnight-travel article. Affiliate links, when present, do not make this a booking marketplace."
weekend getaways in colorado,1000,1,8 amazing weekend trips from denver colorado,https://www.sweetlittlejourney.com/8-amazing-weekend-trips-from-denver-colorado/,sweetlittlejourney.com,25,79.3,Colorado,Travel blog,2026-09-11,Paid outreach,outreach_ready,Independent stay article with a contact route. Suggested insertion: “Where to stay in Aspen”.,87,57,observed,Where to stay in Aspen,"In “Where to stay in Aspen”, HHT’s Colorado guide would add a list of hotels that marks private hot tubs separately from shared facilities.",https://www.sweetlittlejourney.com/about/,https://hotelhottubs.com/colorado,topic 32/35; insertion 25/25; credibility 15/25 (firsthand; no author byline); ranking 15/15; contact 18/30; sponsorship unknown; conflict 25/25; price plausibility 14/20 inferred for an independent site; no published rate and no claim that they accept $50–100,"Independent publisher with an overnight-travel article. Affiliate links, when present, do not make this a booking marketplace."
romantic getaways near Nashville,,3,nashville anniversary ideas nashville romantic weekend,https://www.yourcinematiclife.com/blog/nashville-anniversary-ideas-nashville-romantic-weekend,yourcinematiclife.com,,68.9,National,Travel blog,2026-09-27,Paid outreach,outreach_ready,Independent stay article with a contact route. Suggested insertion: “Romantic places to stay in Nashville TN”.,72,57,observed,Romantic places to stay in Nashville TN,"In “Romantic places to stay in Nashville TN”, HHT’s this destination guide would add a list of hotels that marks private hot tubs separately from shared facilities.",https://www.saucedbklyn.com/about-us/,https://hotelhottubs.com/editors-choice,topic 22/35; insertion 25/25; credibility 10/25 (no firsthand; author); ranking 15/15; contact 18/30; sponsorship unknown; conflict 25/25; price plausibility 14/20 inferred for an independent site; no published rate and no claim that they accept $50–100,"Independent publisher with an overnight-travel article. Affiliate links, when present, do not make this a booking marketplace."
romantic getaways in north carolina,1900,4,5 romantic inns in western nc for a lovers weekend getaway,https://imfixintoblog.com/5-romantic-inns-in-western-nc-for-a-lovers-weekend-getaway/,imfixintoblog.com,36,83.5,North Carolina,Travel blog,2026-09-11,Paid outreach,outreach_ready,Independent stay article with a contact route. Suggested insertion: “12 Romantic Inns in Western NC for a Cozy Fall Getaway (2026 Update)”.,87,57,observed,12 Romantic Inns in Western NC for a Cozy Fall Getaway (2026 Update),"In “12 Romantic Inns in Western NC for a Cozy Fall Getaway (2026 Update)”, HHT’s North Carolina guide would add a list of hotels that marks private hot tubs separately from shared facilities.",https://imfixintoblog.com/about,https://hotelhottubs.com/north-carolina,topic 32/35; insertion 25/25; credibility 15/25 (firsthand; no author byline); ranking 15/15; contact 18/30; sponsorship unknown; conflict 25/25; price plausibility 14/20 inferred for an independent site; no published rate and no claim that they accept $50–100,"Independent publisher with an overnight-travel article. Affiliate links, when present, do not make this a booking marketplace."
romantic getaways in maine,590,4,romantic getaways in maine,https://wolfcoveinn.com/romantic-getaways-in-maine,wolfcoveinn.com,,79.7,Maine,Travel blog,2026-09-27,Paid outreach,outreach_ready,Independent stay article with a contact route. Suggested insertion: “Romantic Getaways in Maine”.,72,57,inferred,Romantic Getaways in Maine,"In “Romantic Getaways in Maine”, HHT’s Maine guide would add a list of hotels that marks private hot tubs separately from shared facilities.",https://wolfcoveinn.com/about-us,https://hotelhottubs.com/maine,topic 32/35; insertion 25/25; credibility 0/25 (no firsthand; no author byline); ranking 15/15; contact 18/30; sponsorship unknown; conflict 25/25; price plausibility 14/20 inferred for an independent site; no published rate and no claim that they accept $50–100,"Stay roundup with a contact or about link. Classified as an independent publisher from the page, not from the domain name."
romantic getaways in Maine,,4,romantic getaways in maine,https://wolfcoveinn.com/romantic-getaways-in-maine,wolfcoveinn.com,,79.7,National,Travel blog,2026-09-27,Paid outreach,outreach_ready,Independent stay article with a contact route. Suggested insertion: “Romantic Getaways in Maine”.,72,57,inferred,Romantic Getaways in Maine,"In “Romantic Getaways in Maine”, HHT’s Maine guide would add a list of hotels that marks private hot tubs separately from shared facilities.",https://wolfcoveinn.com/about-us,https://hotelhottubs.com/maine,topic 32/35; insertion 25/25; credibility 0/25 (no firsthand; no author byline); ranking 15/15; contact 18/30; sponsorship unknown; conflict 25/25; price plausibility 14/20 inferred for an independent site; no published rate and no claim that they accept $50–100,"Stay roundup with a contact or about link. Classified as an independent publisher from the page, not from the domain name."
weekend getaways in illinois,590,4,plan a quiet weekend getaway in southwest illinois,https://www.riversandroutes.com/blog/plan-a-quiet-weekend-getaway-in-southwest-illinois/,riversandroutes.com,,78.7,Illinois,Travel blog,2026-09-27,Paid outreach,outreach_ready,Independent stay article with a contact route. Suggested insertion: “Where to Stay”.,72,57,inferred,Where to Stay,"In “Where to Stay”, HHT’s Illinois guide would add a list of hotels that marks private hot tubs separately from shared facilities.",https://www.riversandroutes.com/about/,https://hotelhottubs.com/illinois,topic 32/35; insertion 25/25; credibility 0/25 (no firsthand; no author byline); ranking 15/15; contact 18/30; sponsorship unknown; conflict 25/25; price plausibility 14/20 inferred for an independent site; no published rate and no claim that they accept $50–100,"Stay roundup with a contact or about link. Classified as an independent publisher from the page, not from the domain name."
couples getaways in north carolina,480,5,5 romantic inns in western nc for a lovers weekend getaway,https://imfixintoblog.com/5-romantic-inns-in-western-nc-for-a-lovers-weekend-getaway/,imfixintoblog.com,36,83.5,North Carolina,Travel blog,2026-09-11,Paid outreach,outreach_ready,Independent stay article with a contact route. Suggested insertion: “12 Romantic Inns in Western NC for a Cozy Fall Getaway (2026 Update)”.,87,57,observed,12 Romantic Inns in Western NC for a Cozy Fall Getaway (2026 Update),"In “12 Romantic Inns in Western NC for a Cozy Fall Getaway (2026 Update)”, HHT’s North Carolina guide would add a list of hotels that marks private hot tubs separately from shared facilities.",https://imfixintoblog.com/about,https://hotelhottubs.com/north-carolina,topic 32/35; insertion 25/25; credibility 15/25 (firsthand; no author byline); ranking 15/15; contact 18/30; sponsorship unknown; conflict 25/25; price plausibility 14/20 inferred for an independent site; no published rate and no claim that they accept $50–100,"Independent publisher with an overnight-travel article. Affiliate links, when present, do not make this a booking marketplace."
romantic getaways in iowa,480,5,romantic getaways in iowa,https://mwinns.com/category/things-to-do-in-iowa/romantic-getaways-in-iowa/,mwinns.com,30,76.1,Iowa,Travel blog,2026-09-27,Paid outreach,outreach_ready,Independent stay article with a contact route. Suggested insertion: “Blog Category: Romantic getaways in Iowa”.,72,57,inferred,Blog Category: Romantic getaways in Iowa,"In “Blog Category: Romantic getaways in Iowa”, HHT’s Iowa guide would add a list of hotels that marks private hot tubs separately from shared facilities.",https://mwinns.com/about-us/,https://hotelhottubs.com/iowa,topic 32/35; insertion 25/25; credibility 0/25 (no firsthand; no author byline); ranking 15/15; contact 18/30; sponsorship unknown; conflict 25/25; price plausibility 14/20 inferred for an independent site; no published rate and no claim that they accept $50–100,"Stay roundup with a contact or about link. Classified as an independent publisher from the page, not from the domain name."
romantic getaways in nebraska,140,6,romantic getaways in nebraska,https://mwinns.com/category/things-to-do-in-nebraska/romantic-getaways-in-nebraska/,mwinns.com,30,77.1,Nebraska,Travel blog,2026-09-27,Paid outreach,outreach_ready,Independent stay article with a contact route. Suggested insertion: “Blog Category: Romantic getaways in Nebraska”.,68,57,inferred,Blog Category: Romantic getaways in Nebraska,"In “Blog Category: Romantic getaways in Nebraska”, HHT’s Nebraska guide would add a list of hotels that marks private hot tubs separately from shared facilities.",https://mwinns.com/about-us/,https://hotelhottubs.com/nebraska,topic 32/35; insertion 25/25; credibility 0/25 (no firsthand; no author byline); ranking 11/15; contact 18/30; sponsorship unknown; conflict 25/25; price plausibility 14/20 inferred for an independent site; no published rate and no claim that they accept $50–100,"Stay roundup with a contact or about link. Classified as an independent publisher from the page, not from the domain name."
romantic getaways in Lake Tahoe,,6,4 romantic ideas for a fall lake tahoe getaway,https://visitlaketahoe.com/thing-to-do/4-romantic-ideas-for-a-fall-lake-tahoe-getaway/,visitlaketahoe.com,,56.4,National,Tourism,2026-09-27,Paid outreach,outreach_ready,Independent stay article with a contact route. Suggested insertion: “Where to Stay”.,58,57,observed,Where to Stay,"In “Where to Stay”, HHT’s this destination guide would add a list of hotels that marks private hot tubs separately from shared facilities.",https://visitlaketahoe.com/about-us/,https://hotelhottubs.com/editors-choice,topic 22/35; insertion 25/25; credibility 0/25 (no firsthand; no author byline); ranking 11/15; contact 18/30; sponsorship unknown; conflict 25/25; price plausibility 14/20 inferred for an independent site; no published rate and no claim that they accept $50–100,"Independent publisher with an overnight-travel article. Affiliate links, when present, do not make this a booking marketplace."
romantic getaways in the Adirondacks,,8,romantic adirondack getaways why couples love hotel saranac,https://hotelsaranac.com/blog/romantic-adirondack-getaways-why-couples-love-hotel-saranac,hotelsaranac.com,,65.5,National,Travel blog,2026-09-27,Paid outreach,outreach_ready,Independent stay article with a contact route. Suggested insertion: “Romantic Adirondack Getaways: Why Couples Love Hotel Saranac”.,58,57,inferred,Romantic Adirondack Getaways: Why Couples Love Hotel Saranac,"In “Romantic Adirondack Getaways: Why Couples Love Hotel Saranac”, HHT’s this destination guide would add a list of hotels that marks private hot tubs separately from shared facilities.",https://hotelsaranac.com/about/contact-us,https://hotelhottubs.com/editors-choice,topic 22/35; insertion 25/25; credibility 0/25 (no firsthand; no author byline); ranking 11/15; contact 18/30; sponsorship unknown; conflict 25/25; price plausibility 14/20 inferred for an independent site; no published rate and no claim that they accept $50–100,"Stay roundup with a contact or about link. Classified as an independent publisher from the page, not from the domain name."
romantic getaways from Dallas,,9,5 best weekend road trips from dallas,https://roadtripqueens.blog/2026/04/05/5-best-weekend-road-trips-from-dallas/,roadtripqueens.blog,,65.0,National,Travel blog,2026-09-27,Paid outreach,outreach_ready,Independent stay article with a contact route. Suggested insertion: “body mention of where to stay”.,58,57,inferred,body mention of where to stay,"In “body mention of where to stay”, HHT’s this destination guide would add a list of hotels that marks private hot tubs separately from shared facilities.",https://roadtripqueens.blog/about-us/,https://hotelhottubs.com/editors-choice,topic 22/35; insertion 25/25; credibility 0/25 (no firsthand; no author byline); ranking 11/15; contact 18/30; sponsorship unknown; conflict 25/25; price plausibility 14/20 inferred for an independent site; no published rate and no claim that they accept $50–100,"Stay roundup with a contact or about link. Classified as an independent publisher from the page, not from the domain name."
romantic getaways in arkansas,880,10,12 romantic retreats for an arkansas getaway,https://aymag.com/12-romantic-retreats-for-an-arkansas-getaway/,aymag.com,40,76.2,Arkansas,Travel blog,2026-09-11,Paid outreach,outreach_ready,Independent stay article with a contact route. Suggested insertion: “body mention of where to stay”.,78,57,observed,body mention of where to stay,"In “body mention of where to stay”, HHT’s Arkansas guide would add a list of hotels that marks private hot tubs separately from shared facilities.",https://aymag.com/about-us/,https://hotelhottubs.com/arkansas,topic 32/35; insertion 25/25; credibility 10/25 (no firsthand; author); ranking 11/15; contact 18/30; sponsorship unknown; conflict 25/25; price plausibility 14/20 inferred for an independent site; no published rate and no claim that they accept $50–100,"Independent publisher with an overnight-travel article. Affiliate links, when present, do not make this a booking marketplace."
romantic getaways in Minnesota,,10,best romantic getaways in minnesota,https://mwinns.com/blog/best-romantic-getaways-in-minnesota/,mwinns.com,30,65.0,National,Travel blog,2026-09-27,Paid outreach,outreach_ready,Independent stay article with a contact route. Suggested insertion: “The Ultimate Romantic Getaways in Minnesota”.,58,57,inferred,The Ultimate Romantic Getaways in Minnesota,"In “The Ultimate Romantic Getaways in Minnesota”, HHT’s this destination guide would add a list of hotels that marks private hot tubs separately from shared facilities.",https://mwinns.com/about-us/,https://hotelhottubs.com/editors-choice,topic 22/35; insertion 25/25; credibility 0/25 (no firsthand; no author byline); ranking 11/15; contact 18/30; sponsorship unknown; conflict 25/25; price plausibility 14/20 inferred for an independent site; no published rate and no claim that they accept $50–100,"Stay roundup with a contact or about link. Classified as an independent publisher from the page, not from the domain name."
weekend getaways in iowa,390,12,romantic getaways in iowa,https://mwinns.com/category/things-to-do-in-iowa/romantic-getaways-in-iowa/,mwinns.com,30,76.1,Iowa,Travel blog,2026-09-27,Paid outreach,outreach_ready,Independent stay article with a contact route. Suggested insertion: “Blog Category: Romantic getaways in Iowa”.,72,57,inferred,Blog Category: Romantic getaways in Iowa,"In “Blog Category: Romantic getaways in Iowa”, HHT’s Iowa guide would add a list of hotels that marks private hot tubs separately from shared facilities.",https://mwinns.com/about-us/,https://hotelhottubs.com/iowa,topic 32/35; insertion 25/25; credibility 0/25 (no firsthand; no author byline); ranking 15/15; contact 18/30; sponsorship unknown; conflict 25/25; price plausibility 14/20 inferred for an independent site; no published rate and no claim that they accept $50–100,"Stay roundup with a contact or about link. Classified as an independent publisher from the page, not from the domain name."
romantic getaways in colorado,1600,12,things for couples to do in colorado,https://bestcoloradomountaingetaways.com/things-for-couples-to-do-in-colorado/,bestcoloradomountaingetaways.com,10,72.4,Colorado,Travel blog,2026-09-11,Paid outreach,outreach_ready,Independent stay article with a contact route. Suggested insertion: “body mention of where to stay”.,80,57,observed,body mention of where to stay,"In “body mention of where to stay”, HHT’s Colorado guide would add a list of hotels that marks private hot tubs separately from shared facilities.",https://bestcoloradomountaingetaways.com/about/,https://hotelhottubs.com/colorado,topic 32/35; insertion 25/25; credibility 15/25 (firsthand; no author byline); ranking 8/15; contact 18/30; sponsorship unknown; conflict 25/25; price plausibility 14/20 inferred for an independent site; no published rate and no claim that they accept $50–100,"Independent publisher with an overnight-travel article. Affiliate links, when present, do not make this a booking marketplace."
romantic getaways in iowa,480,12,romantic getaways iowa and lake okoboji,https://theoakwoodinnokoboji.com/romantic-getaways-iowa-and-lake-okoboji/,theoakwoodinnokoboji.com,,72.2,Iowa,Travel blog,2026-09-27,Paid outreach,outreach_ready,"Independent stay article with a contact route. Suggested insertion: “Romantic Getaways Near Lake Okoboji, Iowa”.",65,57,inferred,"Romantic Getaways Near Lake Okoboji, Iowa","In “Romantic Getaways Near Lake Okoboji, Iowa”, HHT’s Iowa guide would add a list of hotels that marks private hot tubs separately from shared facilities.",https://theoakwoodinnokoboji.com/about-us/,https://hotelhottubs.com/iowa,topic 32/35; insertion 25/25; credibility 0/25 (no firsthand; no author byline); ranking 8/15; contact 18/30; sponsorship unknown; conflict 25/25; price plausibility 14/20 inferred for an independent site; no published rate and no claim that they accept $50–100,"Stay roundup with a contact or about link. Classified as an independent publisher from the page, not from the domain name."
romantic getaways in Rhode Island,,13,the knot your guide to the best romantic getaways in rhode island,https://www.discovernewport.org/articles/post/the-knot-your-guide-to-the-best-romantic-getaways-in-rhode-island/,discovernewport.org,,50.5,National,Tourism,2026-09-27,Paid outreach,outreach_ready,Independent stay article with a contact route. Suggested insertion: “Dog Friendly Hotels”.,51,57,inferred,Dog Friendly Hotels,"In “Dog Friendly Hotels”, HHT’s this destination guide would add a list of hotels that marks private hot tubs separately from shared facilities.",https://www.discovernewport.org/about-us/contact-us/,https://hotelhottubs.com/editors-choice,topic 22/35; insertion 25/25; credibility 0/25 (no firsthand; no author byline); ranking 4/15; contact 18/30; sponsorship unknown; conflict 25/25; price plausibility 14/20 inferred for an independent site; no published rate and no claim that they accept $50–100,"Stay roundup with a contact or about link. Classified as an independent publisher from the page, not from the domain name."
romantic places to stay in Asheville,,14,5 romantic inns in western nc for a lovers weekend getaway,https://imfixintoblog.com/5-romantic-inns-in-western-nc-for-a-lovers-weekend-getaway/,imfixintoblog.com,36,83.5,National,Travel blog,2026-09-11,Paid outreach,outreach_ready,Independent stay article with a contact route. Suggested insertion: “12 Romantic Inns in Western NC for a Cozy Fall Getaway (2026 Update)”.,87,57,observed,12 Romantic Inns in Western NC for a Cozy Fall Getaway (2026 Update),"In “12 Romantic Inns in Western NC for a Cozy Fall Getaway (2026 Update)”, HHT’s North Carolina guide would add a list of hotels that marks private hot tubs separately from shared facilities.",https://imfixintoblog.com/about,https://hotelhottubs.com/north-carolina,topic 32/35; insertion 25/25; credibility 15/25 (firsthand; no author byline); ranking 15/15; contact 18/30; sponsorship unknown; conflict 25/25; price plausibility 14/20 inferred for an independent site; no published rate and no claim that they accept $50–100,"Independent publisher with an overnight-travel article. Affiliate links, when present, do not make this a booking marketplace."
romantic getaways in arkansas,880,14,travel arkansas romantic getaways,https://aymag.com/travel-arkansas-romantic-getaways/,aymag.com,40,74.0,Arkansas,Travel blog,2026-09-11,Paid outreach,outreach_ready,Independent stay article with a contact route. Suggested insertion: “Travel Arkansas: Romantic Getaways”.,75,57,observed,Travel Arkansas: Romantic Getaways,"In “Travel Arkansas: Romantic Getaways”, HHT’s Arkansas guide would add a list of hotels that marks private hot tubs separately from shared facilities.",https://aymag.com/about-us/,https://hotelhottubs.com/arkansas,topic 32/35; insertion 25/25; credibility 10/25 (no firsthand; author); ranking 8/15; contact 18/30; sponsorship unknown; conflict 25/25; price plausibility 14/20 inferred for an independent site; no published rate and no claim that they accept $50–100,"Independent publisher with an overnight-travel article. Affiliate links, when present, do not make this a booking marketplace."
weekend getaways in iowa,390,15,romantic getaways iowa and lake okoboji,https://theoakwoodinnokoboji.com/romantic-getaways-iowa-and-lake-okoboji/,theoakwoodinnokoboji.com,,72.2,Iowa,Travel blog,2026-09-27,Paid outreach,outreach_ready,"Independent stay article with a contact route. Suggested insertion: “Romantic Getaways Near Lake Okoboji, Iowa”.",65,57,inferred,"Romantic Getaways Near Lake Okoboji, Iowa","In “Romantic Getaways Near Lake Okoboji, Iowa”, HHT’s Iowa guide would add a list of hotels that marks private hot tubs separately from shared facilities.",https://theoakwoodinnokoboji.com/about-us/,https://hotelhottubs.com/iowa,topic 32/35; insertion 25/25; credibility 0/25 (no firsthand; no author byline); ranking 8/15; contact 18/30; sponsorship unknown; conflict 25/25; price plausibility 14/20 inferred for an independent site; no published rate and no claim that they accept $50–100,"Stay roundup with a contact or about link. Classified as an independent publisher from the page, not from the domain name."
romantic getaways in Sonoma County,,16,best places to stay santa rosa couples luxury vacation,https://www.wander.com/article/best-places-to-stay-santa-rosa-couples-luxury-vacation,wander.com,,60.5,National,Travel blog,2026-09-27,Paid outreach,outreach_ready,Independent stay article with a contact route. Suggested insertion: “The Most Romantic Places to Stay in Santa Rosa for Couples Seeking a Luxury Escape”.,51,57,inferred,The Most Romantic Places to Stay in Santa Rosa for Couples Seeking a Luxury Escape,"In “The Most Romantic Places to Stay in Santa Rosa for Couples Seeking a Luxury Escape”, HHT’s this destination guide would add a list of hotels that marks private hot tubs separately from shared facilities.",https://www.wander.com/about,https://hotelhottubs.com/editors-choice,topic 22/35; insertion 25/25; credibility 0/25 (no firsthand; no author byline); ranking 4/15; contact 18/30; sponsorship unknown; conflict 25/25; price plausibility 14/20 inferred for an independent site; no published rate and no claim that they accept $50–100,"Stay roundup with a contact or about link. Classified as an independent publisher from the page, not from the domain name."
romantic getaways in vermont,720,17,romantic getaways in vermont,https://www.fourchimneys.com/romantic-getaways-in-vermont,fourchimneys.com,,72.5,Vermont,Travel blog,2026-09-27,Paid outreach,outreach_ready,Independent stay article with a contact route. Suggested insertion: “Romantic Getaways in Vermont”.,65,57,inferred,Romantic Getaways in Vermont,"In “Romantic Getaways in Vermont”, HHT’s Vermont guide would add a list of hotels that marks private hot tubs separately from shared facilities.",https://www.fourchimneys.com/about-us,https://hotelhottubs.com/vermont,topic 32/35; insertion 25/25; credibility 0/25 (no firsthand; no author byline); ranking 8/15; contact 18/30; sponsorship unknown; conflict 25/25; price plausibility 14/20 inferred for an independent site; no published rate and no claim that they accept $50–100,"Stay roundup with a contact or about link. Classified as an independent publisher from the page, not from the domain name."
romantic getaways in Vermont,,17,romantic getaways in vermont,https://www.fourchimneys.com/romantic-getaways-in-vermont,fourchimneys.com,,72.5,National,Travel blog,2026-09-27,Paid outreach,outreach_ready,Independent stay article with a contact route. Suggested insertion: “Romantic Getaways in Vermont”.,65,57,inferred,Romantic Getaways in Vermont,"In “Romantic Getaways in Vermont”, HHT’s Vermont guide would add a list of hotels that marks private hot tubs separately from shared facilities.",https://www.fourchimneys.com/about-us,https://hotelhottubs.com/vermont,topic 32/35; insertion 25/25; credibility 0/25 (no firsthand; no author byline); ranking 8/15; contact 18/30; sponsorship unknown; conflict 25/25; price plausibility 14/20 inferred for an independent site; no published rate and no claim that they accept $50–100,"Stay roundup with a contact or about link. Classified as an independent publisher from the page, not from the domain name."
romantic getaways in Maine,,18,romantic getaways in maine,https://www.docksidegq.com/blog/romantic-getaways-in-maine/,docksidegq.com,,71.8,National,Travel blog,2026-09-27,Paid outreach,outreach_ready,Independent stay article with a contact route. Suggested insertion: “Your Guide to Fantastic Romantic Getaways in Maine”.,65,57,inferred,Your Guide to Fantastic Romantic Getaways in Maine,"In “Your Guide to Fantastic Romantic Getaways in Maine”, HHT’s Maine guide would add a list of hotels that marks private hot tubs separately from shared facilities.",https://www.docksidegq.com/about-us.html,https://hotelhottubs.com/maine,topic 32/35; insertion 25/25; credibility 0/25 (no firsthand; no author byline); ranking 8/15; contact 18/30; sponsorship unknown; conflict 25/25; price plausibility 14/20 inferred for an independent site; no published rate and no claim that they accept $50–100,"Stay roundup with a contact or about link. Classified as an independent publisher from the page, not from the domain name."
romantic getaways in maine,590,18,romantic getaways in maine,https://www.docksidegq.com/blog/romantic-getaways-in-maine/,docksidegq.com,,71.8,Maine,Travel blog,2026-09-27,Paid outreach,outreach_ready,Independent stay article with a contact route. Suggested insertion: “Your Guide to Fantastic Romantic Getaways in Maine”.,65,57,inferred,Your Guide to Fantastic Romantic Getaways in Maine,"In “Your Guide to Fantastic Romantic Getaways in Maine”, HHT’s Maine guide would add a list of hotels that marks private hot tubs separately from shared facilities.",https://www.docksidegq.com/about-us.html,https://hotelhottubs.com/maine,topic 32/35; insertion 25/25; credibility 0/25 (no firsthand; no author byline); ranking 8/15; contact 18/30; sponsorship unknown; conflict 25/25; price plausibility 14/20 inferred for an independent site; no published rate and no claim that they accept $50–100,"Stay roundup with a contact or about link. Classified as an independent publisher from the page, not from the domain name."
weekend getaways in arkansas,590,19,12 romantic retreats for an arkansas getaway,https://aymag.com/12-romantic-retreats-for-an-arkansas-getaway/,aymag.com,40,76.2,Arkansas,Travel blog,2026-09-11,Paid outreach,outreach_ready,Independent stay article with a contact route. Suggested insertion: “body mention of where to stay”.,78,57,observed,body mention of where to stay,"In “body mention of where to stay”, HHT’s Arkansas guide would add a list of hotels that marks private hot tubs separately from shared facilities.",https://aymag.com/about-us/,https://hotelhottubs.com/arkansas,topic 32/35; insertion 25/25; credibility 10/25 (no firsthand; author); ranking 11/15; contact 18/30; sponsorship unknown; conflict 25/25; price plausibility 14/20 inferred for an independent site; no published rate and no claim that they accept $50–100,"Independent publisher with an overnight-travel article. Affiliate links, when present, do not make this a booking marketplace."
weekend getaways in colorado,1000,19,cool places to stay in colorado,https://smalltownstops.com/cool-places-to-stay-in-colorado/,smalltownstops.com,13,69.2,Colorado,Travel blog,2026-09-11,Paid outreach,outreach_ready,Independent stay article with a contact route. Suggested insertion: “The Bucket List of Unique and Cool Places to Stay in Colorado”.,80,57,observed,The Bucket List of Unique and Cool Places to Stay in Colorado,"In “The Bucket List of Unique and Cool Places to Stay in Colorado”, HHT’s Colorado guide would add a list of hotels that marks private hot tubs separately from shared facilities.",https://smalltownstops.com/about-us/,https://hotelhottubs.com/colorado,topic 32/35; insertion 25/25; credibility 15/25 (firsthand; no author byline); ranking 8/15; contact 18/30; sponsorship unknown; conflict 25/25; price plausibility 14/20 inferred for an independent site; no published rate and no claim that they accept $50–100,"Independent publisher with an overnight-travel article. Affiliate links, when present, do not make this a booking marketplace."
romantic getaways near Houston,,8,romantic weekend getaways near houston,https://spoonmountainglamping.com/things-to-do-in-wimberley/romantic-weekend-getaways-near-houston/,spoonmountainglamping.com,,67.9,National,Travel blog,2026-09-27,Paid outreach,outreach_ready,Independent stay article with a contact route. Suggested insertion: “10 Romantic Weekend Getaways Near Houston (Owner Picks)”.,68,52,observed,10 Romantic Weekend Getaways Near Houston (Owner Picks),"In “10 Romantic Weekend Getaways Near Houston (Owner Picks)”, HHT’s this destination guide would add a list of hotels that marks private hot tubs separately from shared facilities.",https://spoonmountainglamping.com/contact-spoon-mountain-glamping/,https://hotelhottubs.com/editors-choice,topic 22/35; insertion 25/25; credibility 10/25 (no firsthand; author); ranking 11/15; contact 30/30; sponsorship unknown; conflict 8/25; price plausibility 14/20 inferred for an independent site; no published rate and no claim that they accept $50–100,"Independent publisher with an overnight-travel article. Affiliate links, when present, do not make this a booking marketplace."
romantic hotels in Eureka Springs,,15,romantic getaways eureka springs,https://www.cliffcottage.com/articles/romantic-getaways-eureka-springs,cliffcottage.com,,60.4,National,Travel blog,2026-09-27,Paid outreach,outreach_ready,Independent stay article with a contact route. Suggested insertion: “body mention of where to stay”.,76,52,observed,body mention of where to stay,"In “body mention of where to stay”, HHT’s this destination guide would add a list of hotels that marks private hot tubs separately from shared facilities.",https://www.cliffcottage.com/contact,https://hotelhottubs.com/editors-choice,topic 22/35; insertion 25/25; credibility 25/25 (firsthand; author); ranking 4/15; contact 30/30; sponsorship unknown; conflict 8/25; price plausibility 14/20 inferred for an independent site; no published rate and no claim that they accept $50–100,"Independent publisher with an overnight-travel article. Affiliate links, when present, do not make this a booking marketplace."
romantic places to stay in Eureka Springs,,18,romantic getaways eureka springs,https://www.cliffcottage.com/articles/romantic-getaways-eureka-springs,cliffcottage.com,,60.4,National,Travel blog,2026-09-27,Paid outreach,outreach_ready,Independent stay article with a contact route. Suggested insertion: “body mention of where to stay”.,76,52,observed,body mention of where to stay,"In “body mention of where to stay”, HHT’s this destination guide would add a list of hotels that marks private hot tubs separately from shared facilities.",https://www.cliffcottage.com/contact,https://hotelhottubs.com/editors-choice,topic 22/35; insertion 25/25; credibility 25/25 (firsthand; author); ranking 4/15; contact 30/30; sponsorship unknown; conflict 8/25; price plausibility 14/20 inferred for an independent site; no published rate and no claim that they accept $50–100,"Independent publisher with an overnight-travel article. Affiliate links, when present, do not make this a booking marketplace."
romantic getaways in utah,480,19,romantic getaways in utah,https://americanswobsessed.com/romantic-getaways-in-utah/,americanswobsessed.com,,71.2,Utah,Travel blog,2026-09-27,Paid outreach,outreach_ready,Independent stay article with a contact route. Suggested insertion: “15 Romantic Getaways in Utah Ultimate Guide 2026”.,75,40,observed,15 Romantic Getaways in Utah Ultimate Guide 2026,"In “15 Romantic Getaways in Utah Ultimate Guide 2026”, HHT’s Utah guide would add a list of hotels that marks private hot tubs separately from shared facilities.",https://americanswobsessed.com/home/about-us/,https://hotelhottubs.com/utah,topic 32/35; insertion 25/25; credibility 10/25 (no firsthand; author); ranking 8/15; contact 18/30; sponsorship unknown; conflict 8/25; price plausibility 14/20 inferred for an independent site; no published rate and no claim that they accept $50–100,"Independent publisher with an overnight-travel article. Affiliate links, when present, do not make this a booking marketplace."
